100000
1 2254257
1 9549656
1 1058756
1 4279348
1 1978347
1 8312021
1 7541208
1 7922960
1 6368886
1 3522457
1 1574702
1 8184876
1 475591
1 6539906
1 7260626
1 35333
1 7472357
1 4468285
1 3837993
1 9917908
1 1715087
1 5325585
1 513214
1 374502
1 426910
1 9083394
1 154433
1 6395545
1 3633934
1 7081940
1 487223
1 8852152
1 3719368
1 7346534
1 8318349
1 9275444
1 3910508
1 5799890
1 3873297
1 3670536
1 7710866
1 4861728
1 360537
1 6982340
1 9335754
1 1677726
1 3118989
1 4972605
1 2028196
1 5581698
1 8402024
1 7081780
1 8518081
1 3185149
1 5089679
1 4767403
1 9857966
1 8377905
1 8477255
1 6599378
1 9881818
1 579247
1 8056871
1 4072500
1 6782828
1 6951035
1 2902582
1 6159315
1 9207315
1 6286473
1 1450685
1 7364554
1 8529981
1 1810786
1 2746401
1 8739896
1 6597725
1 6216338
1 8215693
1 496185
1 7873885
1 729595
1 5176264
1 9951971
1 9700182
1 6603506
1 2857985
1 2828542
1 8426164
1 3807376
1 206386
1 3347329
1 9053278
1 9199592
1 3895269
1 6785626
1 8619658
1 5768441
1 9693788
1 5926956
1 7702952
1 4517759
1 9193852
1 95783
1 6437243
1 8598322
1 2168445
1 8701977
1 9418022
1 3447470
1 7148615
1 941592
1 8071549
1 6119255
1 9563001
1 9301308
1 3352749
1 8467804
1 6935701
1 8135693
1 5985942
1 6952889
1 5806224
1 26587
1 9034175
1 9061534
1 5555564
1 7686427
1 469342
1 3852133
1 2973111
1 9240156
1 9805626
1 3033052
1 1536816
1 9244734
1 4283123
1 544573
1 1182013
1 1396437
1 280022
1 7600058
1 244275
1 4717697
1 4186909
1 4507060
1 1836914
1 3097244
1 5778456
1 4870162
1 1166274
1 2809685
1 2678071
1 4281815
1 8847974
1 2821004
1 4578744
1 4940768
1 7628627
1 5402293
1 8329781
1 7948558
1 1915801
1 396522
1 5234574
1 6485352
1 5760330
1 7061843
1 3154776
1 4335582
1 1824718
1 4252322
1 8558325
1 3507964
1 7241978
1 349269
1 3781148
1 299716
1 6665845
1 2457220
1 592672
1 2688172
1 7477076
1 8494460
1 7158251
1 9138585
1 3701049
1 8667101
1 7563924
1 3744603
1 8789506
1 515065
1 6625289
1 9661092
1 5389610
1 7152116
1 986250
1 5009776
1 2108616
1 3558979
1 795914
1 5140314
1 1186600
1 1282553
1 5207037
1 4997593
1 2654279
1 6982211
1 9478132
1 4233866
1 2187600
1 142275
1 9407275
1 636133
1 9908354
1 3650560
1 9567720
1 7731821
1 2877579
1 8537484
1 627860
1 6341264
1 3362279
1 5820534
1 1661369
1 3452109
1 9619765
1 7263697
1 9922201
1 3256770
1 8260274
1 1751947
1 6544129
1 4967275
1 8457518
1 8385251
1 288571
1 5458394
1 6749888
1 4720298
1 303549
1 2633440
1 3369754
1 5498576
1 9451285
1 2267325
1 5689080
1 7201459
1 3574046
1 4471722
1 1617409
1 6362485
1 9187648
1 5768842
1 8964570
1 8128539
1 8934210
1 3936613
1 1095934
1 677807
1 1420698
1 2231655
1 2846995
1 2794288
1 9029644
1 3573013
1 4496460
1 5573952
1 8487400
1 4283076
1 6175827
1 5684986
1 5709038
1 1911141
1 4885781
1 3945825
1 8200582
1 2270728
1 9730064
1 9247106
1 1749444
1 5380888
1 656623
1 6821598
1 1227981
1 6379204
1 2471760
1 2097441
1 5719310
1 1924168
1 9855069
1 6342452
1 1286001
1 9576124
1 9232078
1 3753299
1 9495342
1 1371424
1 4474880
1 6121868
1 4958549
1 9469846
1 8963968
1 1917905
1 7680093
1 4650355
1 1807420
1 767586
1 4961659
1 207731
1 244077
1 1538187
1 6937956
1 1931099
1 671483
1 3152809
1 4020380
1 9844750
1 7063435
1 2718241
1 1938744
1 7564991
1 2808228
1 4050360
1 2666650
1 1725270
1 7299814
1 6346439
1 9108777
1 4932897
1 9230976
1 4251516
1 8002901
1 5275759
1 1679888
1 3483195
1 5325362
1 664716
1 457389
1 176263
1 4958503
1 5372924
1 7547138
1 6564405
1 5255980
1 6686646
1 1056373
1 1076962
1 5324241
1 7648027
1 1868349
1 4195358
1 3610343
1 9108571
1 7867173
1 5969786
1 4346741
1 3073967
1 9086578
1 3486924
1 5155992
1 3342288
1 4133590
1 6047575
1 1365141
1 4710819
1 1500131
1 7514552
1 1518144
1 9636098
1 5685526
1 3815579
1 6551142
1 5146986
1 688742
1 5490199
1 3134199
1 5313933
1 9714119
1 5080297
1 4124647
1 5609183
1 1693620
1 9130587
1 9713763
1 9998592
1 1544240
1 4112062
1 3693595
1 341819
1 4089602
1 6740643
1 1213454
1 4497364
1 9247681
1 1189779
1 1260468
1 360946
1 166379
1 4879175
1 6026231
1 8275547
1 7865735
1 2586704
1 1693399
1 8412592
1 5504496
1 1293640
1 8544133
1 2906520
1 3012624
1 2509249
1 2374616
1 5365085
1 5127501
1 1793110
1 8629499
1 4923936
1 2118959
1 3468530
1 2377006
1 9151853
1 532843
1 5302752
1 9276987
1 3446613
1 2988942
1 5015152
1 7258461
1 9017624
1 2649071
1 814681
1 4148953
1 4237696
1 1080690
1 7494298
1 7217078
1 9215220
1 4197991
1 9082809
1 7371888
1 9027147
1 7605274
1 182310
1 6638919
1 5681925
1 2877587
1 4328003
1 8150088
1 409506
1 6990795
1 9573140
1 317273
1 1045583
1 5954962
1 9731969
1 2320022
1 9958055
1 2099316
1 2323573
1 4347194
1 4645851
1 6673931
1 9463556
1 6729041
1 2888604
1 1497320
1 3917977
1 8153671
1 125446
1 2979266
1 8870143
1 5322431
1 8403701
1 7353738
1 3787130
1 3999263
1 5251014
1 8305934
1 8033382
1 3775915
1 6916342
1 5653108
1 9402076
1 4617515
1 3682081
1 808617
1 1200433
1 8584762
1 6185593
1 2675424
1 8583757
1 3419938
1 5231170
1 5011655
1 5025886
1 9266355
1 6234653
1 2771238
1 7797686
1 9975360
1 1425613
1 2067689
1 8622671
1 9583694
1 6328327
1 2957418
1 2613541
1 4204293
1 7159725
1 3651035
1 9554915
1 874650
1 8305155
1 6603633
1 5838160
1 6442059
1 8641202
1 2764854
1 9130544
1 682978
1 8794179
1 1516690
1 4281275
1 1695277
1 4488345
1 1404587
1 2334149
1 1375870
1 7466846
1 4043146
1 6414824
1 7263219
1 6664580
1 2764117
1 5460434
1 7350584
1 2119466
1 8186719
1 3557023
1 1999621
1 7235350
1 8959948
1 6848863
1 1981221
1 4957256
1 4658570
1 4164379
1 6356039
1 9384740
1 67259
1 3184964
1 8864462
1 7361390
1 9715394
1 352903
1 516879
1 4064099
1 4368733
1 3466270
1 2899979
1 4777842
1 2489914
1 9098945
1 3362946
1 4583966
1 5219990
1 9827054
1 4209105
1 7489290
1 2818229
1 9149907
1 5988718
1 8234413
1 7045869
1 2043465
1 3505519
1 9572150
1 6429975
1 3436338
1 4765525
1 1814274
1 405180
1 1980911
1 9551412
1 221727
1 9148399
1 4972978
1 2291667
1 1261371
1 8394840
1 6270103
1 9606269
1 5221932
1 7334481
1 8439484
1 5986425
1 8864979
1 5430580
1 14172
1 2078710
1 7420803
1 7542233
1 5875595
1 5113681
1 9047874
1 6700866
1 5693602
1 9586753
1 8259408
1 1897425
1 6334375
1 6415366
1 3421110
1 9343039
1 65022
1 4657711
1 8572489
1 3336640
1 7744043
1 8672352
1 6861299
1 5122697
1 2857375
1 7539481
1 8907966
1 3311170
1 6030101
1 8828015
1 59043
1 6529065
1 9719816
1 7144904
1 6799001
1 5637315
1 9805075
1 1136584
1 8266168
1 4154565
1 4880257
1 348568
1 6828309
1 2618671
1 6665881
1 4534188
1 2988879
1 1231663
1 169920
1 5862799
1 4438970
1 6897783
1 9130945
1 5094717
1 2551310
1 7752260
1 4351185
1 8129283
1 2845783
1 7836681
1 8561857
1 761485
1 4543613
1 8561093
1 1654738
1 9909231
1 7090014
1 1170282
1 5958886
1 1124055
1 7423641
1 331205
1 2753791
1 8508793
1 2711653
1 1561177
1 6743161
1 4627082
1 5107039
1 3504582
1 8859926
1 3484767
1 3980118
1 5602674
1 4514232
1 1150148
1 1256358
1 8777801
1 6177507
1 7850673
1 8581863
1 9355830
1 834538
1 2827860
1 4980757
1 9332196
1 4525832
1 5970198
1 3894224
1 6586049
1 9412767
1 6706115
1 2891770
1 8113864
1 4354053
1 5530501
1 3729886
1 4341398
1 4097456
1 512283
1 6754480
1 5310477
1 7243825
1 4167904
1 4514605
1 3186007
1 1217008
1 2778802
1 9716467
1 7441979
1 9754829
1 2486049
1 4395362
1 7707310
1 8834753
1 2726898
1 2325653
1 2316899
1 7393406
1 6058081
1 5196941
1 6723570
1 4034813
1 1943421
1 3459280
1 5125370
1 1144646
1 1784851
1 3818824
1 6660686
1 5391696
1 8260455
1 1677288
1 3133334
1 754650
1 928502
1 390631
1 3633236
1 582394
1 8295669
1 8867366
1 7420350
1 5745242
1 4606594
1 1980837
1 2897226
1 1597708
1 3725635
1 6705949
1 3912749
1 8305105
1 7546625
1 6340013
1 2828597
1 3887571
1 3955006
1 4758714
1 7760734
1 9177464
1 9729656
1 6536294
1 3555209
1 7578216
1 4326423
1 5538448
1 8327085
1 9959267
1 1861358
1 3587769
1 1322923
1 775408
1 258567
1 87701
1 8059748
1 5361569
1 6428150
1 9735042
1 4818675
1 3286392
1 6709688
1 2685494
1 2554718
1 510980
1 254695
1 6497342
1 2435686
1 9102906
1 958309
1 9474833
1 6366783
1 4264242
1 2180683
1 1334098
1 7765993
1 5090233
1 242288
1 595081
1 9009039
1 1020923
1 8806425
1 2163006
1 718312
1 4590082
1 1970261
1 7256312
1 1527359
1 3189532
1 463435
1 8382938
1 2186268
1 4685386
1 3219992
1 7508045
1 6538113
1 5533209
1 4495843
1 4359437
1 4078402
1 4117562
1 1009721
1 9863744
1 9906870
1 2940652
1 5865562
1 7188598
1 9399562
1 8760588
1 1020132
1 5926174
1 9175892
1 6923118
1 9027726
1 3344845
1 8999380
1 7115549
1 1175820
1 4481110
1 1212727
1 4220823
1 2979272
1 1620128
1 2533523
1 984975
1 3411588
1 7182356
1 753392
1 886025
1 1530385
1 8604020
1 7871313
1 8407529
1 6211817
1 1665677
1 5246024
1 673067
1 2124440
1 8916504
1 556769
1 7438174
1 2150891
1 6630158
1 7484032
1 413050
1 8799810
1 4529671
1 1516267
1 4194446
1 5459543
1 1439238
1 5064028
1 573668
1 6446413
1 975805
1 4378972
1 5254736
1 2181120
1 4367109
1 6378415
1 1965217
1 5095986
1 1578039
1 7127470
1 4116960
1 8434560
1 9347887
1 3446230
1 5538279
1 5681827
1 8544973
1 6561438
1 9800248
1 8072398
1 1756372
1 2176398
1 7526455
1 8787006
1 9372527
1 9753662
1 8725472
1 8986195
1 507818
1 4887637
1 2634558
1 3355010
1 6213473
1 6530338
1 8742232
1 5439515
1 1633766
1 6870318
1 5794502
1 2120082
1 9645316
1 1088218
1 731060
1 5041488
1 8953694
1 5262176
1 7005967
1 5004995
1 5348564
1 5915917
1 4574633
1 5457438
1 8725873
1 8406339
1 144474
1 8826969
1 2044538
1 2495719
1 5320235
1 5462207
1 5495619
1 9615190
1 1155046
1 7580177
1 4691115
1 8047994
1 7619240
1 6109681
1 6384195
1 1311481
1 9713461
1 941211
1 2257898
1 817488
1 8786424
1 8257284
1 9657032
1 4226491
1 4116540
1 9626496
1 5681585
1 6066268
1 6209831
1 6754081
1 5157119
1 7794217
1 5711831
1 8927633
1 8515143
1 2815175
1 487752
1 2488983
1 4196409
1 3709980
1 9441806
1 2238207
1 1891822
1 3097079
1 6897261
1 840622
1 1664675
1 9155459
1 4458196
1 1794115
1 3428335
1 4390556
1 1120268
1 9583419
1 8831147
1 1316957
1 1221573
1 3647043
1 2908619
1 8581147
1 7249264
1 366571
1 9904582
1 6175773
1 8165017
1 4760575
1 3689894
1 3361910
1 8281491
1 3946365
1 7137767
1 7586550
1 6159926
1 9134796
1 3167965
1 8089272
1 1219587
1 4304382
1 6833534
1 3378321
1 138912
1 8925282
1 6387363
1 8628250
1 8171776
1 1281996
1 6773684
1 8557527
1 9701946
1 9807920
1 7140334
1 673086
1 5902665
1 7691576
1 107395
1 3183653
1 5022331
1 92393
1 9072656
1 2014014
1 5077685
1 8598188
1 5294084
1 9110510
1 9596034
1 9250567
1 4739678
1 8818561
1 6902761
1 9093931
1 8688327
1 6850150
1 9748560
1 5163346
1 7592063
1 5065215
1 2196870
1 8494595
1 7452159
1 9835939
1 2354293
1 9227375
1 2734203
1 4240336
1 161158
1 7116525
1 9494369
1 608170
1 6180108
1 7060994
1 6746770
1 4723708
1 307538
1 1517949
1 1510475
1 80838
1 6432656
1 4510977
1 7790745
1 4562691
1 6251744
1 8076893
1 5646226
1 6517257
1 7652898
1 1954704
1 8115544
1 5947468
1 2427583
1 6965806
1 2487395
1 304734
1 2886922
1 4365986
1 6170088
1 2132697
1 9891462
1 4817492
1 6927500
1 4327189
1 8619937
1 4819707
1 7059077
1 4591506
1 7272968
1 5635524
1 8150272
1 3614890
1 8243930
1 6742840
1 7132373
1 1533055
1 1081143
1 2172148
1 3458448
1 2509927
1 3845813
1 438490
1 1732499
1 4248389
1 2612427
1 8049491
1 1660145
1 6696288
1 3144637
1 50264
1 1495890
1 7175380
1 853497
1 9220690
1 3662083
1 8967190
1 7077958
1 5816703
1 789112
1 1730902
1 9275013
1 7040210
1 1990560
1 4451570
1 4676705
1 3003821
1 8048247
1 799855
1 3594012
1 1462851
1 6538367
1 2076823
1 7504329
1 4936658
1 8519778
1 8354405
1 6594833
1 1948791
1 8039487
1 1775527
1 2502045
1 6482119
1 3375576
1 2803865
1 8736611
1 4321970
1 6989455
1 9004593
1 4841779
1 8262385
1 9140154
1 3600808
1 5655419
1 8153297
1 1725694
1 143644
1 5819657
1 4488470
1 946885
1 9068688
1 7386190
1 5030886
1 1690449
1 3834603
1 8523057
1 4606430
1 4535513
1 4133056
1 6906224
1 2488679
1 2184419
1 4300271
1 3276767
1 6840370
1 9409490
1 980291
1 8938564
1 8545737
1 2497368
1 6942444
1 4532569
1 4694118
1 8055529
1 5130423
1 4480477
1 8243090
1 3597040
1 8367773
1 6168720
1 7894503
1 4054424
1 5677325
1 2955454
1 3040093
1 9739962
1 7568430
1 8971838
1 2507011
1 975801
1 8454818
1 5469483
1 8866448
1 2266054
1 3576580
1 5290969
1 8283426
1 8059891
1 5537179
1 1986541
1 2146179
1 2350774
1 4302843
1 3775340
1 1476877
1 9039992
1 839381
1 9446790
1 2887084
1 1948463
1 3795811
1 9449940
1 3345449
1 8439221
1 9522325
1 5165086
1 7084423
1 5496903
1 71079
1 336410
1 5122161
1 3695458
1 1418772
1 3766658
1 4700515
1 5722252
1 4514317
1 8697809
1 6363204
1 387969
1 2041055
1 5533703
1 5822083
1 2339434
1 1902546
1 4208089
1 2403823
1 9630259
1 688250
1 5821722
1 1298139
1 1540485
1 1731571
1 5032932
1 5318712
1 4176725
1 4518735
1 8885666
1 834943
1 6069272
1 522945
1 1313953
1 2332616
1 6699599
1 6242083
1 4061109
1 1574730
1 5516710
1 4590803
1 133594
1 8644259
1 5399372
1 1882606
1 5911662
1 2112250
1 4547964
1 6797506
1 1527951
1 9674481
1 8853902
1 7979002
1 9469731
1 7024974
1 8988594
1 6606376
1 5051539
1 3680795
1 5077984
1 9212756
1 2233448
1 904947
1 8531686
1 1843287
1 2938474
1 4036287
1 3607490
1 7291583
1 4605243
1 9159635
1 335311
1 4201218
1 9040116
1 4545524
1 8894379
1 4391350
1 7939550
1 2115158
1 6766041
1 1740695
1 6265915
1 1158882
1 9130143
1 6092519
1 9139433
1 9319525
1 8512002
1 9744589
1 510256
1 5169529
1 7474031
1 2218135
1 2613433
1 1247333
1 9718761
1 2381132
1 3628380
1 8121371
1 5628163
1 6125212
1 4904704
1 2680458
1 2610611
1 6404442
1 7377237
1 6805511
1 1977358
1 2435104
1 4525751
1 4954184
1 137318
1 9014050
1 162711
1 2224279
1 6367059
1 9427348
1 1696899
1 7709614
1 509460
1 7246983
1 7084669
1 4631564
1 6209987
1 6852333
1 6813794
1 7750867
1 893794
1 1664076
1 7898107
1 627706
1 9902
1 705743
1 1864378
1 9854791
1 2341678
1 8899373
1 8524140
1 5977527
1 9244735
1 4545003
1 9533216
1 5979702
1 7950956
1 4113327
1 4023371
1 1770674
1 9434777
1 6001495
1 2661859
1 1952921
1 680794
1 5262988
1 7086605
1 5809213
1 4252870
1 933940
1 7295952
1 6961458
1 6313321
1 6018729
1 4931357
1 5724989
1 7399091
1 3993982
1 8707304
1 2422185
1 940047
1 5729371
1 1904239
1 8607440
1 2889027
1 9110597
1 8177875
1 5720771
1 2038132
1 9777442
1 363473
1 8057358
1 3510030
1 6429677
1 2931170
1 6664658
1 3821923
1 1672629
1 4166686
1 5630604
1 5520517
1 4113308
1 7739420
1 7904870
1 6200017
1 8264878
1 3250889
1 7247609
1 7392115
1 6691726
1 9093652
1 2020148
1 9586981
1 8191940
1 4470401
1 2100756
1 2514589
1 200358
1 6310258
1 6956119
1 1828255
1 439962
1 1251344
1 3069652
1 7697339
1 6325303
1 8422833
1 4840284
1 2609041
1 2588534
1 8801384
1 1773940
1 4271283
1 315194
1 7791863
1 6652962
1 3831355
1 9021642
1 6556408
1 89322
1 9128878
1 4185485
1 7096262
1 2665981
1 3004006
1 5745784
1 4012275
1 1276030
1 8998603
1 9359279
1 2700267
1 2946202
1 6302919
1 9820589
1 361938
1 8608696
1 3638357
1 7171004
1 3953767
1 678732
1 8651373
1 3191685
1 8456210
1 9005237
1 1295550
1 4159335
1 6680068
1 7800515
1 1998056
1 9512893
1 811135
1 6492569
1 1504670
1 9394612
1 1586972
1 8035003
1 754631
1 8698605
1 4012993
1 204150
1 349822
1 5234620
1 7825385
1 4665283
1 6971923
1 2796730
1 9981885
1 2234748
1 9423175
1 5340526
1 8970580
1 7527693
1 8415235
1 7006302
1 9291555
1 2812161
1 6635121
1 6527831
1 3367513
1 8311332
1 4671292
1 6039645
1 2541519
1 4352893
1 9510572
1 4689035
1 2938652
1 1403640
1 6048582
1 5639066
1 2394300
1 4336381
1 4278352
1 4232458
1 5861181
1 6446853
1 4683087
1 9486988
1 7847734
1 225958
1 2500347
1 2185430
1 4240002
1 3790231
1 3296784
1 1182118
1 9719809
1 9018706
1 3328787
1 9110230
1 7201068
1 4023654
1 9690723
1 2335269
1 9293139
1 7725972
1 6565227
1 3285607
1 1385289
1 1294352
1 2568268
1 965106
1 507689
1 6801273
1 6419451
1 7000362
1 2306107
1 9915425
1 2167208
1 9034566
1 9166225
1 1244324
1 4046971
1 6403341
1 2339197
1 4792766
1 3395905
1 6663510
1 5987142
1 2991434
1 3776540
1 4996946
1 2412598
1 5833779
1 8256443
1 8981906
1 4895071
1 1486182
1 8628264
1 5015299
1 3503672
1 7775446
1 367452
1 4870355
1 9942089
1 1728709
1 6251733
1 7442255
1 4276454
1 977242
1 873497
1 5294975
1 2682708
1 2220781
1 1732952
1 1887734
1 7302996
1 9839828
1 4125504
1 3487513
1 8459648
1 8518150
1 6657573
1 2039536
1 3559703
1 6439439
1 8681292
1 2247388
1 9703078
1 4271546
1 60928
1 2028222
1 3381347
1 9440753
1 6342625
1 8087132
1 9143525
1 3869969
1 4490595
1 632635
1 2814790
1 9300759
1 8436705
1 3911060
1 6886092
1 4591755
1 7066426
1 6686495
1 4563063
1 8287540
1 1639668
1 2174327
1 3131505
1 9387068
1 266278
1 7615693
1 752398
1 8194925
1 3595991
1 6609227
1 9037208
1 5641336
1 4084945
1 1577520
1 1293750
1 715685
1 7091168
1 7411753
1 3167388
1 2906166
1 9987770
1 8422162
1 3187681
1 8552140
1 6455934
1 8754835
1 6048965
1 3306362
1 3904369
1 6035290
1 9832399
1 1082155
1 5721653
1 869034
1 7691673
1 741549
1 2965874
1 2477737
1 4790288
1 7871133
1 722350
1 9786528
1 8406193
1 1088429
1 9486422
1 6648804
1 1543251
1 6709950
1 8585224
1 9603967
1 5054953
1 6616620
1 4494911
1 5908793
1 7895848
1 823495
1 9264228
1 8005356
1 292353
1 7160864
1 5110439
1 9876450
1 5323586
1 2506476
1 9887357
1 9323878
1 4660312
1 1105062
1 6056262
1 6964728
1 6560151
1 8721381
1 396452
1 9657784
1 9759857
1 1904381
1 619706
1 9627026
1 8884363
1 241276
1 1693199
1 5570793
1 5648842
1 6179801
1 9242286
1 578168
1 6210217
1 9776537
1 1244245
1 8135695
1 1405282
1 9052787
1 7486151
1 5611691
1 8389939
1 9128232
1 57144
1 2696274
1 5453097
1 6054079
1 3589273
1 2451882
1 9734203
1 2486655
1 9891590
1 1810039
1 6777600
1 5321749
1 8533575
1 7060842
1 6040338
1 5728013
1 4358280
1 6182148
1 630855
1 1064757
1 4138071
1 4454558
1 6661374
1 9233966
1 4762311
1 9626283
1 1400570
1 1256851
1 2858638
1 4484469
1 6942379
1 1397425
1 2118559
1 4738371
1 9241481
1 4409196
1 3940154
1 3532974
1 1658022
1 4649459
1 8060137
1 790485
1 8592423
1 5055360
1 3421011
1 9121207
1 1260395
1 9239426
1 5292516
1 5698639
1 4966831
1 8659962
1 2235619
1 591425
1 7419293
1 6105940
1 625595
1 481667
1 5292825
1 7004420
1 2748309
1 9344921
1 681596
1 9870932
1 8822538
1 7123260
1 3093227
1 3312255
1 3906390
1 1925397
1 9855637
1 2181801
1 9843591
1 8493305
1 2054210
1 4472752
1 7689558
1 3293395
1 927673
1 6061716
1 7652466
1 5619115
1 5950545
1 3687115
1 156900
1 234040
1 8199722
1 541306
1 2757998
1 4249892
1 9260305
1 668868
1 153977
1 3860261
1 1420261
1 8796354
1 2907753
1 588953
1 8861016
1 3359671
1 3513769
1 7432135
1 4844657
1 4077206
1 8228962
1 8487485
1 6230688
1 5450903
1 6576334
1 1232763
1 3275606
1 9971035
1 3045085
1 3146169
1 4982209
1 9751938
1 7151122
1 7952754
1 6098137
1 388732
1 8176209
1 346542
1 1757712
1 9696624
1 7255633
1 9767646
1 5764687
1 5685637
1 1242553
1 7049542
1 3276481
1 8627207
1 8293589
1 9455880
1 9233608
1 8406982
1 8012907
1 9658748
1 7550991
1 7905003
1 2774549
1 4500780
1 8798827
1 5058692
1 9453063
1 6650897
1 9054832
1 4347822
1 4284653
1 5205017
1 246081
1 769203
1 7676857
1 7676198
1 5964924
1 3894726
1 8522569
1 7451701
1 3508914
1 7985943
1 5630289
1 2429930
1 6440688
1 7337671
1 910167
1 1865998
1 5978055
1 137415
1 4291684
1 9078270
1 906470
1 5141211
1 6354161
1 251000
1 5443835
1 5673362
1 5181197
1 9884897
1 834523
1 3499109
1 1371316
1 5513682
1 2011355
1 1111831
1 2153604
1 4937345
1 6872971
1 5717341
1 3901912
1 456451
1 3069966
1 8458646
1 9630843
1 6136891
1 5075362
1 4928332
1 6342051
1 7053755
1 8831563
1 7741729
1 1244962
1 3338486
1 6840224
1 3885720
1 708390
1 4039254
1 3767402
1 4085170
1 6621618
1 6364612
1 3525705
1 2549855
1 5020659
1 6041446
1 24548
1 5155002
1 7453647
1 8353555
1 2866830
1 2455956
1 523229
1 6220309
1 7331515
1 9292824
1 5736022
1 8610183
1 8215714
1 5328162
1 1870950
1 9791383
1 4903791
1 9194781
1 4632573
1 7206378
1 189464
1 5213108
1 1450068
1 8252565
1 1928809
1 8407883
1 3700512
1 4440559
1 7327841
1 6253465
1 3868106
1 909497
1 1719443
1 8644110
1 8626433
1 8578667
1 2735757
1 2176423
1 4899907
1 810760
1 1145981
1 3661554
1 53200
1 1036786
1 7095776
1 352979
1 1110091
1 922973
1 150362
1 585114
1 9025247
1 5689655
1 5581970
1 314369
1 147626
1 9378951
1 3546021
1 7867819
1 3357285
1 4467145
1 4955371
1 9759484
1 9238638
1 8749594
1 4217451
1 3917757
1 3064780
1 3535779
1 6567485
1 1002798
1 4002898
1 9316894
1 7593928
1 593022
1 5560052
1 5480885
1 6824303
1 2009029
1 268288
1 9437962
1 3104587
1 8482785
1 1571637
1 3101289
1 3663637
1 3773078
1 2961675
1 5103385
1 1640479
1 986441
1 5265681
1 2454487
1 1053926
1 7435245
1 2517533
1 3874498
1 723214
1 4802199
1 5776785
1 978300
1 9890843
1 1497642
1 7424283
1 3359290
1 3821983
1 3105667
1 1999743
1 963838
1 3395168
1 906721
1 1945068
1 1466721
1 3688245
1 4800152
1 4229954
1 8845081
1 7094145
1 4171480
1 541283
1 4223952
1 3268180
1 5465436
1 5870753
1 5993454
1 7621297
1 6416432
1 6484955
1 1499523
1 7148669
1 4101947
1 8209865
1 5766414
1 2996759
1 1909888
1 4021785
1 1212467
1 7324804
1 4645927
1 8929990
1 5097110
1 5621006
1 6216706
1 6866189
1 7656147
1 6113084
1 5903635
1 5299766
1 6644613
1 7907359
1 8577142
1 287064
1 6212412
1 2136488
1 5073890
1 2818835
1 5070289
1 9509580
1 2126634
1 9202791
1 2508112
1 2800636
1 7678662
1 2554117
1 2268129
1 2703057
1 1336957
1 4259450
1 3949832
1 5971893
1 5288391
1 2878015
1 4652027
1 7936724
1 5196580
1 1296253
1 7186668
1 2584014
1 9226902
1 5926749
1 7544371
1 1802268
1 2614004
1 5298961
1 1160778
1 3133806
1 8046037
1 8969208
1 586751
1 786401
1 3215581
1 5972642
1 6141856
1 8518564
1 5960980
1 8449048
1 6283547
1 5739101
1 2020231
1 3097646
1 6299006
1 547445
1 4544695
1 3526032
1 1046545
1 4143460
1 5107059
1 5487257
1 9451191
1 6760468
1 4099376
1 6035438
1 829690
1 3888170
1 4874359
1 9537104
1 114519
1 3277176
1 1629812
1 2272543
1 3737282
1 6188892
1 8491924
1 4471787
1 2363232
1 2724140
1 3826488
1 1264948
1 5225157
1 9620134
1 8568030
1 8544008
1 9050590
1 9092026
1 7249839
1 7371196
1 9744798
1 8585740
1 7968791
1 3068229
1 8597503
1 5966480
1 3279394
1 7266234
1 1244174
1 4645999
1 3442959
1 3840963
1 2387430
1 2241174
1 3493829
1 355668
1 2744645
1 8148975
1 6088146
1 3086126
1 826918
1 6045324
1 1383452
1 3981620
1 3546875
1 1460921
1 7402957
1 3293604
1 5744939
1 2768287
1 9649069
1 301115
1 3650240
1 5303114
1 8059152
1 9262670
1 607428
1 878666
1 6153417
1 8387888
1 9381122
1 5863692
1 2273564
1 8190493
1 1145982
1 8576073
1 5349187
1 9515583
1 5227145
1 5330969
1 9611483
1 1503213
1 8068499
1 5670631
1 6971693
1 1199415
1 4396830
1 1055809
1 5418206
1 319576
1 3023702
1 5493987
1 3788165
1 5252416
1 4403988
1 4234561
1 5137410
1 8180304
1 6978650
1 201065
1 4941141
1 2723871
1 4878535
1 815362
1 1942896
1 7238363
1 7224616
1 3647449
1 4669326
1 5980433
1 9488211
1 8290479
1 9664205
1 4719507
1 4293371
1 2891952
1 5413402
1 2396061
1 5900818
1 1587146
1 6660658
1 5987124
1 8763361
1 9512709
1 3225716
1 6641028
1 7537125
1 2517409
1 8072167
1 4075111
1 633420
1 4154237
1 1325256
1 1183151
1 646381
1 8713322
1 8508203
1 7913383
1 9562655
1 8124498
1 5490514
1 8730909
1 2859479
1 9446922
1 8341208
1 6671838
1 221899
1 6476127
1 9272191
1 9432560
1 7558721
1 2774918
1 9955310
1 9876101
1 6260137
1 865412
1 6179150
1 5920768
1 7344665
1 3984490
1 9171313
1 5093538
1 1480507
1 7413209
1 5990753
1 3275445
1 2707445
1 2259140
1 7418997
1 756094
1 6108078
1 9518364
1 5657282
1 2909585
1 9542273
1 8227839
1 8024360
1 140545
1 9662849
1 3925306
1 996460
1 7450889
1 2743430
1 8548684
1 3495850
1 6716266
1 7816832
1 2069320
1 5281701
1 4396864
1 2320673
1 2840519
1 5535541
1 2208535
1 3027928
1 8896310
1 5170030
1 3930114
1 9301063
1 7170700
1 7852915
1 7683711
1 8563916
1 9263105
1 5219303
1 2848404
1 8722915
1 8510801
1 5181130
1 9932779
1 3468348
1 4740164
1 2593686
1 108020
1 5712074
1 1997531
1 7137712
1 6375591
1 8603353
1 3001628
1 7374637
1 7539797
1 8945873
1 7421565
1 6103031
1 3463160
1 906386
1 1428947
1 1800478
1 1632392
1 9030220
1 6502187
1 2303654
1 7438807
1 6663300
1 3053236
1 7969708
1 7532103
1 8757106
1 9958432
1 610822
1 9850812
1 3253404
1 9905667
1 7549183
1 8192131
1 6538680
1 4877643
1 5851898
1 2911236
1 4584958
1 3026690
1 462415
1 9335392
1 1015994
1 1089302
1 9228898
1 3855589
1 7476918
1 5351936
1 7408776
1 5625345
1 1705267
1 6515032
1 902500
1 7856573
1 4667398
1 6868249
1 7806672
1 5557886
1 8513964
1 1611099
1 2754684
1 6731898
1 9077018
1 7167350
1 8015527
1 8481315
1 2499048
1 5360425
1 2448716
1 5871176
1 2302085
1 3246340
1 3774412
1 3625919
1 7616759
1 2613174
1 1734809
1 1727241
1 7133736
1 882195
1 7610215
1 2545162
1 6283598
1 9399108
1 5396316
1 4699676
1 6677808
1 237611
1 6501651
1 8172483
1 7472068
1 5061292
1 5085109
1 9750694
1 6492189
1 5253719
1 4858975
1 2921677
1 1683098
1 8209940
1 3015160
1 7478916
1 2572516
1 7696361
1 1769675
1 9028045
1 2070061
1 8994904
1 5345016
1 5307433
1 8292415
1 9378590
1 5721580
1 9753825
1 5365484
1 9434897
1 9936984
1 7760988
1 5423774
1 8127426
1 6612543
1 8996936
1 3659693
1 2786411
1 4043695
1 9001960
1 3358139
1 9973854
1 4115943
1 866182
1 5384526
1 1032434
1 5507645
1 7042239
1 498488
1 5776113
1 6031730
1 6066061
1 9987120
1 6859174
1 3508249
1 4842025
1 3768201
1 5260299
1 6667938
1 6452154
1 2946536
1 140643
1 6521266
1 5874696
1 3727778
1 3924277
1 1105304
1 5372932
1 6454054
1 3418568
1 4927114
1 1606306
1 7280680
1 66359
1 5889631
1 1564437
1 6842451
1 2570965
1 1868994
1 8952558
1 3009808
1 5709957
1 2420126
1 6301362
1 7331746
1 5461762
1 9096423
1 8773344
1 4650462
1 3499068
1 3253812
1 2657243
1 2763943
1 9023506
1 2693092
1 2461122
1 2010533
1 7415914
1 9813840
1 8759659
1 2179072
1 7235819
1 2244776
1 5600799
1 5322969
1 9976853
1 2299957
1 347796
1 6016757
1 2921770
1 3796778
1 3942959
1 8337442
1 9939597
1 8199416
1 574852
1 1505914
1 2240938
1 8940430
1 7866574
1 9475949
1 2395281
1 3507101
1 6048432
1 2313081
1 4698403
1 5847562
1 1088031
1 6436293
1 7972118
1 500460
1 8875769
1 7747416
1 3305288
1 4041480
1 3458417
1 84855
1 5100757
1 707290
1 4479035
1 8706955
1 3177572
1 1205897
1 1776540
1 1848009
1 6715606
1 5567608
1 1758210
1 7472322
1 9675874
1 8769939
1 8101886
1 4708132
1 2394395
1 7233914
1 6232091
1 5853517
1 6437523
1 6901913
1 7318200
1 6174799
1 9210658
1 3455124
1 3282276
1 1095419
1 2429766
1 3993006
1 4025864
1 349763
1 4043903
1 6603041
1 7663178
1 7395129
1 9525310
1 1600111
1 909173
1 2890986
1 8846215
1 127277
1 743610
1 7217311
1 4672195
1 6970025
1 2227895
1 3954273
1 6280680
1 6958013
1 5735042
1 9814110
1 793583
1 8494562
1 7624789
1 2168054
1 8777187
1 6107876
1 9810251
1 1007734
1 5861163
1 1966753
1 4117773
1 2089520
1 7327506
1 2495424
1 320057
1 6130793
1 2179690
1 2524290
1 4835448
1 415297
1 7924969
1 449041
1 8104764
1 1126368
1 9892235
1 7231117
1 1541096
1 7881736
1 9128478
1 8410570
1 1625189
1 2159443
1 9037616
1 6603020
1 9141932
1 6880704
1 4056615
1 8780351
1 6373035
1 8012644
1 5322177
1 7346153
1 1959389
1 1128310
1 3534648
1 9929299
1 6196051
1 1750810
1 1613556
1 5954487
1 1773558
1 3286524
1 1863781
1 9913251
1 1468128
1 60254
1 8596133
1 7245047
1 3933779
1 1534453
1 5156862
1 8180072
1 1037279
1 9621313
1 7197725
1 9403330
1 5003487
1 6577268
1 686092
1 9986384
1 486212
1 4643371
1 8025091
1 7346516
1 3672356
1 4506664
1 5396180
1 8014642
1 7409377
1 8959291
1 918305
1 4511094
1 8618095
1 2916084
1 7347886
1 7642754
1 4961087
1 9817500
1 9896982
1 3063416
1 5385099
1 8555811
1 6673988
1 6942218
1 9394570
1 6684660
1 8009516
1 3702467
1 5139895
1 287017
1 1059770
1 2480269
1 8280542
1 1942766
1 6033246
1 4348200
1 5189423
1 9080006
1 5083259
1 2324289
1 1792337
1 8419505
1 2314676
1 7635606
1 637289
1 7478505
1 7879637
1 9558529
1 5464971
1 9093053
1 6229208
1 2099297
1 245642
1 9021671
1 3380651
1 4507583
1 1086729
1 7750521
1 4753122
1 200910
1 4461062
1 8420375
1 363311
1 9490733
1 6735052
1 1879780
1 1642138
1 5406341
1 9610428
1 7505514
1 1535306
1 8361013
1 8887913
1 5767030
1 9882179
1 732890
1 3153511
1 2845677
1 931902
1 1951718
1 716552
1 1967846
1 9312931
1 8888296
1 5118879
1 3364147
1 2716224
1 8947462
1 2519645
1 3824068
1 3645972
1 1504432
1 8450798
1 5920412
1 9440763
1 7303214
1 4476500
1 2259833
1 4796822
1 9692924
1 4162766
1 1166961
1 9999393
1 4443493
1 953867
1 365082
1 7245563
1 4736883
1 7962677
1 7078532
1 7323539
1 1139108
1 3108182
1 3603505
1 571211
1 7204294
1 6954777
1 5952267
1 5955516
1 8583890
1 2486582
1 3001423
1 3791495
1 3849679
1 995647
1 6132674
1 1124186
1 7490260
1 5400236
1 3651399
1 3675183
1 4323619
1 2600299
1 8740133
1 6399481
1 1798469
1 8012817
1 30821
1 7921648
1 5237610
1 4404152
1 4884959
1 3498828
1 2228060
1 6384554
1 587272
1 6418163
1 7668216
1 8980844
1 407803
1 2210889
1 3885680
1 8274755
1 1662420
1 4966677
1 7317462
1 3370603
1 8657399
1 5602751
1 1650160
1 4174753
1 4068234
1 8249002
1 9645925
1 1945168
1 2982673
1 8329346
1 6014429
1 9978200
1 7267960
1 6716409
1 9288606
1 7077361
1 399722
1 6698998
1 2373636
1 7143228
1 2134122
1 1017550
1 4906988
1 6520207
1 7215025
1 1600192
1 3381724
1 4553606
1 8032647
1 9989574
1 7084662
1 4435553
1 8534952
1 1788369
1 5466515
1 2567422
1 9415604
1 9024295
1 4356946
1 410809
1 9420831
1 1628397
1 6220212
1 7619882
1 4444591
1 1589151
1 4766257
1 2331952
1 1420529
1 6817272
1 6382646
1 467924
1 8035221
1 9776296
1 2180136
1 9396607
1 6566003
1 8253779
1 3909331
1 8546149
1 472163
1 6308028
1 1037682
1 6887787
1 1409993
1 4191910
1 665553
1 7621776
1 1405720
1 4925838
1 663997
1 5831966
1 712077
1 1146792
1 1228438
1 760774
1 9809491
1 5145639
1 5946412
1 5165411
1 1522811
1 9016949
1 7895212
1 5999089
1 5484384
1 2871113
1 5959141
1 8828697
1 4192769
1 5491648
1 3903637
1 4165737
1 3652295
1 5214157
1 5134336
1 8997697
1 5415020
1 5063309
1 9861808
1 80506
1 8072384
1 4239999
1 3862125
1 2475528
1 4054681
1 2705081
1 1417487
1 4355966
1 6689187
1 3398659
1 2310759
1 2768103
1 9280814
1 1241836
1 5304871
1 6477244
1 3540421
1 2656324
1 648966
1 7477953
1 3623970
1 6722982
1 1889583
1 5214374
1 3687905
1 4859929
1 8581852
1 7480010
1 5645484
1 1399603
1 1150224
1 1182022
1 3873909
1 2010193
1 8784199
1 7777396
1 9330262
1 7690291
1 163985
1 2812045
1 7686667
1 7259495
1 9065462
1 1840603
1 3224735
1 260426
1 4083392
1 5163871
1 3593329
1 8707483
1 4935378
1 5167697
1 4431140
1 5862856
1 4457180
1 4823295
1 797341
1 487952
1 176194
1 7403794
1 711177
1 3460870
1 1290373
1 5296077
1 7585894
1 5104093
1 1918005
1 4137821
1 1863440
1 3239128
1 505431
1 3266135
1 2276261
1 432665
1 7385769
1 482582
1 9386521
1 3815251
1 7972821
1 2900149
1 8927693
1 148328
1 3757602
1 2321759
1 1052032
1 268053
1 2300559
1 5374054
1 9674883
1 1421115
1 8681455
1 9045642
1 4378262
1 3268909
1 6683946
1 132745
1 9123215
1 4692778
1 5904234
1 4344284
1 9106508
1 6466905
1 6778468
1 8893445
1 8868346
1 8946908
1 7809140
1 4679927
1 1484911
1 3018958
1 8041142
1 9441890
1 6609790
1 2233140
1 3494214
1 8823129
1 430086
1 8676775
1 866902
1 5320988
1 2428652
1 3671933
1 5346155
1 6658835
1 685428
1 6852278
1 9955476
1 7965277
1 8431975
1 1089450
1 577453
1 2199640
1 9317538
1 6891430
1 9159059
1 6536601
1 9131800
1 4556661
1 9929717
1 744594
1 3650761
1 3259846
1 5103874
1 6380166
1 5025931
1 8688959
1 383831
1 9555786
1 4475044
1 3199668
1 8989753
1 8738777
1 8951966
1 2724369
1 3856917
1 1475223
1 3538896
1 8060145
1 2763244
1 882742
1 6754112
1 4743488
1 249258
1 2532854
1 1659758
1 666803
1 9850879
1 7215664
1 7967187
1 2939679
1 3659165
1 9501008
1 7862500
1 1808611
1 6791187
1 3757085
1 1064481
1 2132315
1 5669005
1 8490822
1 7966480
1 8281817
1 8593486
1 6166816
1 7259278
1 9769790
1 4161990
1 7433528
1 4359472
1 6779318
1 5970324
1 6480487
1 9501328
1 3839198
1 6328821
1 1782692
1 3034469
1 5779815
1 1269955
1 432297
1 7037796
1 9835459
1 8290103
1 1020557
1 7722584
1 1847511
1 3929509
1 7627902
1 5891208
1 8588308
1 1531966
1 5623779
1 622015
1 4642142
1 9888699
1 8790986
1 5619866
1 2177585
1 9593775
1 2803678
1 7211525
1 5227848
1 7428504
1 4082356
1 8208517
1 6437997
1 464746
1 8409693
1 4273834
1 2020265
1 4811120
1 4358092
1 416125
1 9487496
1 1417025
1 5446106
1 8631605
1 3038681
1 3672692
1 4925957
1 1359024
1 2859454
1 7641957
1 6240640
1 6691997
1 7597198
1 7919709
1 1724236
1 9440423
1 8200141
1 9437622
1 1398625
1 570871
1 993318
1 314446
1 4676672
1 610647
1 4508674
1 5216616
1 2958185
1 9019656
1 8008778
1 5660489
1 285865
1 7628984
1 5735436
1 3985140
1 3798243
1 5802110
1 970833
1 384423
1 7389960
1 8590993
1 3324869
1 6605295
1 2568409
1 3008351
1 3891936
1 1364229
1 6627242
1 684586
1 2923129
1 5373242
1 78656
1 7619926
1 9032803
1 8834777
1 2727271
1 640758
1 7089152
1 3726453
1 4316142
1 8709476
1 7346471
1 3168505
1 680943
1 6335031
1 6887529
1 6684697
1 8579572
1 7148009
1 4561200
1 7426838
1 5653905
1 9475212
1 401174
1 1313643
1 7927190
1 7035468
1 2717934
1 7223720
1 2690626
1 9115255
1 8536553
1 8519567
1 8452024
1 2884342
1 4482823
1 6928793
1 8075071
1 4791102
1 5827015
1 7661830
1 6669989
1 9252607
1 6317682
1 4804240
1 4028864
1 6020221
1 9096319
1 9138636
1 8910436
1 3783994
1 4441461
1 336557
1 1215985
1 4417475
1 6540065
1 2691943
1 4428695
1 9863364
1 4233953
1 8231725
1 263568
1 2673471
1 8112241
1 1854142
1 3684423
1 2551202
1 1894624
1 6448525
1 952701
1 2895400
1 1143567
1 1590687
1 7859052
1 9214147
1 7856795
1 419155
1 971371
1 4554054
1 860561
1 8879943
1 7924645
1 3487408
1 5968578
1 9990724
1 7345603
1 1854420
1 5685247
1 5343102
1 6412443
1 6527578
1 4866051
1 1386078
1 3845950
1 7405235
1 9412458
1 5863520
1 7170344
1 7237144
1 7312036
1 9849792
1 4471710
1 3131216
1 2530912
1 886578
1 5542139
1 5900183
1 6316129
1 1128715
1 9949059
1 5333883
1 9661908
1 2971409
1 2437890
1 1922476
1 8916747
1 3428199
1 8007088
1 3911529
1 6014113
1 8848590
1 2710145
1 3410979
1 5017179
1 2880745
1 2320326
1 6710137
1 7142771
1 8206715
1 5886318
1 571889
1 8929230
1 1261636
1 408780
1 6176078
1 4173982
1 2611394
1 3581533
1 6647282
1 7443451
1 8559004
1 9885872
1 4575899
1 7149465
1 5669895
1 8086075
1 5715678
1 1361120
1 9935418
1 919450
1 2336212
1 9330770
1 7883925
1 2955614
1 1523946
1 136935
1 1092896
1 403974
1 3076149
1 4673688
1 3258817
1 7727021
1 6748759
1 9091050
1 8577273
1 4552279
1 4429508
1 9341553
1 6447465
1 1768082
1 6631891
1 7773873
1 4050220
1 1194173
1 5246364
1 2254957
1 445432
1 6351169
1 945533
1 4872284
1 5788212
1 283261
1 7367163
1 5321901
1 9811540
1 168334
1 8936013
1 5297546
1 6577256
1 858845
1 9794151
1 7493195
1 1633239
1 7105752
1 6814602
1 2068328
1 9486496
1 293719
1 193059
1 9345569
1 9993334
1 6852742
1 5842477
1 2945715
1 6786422
1 681259
1 2401951
1 4790250
1 8664203
1 6894383
1 2788198
1 9567550
1 7871246
1 4927456
1 9777325
1 9992649
1 4300251
1 585857
1 6556455
1 9044426
1 9955634
1 6912617
1 2457200
1 5435720
1 2858664
1 7604037
1 6595487
1 9687059
1 9330961
1 2107385
1 8444480
1 1326715
1 9870283
1 6592224
1 4370427
1 6573757
1 8206987
1 562391
1 4876624
1 2677427
1 4510298
1 6513210
1 4599788
1 2094474
1 4285713
1 147978
1 2006432
1 1792907
1 7851086
1 2539136
1 7815290
1 4040850
1 3987108
1 696672
1 3772095
1 1341037
1 1816678
1 1619274
1 628201
1 9714592
1 1913312
1 735197
1 4232077
1 6961572
1 2458569
1 5818462
1 1913348
1 839027
1 6535198
1 3749521
1 2671466
1 8997676
1 9632178
1 8209859
1 2878896
1 5910194
1 6678185
1 8597944
1 9480745
1 2875197
1 5468984
1 8893816
1 1182169
1 835452
1 254578
1 9655058
1 4998138
1 1668093
1 7559653
1 1461657
1 11040
1 798157
1 4717249
1 9206345
1 5116936
1 9921764
1 4268702
1 7694603
1 6429386
1 1966862
1 3749209
1 5136378
1 2107664
1 8551460
1 8413485
1 404323
1 6141074
1 7487972
1 1583827
1 7229609
1 2605831
1 4610116
1 1909919
1 6261757
1 4234125
1 3540574
1 5511184
1 2363396
1 9365154
1 3740832
1 124740
1 3859952
1 8094864
1 6020139
1 2134795
1 6851896
1 5754285
1 7171212
1 7381811
1 1877987
1 4199786
1 889480
1 8847735
1 4954888
1 8642875
1 5346822
1 3339849
1 3493228
1 3848661
1 4060812
1 6310686
1 5821999
1 4302071
1 25179
1 8257348
1 8502827
1 2357699
1 7176029
1 8115865
1 1517174
1 8664622
1 4630693
1 1676946
1 3678354
1 1819442
1 7149370
1 6795747
1 2385831
1 1924812
1 7375514
1 8690881
1 3631058
1 2705632
1 3613829
1 4572518
1 6135364
1 5478198
1 5827446
1 4224985
1 9510714
1 2505400
1 520651
1 3713328
1 4316093
1 8089168
1 9998569
1 8992293
1 267514
1 5737219
1 281504
1 2928195
1 3370343
1 4354779
1 3860462
1 1225817
1 7149532
1 6191562
1 6212854
1 3180267
1 1770656
1 76466
1 6581755
1 5688405
1 9616261
1 5532786
1 6885103
1 5755553
1 9873978
1 4317308
1 6753410
1 4628146
1 5926727
1 1258914
1 7336369
1 3741925
1 7919063
1 5807156
1 4744868
1 490933
1 1781418
1 9977656
1 8910630
1 902241
1 2869738
1 3780341
1 8983631
1 7370139
1 4930252
1 7101870
1 6685298
1 76602
1 1141167
1 6658260
1 2562209
1 9848760
1 3483737
1 7954864
1 6606548
1 8283796
1 1658824
1 6880998
1 2768621
1 8267880
1 3606254
1 5180811
1 9353491
1 607066
1 5012996
1 4915759
1 2329116
1 4212732
1 8628373
1 5098188
1 7985736
1 2237543
1 7321670
1 5594481
1 8747398
1 5388380
1 3538326
1 4662271
1 666374
1 5210883
1 8429382
1 9642759
1 4943083
1 8341913
1 5016829
1 4432180
1 2679010
1 4861732
1 4414552
1 5603916
1 2500444
1 4343588
1 6497216
1 7414394
1 8302777
1 2826845
1 6435399
1 663837
1 1556054
1 9778404
1 3451879
1 5317918
1 857271
1 8772861
1 5125040
1 673678
1 6971318
1 1825527
1 5434872
1 2168042
1 174625
1 5777835
1 4050577
1 5944535
1 8709433
1 7290565
1 4040571
1 8729508
1 1403774
1 548191
1 5619039
1 319214
1 7441971
1 437334
1 2826477
1 4714855
1 3514052
1 7194932
1 4853564
1 2767511
1 737257
1 652527
1 8341911
1 6549481
1 9083881
1 1869902
1 6375301
1 4829623
1 7317427
1 836671
1 3843616
1 5597187
1 7034412
1 9862878
1 9660413
1 8169240
1 3408586
1 9722338
1 8579186
1 1492004
1 5646816
1 6788576
1 3008843
1 3950161
1 8676191
1 8142372
1 1211729
1 7030239
1 6630697
1 3660269
1 4289047
1 26113
1 4729741
1 546487
1 4363257
1 1431099
1 3015928
1 4238465
1 7530265
1 7293153
1 5125023
1 1683527
1 4987889
1 904626
1 8006417
1 2945132
1 4268474
1 9207460
1 3503068
1 2115523
1 707074
1 6698297
1 9241588
1 166666
1 9515497
1 8443576
1 4984361
1 45856
1 6403285
1 5702311
1 1624178
1 4308610
1 2717021
1 3354098
1 1218410
1 2933131
1 9688885
1 6327346
1 8904953
1 9508729
1 390373
1 3696248
1 6813944
1 299743
1 70947
1 8853751
1 6974225
1 2948999
1 895594
1 6640411
1 6952478
1 3202533
1 2670588
1 3725875
1 1536386
1 7582197
1 9060088
1 9133659
1 5611003
1 4196665
1 3218009
1 8505999
1 9996384
1 4291545
1 6519666
1 4150800
1 4906679
1 4324805
1 2468364
1 4462242
1 6067885
1 9703816
1 4622546
1 8393303
1 3672791
1 3175469
1 9011023
1 368446
1 1768046
1 3667319
1 4624995
1 2830741
1 5403419
1 3685025
1 2731381
1 550747
1 3676496
1 6507608
1 4391436
1 4320388
1 3561469
1 4384086
1 6300125
1 701013
1 553834
1 2580995
1 8339369
1 7324023
1 5055944
1 6149706
1 6806509
1 5973216
1 3321738
1 4808157
1 4702163
1 4433501
1 8108582
1 2561203
1 9732360
1 5982527
1 2373934
1 6538867
1 1026454
1 1212132
1 4365650
1 1264166
1 8281688
1 3492646
1 7614145
1 5159200
1 675467
1 4511077
1 5655619
1 71738
1 8311325
1 7238262
1 7237136
1 7107475
1 6151020
1 8152955
1 3247684
1 7257061
1 6569611
1 4852557
1 1612687
1 1357254
1 2702386
1 5656623
1 6129547
1 9536750
1 7204346
1 6409041
1 2065297
1 6315222
1 871353
1 7276952
1 3373405
1 1890531
1 3845187
1 8014840
1 6436709
1 2900760
1 2232654
1 3692715
1 1607998
1 5819506
1 5421519
1 8484950
1 7372983
1 2797073
1 6348624
1 8123985
1 9449736
1 3090882
1 627097
1 8449757
1 3329125
1 4193983
1 2203609
1 2004879
1 4591776
1 9344859
1 219288
1 82281
1 6239892
1 4789270
1 3600592
1 912979
1 5231270
1 2484035
1 2137932
1 1130285
1 2623931
1 9888947
1 7013462
1 4503533
1 2193405
1 1223933
1 3243662
1 2695518
1 6991898
1 3633829
1 6586394
1 9077656
1 8224561
1 2904437
1 1081165
1 8363572
1 4073155
1 3421050
1 1220682
1 2544064
1 4102455
1 3175680
1 2471859
1 9199312
1 4354166
1 1094940
1 9631427
1 6243980
1 1323190
1 5963827
1 8863034
1 4677042
1 3007994
1 9511766
1 7880400
1 7273684
1 9341800
1 9658708
1 9395672
1 3703194
1 2116602
1 9292980
1 9882281
1 1971873
1 7306265
1 7191053
1 6169395
1 3756611
1 7445043
1 9432832
1 6572609
1 5579475
1 9516397
1 3076981
1 877930
1 818175
1 6162071
1 7774006
1 2709853
1 7829259
1 9612186
1 6261499
1 5906740
1 2621168
1 7673287
1 3371889
1 9165838
1 8006703
1 8991884
1 4733992
1 3490563
1 2130381
1 3697406
1 4742447
1 1775229
1 1477602
1 3807999
1 7120531
1 8590816
1 3593633
1 5044679
1 8257701
1 1034820
1 6302705
1 3422665
1 896404
1 5183894
1 5023047
1 3535919
1 7191784
1 209499
1 7661959
1 5462403
1 7041868
1 4093531
1 1765916
1 2829026
1 8479016
1 855433
1 6412010
1 2733394
1 289355
1 8630315
1 8321010
1 8141811
1 6187850
1 9214604
1 7155732
1 482675
1 9964510
1 7313738
1 6529540
1 3984727
1 8688701
1 136235
1 9391654
1 724549
1 3350945
1 5294271
1 599908
1 2262773
1 7359755
1 2994366
1 7584743
1 2455559
1 2408614
1 4221612
1 8455292
1 6408750
1 1558506
1 8597149
1 2070887
1 1190515
1 6433896
1 8119065
1 6150942
1 3532332
1 631551
1 8888811
1 6867793
1 3700234
1 8070490
1 3316448
1 2832628
1 3971473
1 3306710
1 8893996
1 5680428
1 5011147
1 8010135
1 9637317
1 8487271
1 3946490
1 3574316
1 4724274
1 2068024
1 9561552
1 171651
1 615214
1 5291279
1 1492859
1 8863738
1 2995285
1 7652395
1 9072301
1 1349664
1 6874624
1 2353443
1 9127019
1 727337
1 2351953
1 5362991
1 6017987
1 7583176
1 3196070
1 6715431
1 7778192
1 1441685
1 6615713
1 6138365
1 164566
1 4783436
1 3549597
1 9805269
1 5973631
1 6282356
1 125452
1 1591720
1 7471199
1 6800013
1 5145460
1 2907326
1 5019401
1 3678408
1 5535981
1 5577005
1 3553903
1 686821
1 854948
1 311921
1 3052626
1 7757925
1 5440305
1 616315
1 4461656
1 9959712
1 8815116
1 4555389
1 1104218
1 4192721
1 199034
1 2181519
1 6934119
1 5828716
1 4529369
1 8362860
1 654912
1 6471771
1 1859304
1 5121209
1 7033273
1 4164049
1 3848942
1 8689649
1 9788868
1 7314455
1 9513049
1 4428889
1 174390
1 97774
1 2542476
1 7968420
1 2502225
1 5873396
1 1301507
1 4152086
1 9343528
1 9231385
1 2589474
1 2227150
1 6727892
1 2329512
1 5539518
1 3260059
1 2172429
1 2295995
1 1954053
1 2134043
1 560832
1 9998214
1 4668077
1 4580425
1 5913074
1 124422
1 2438680
1 145427
1 1069704
1 7653646
1 7261486
1 6670807
1 5191120
1 2242695
1 6571654
1 7148518
1 6039962
1 7514893
1 5868954
1 4905238
1 7972336
1 3114520
1 4512072
1 133871
1 5226195
1 3857683
1 891081
1 8379825
1 1001419
1 126418
1 1327943
1 9963827
1 7771329
1 42086
1 4117985
1 2222540
1 6577660
1 6516853
1 3732742
1 9958116
1 4643853
1 3075833
1 3660630
1 2709868
1 1519682
1 5542825
1 5820272
1 1445357
1 2046770
1 9331902
1 3871618
1 3433959
1 5512285
1 9397834
1 8999423
1 7515789
1 1389486
1 7236865
1 9590310
1 5978909
1 2769203
1 3038218
1 1705083
1 5943601
1 3099289
1 8275901
1 1329769
1 7651800
1 7237626
1 3668590
1 1063858
1 1135658
1 4222740
1 5507628
1 6577542
1 6180213
1 9757195
1 5475575
1 7219964
1 8667546
1 1186105
1 3191175
1 6906290
1 5832381
1 8837308
1 8341905
1 5814778
1 2002808
1 7506226
1 5524496
1 145911
1 3779429
1 5102503
1 6893282
1 2347784
1 3213007
1 4666143
1 8539184
1 776190
1 2723053
1 9731794
1 5201807
1 955439
1 1866549
1 4458268
1 9888184
1 1872991
1 3014835
1 9365086
1 7586454
1 9560913
1 4157600
1 7860529
1 7230375
1 915636
1 2363771
1 8268656
1 6037481
1 8439777
1 4894848
1 6298542
1 1493448
1 9494704
1 7333470
1 2178305
1 8537977
1 3911835
1 7180445
1 8166868
1 1051212
1 9910557
1 6068388
1 8926933
1 8735458
1 3105655
1 1040347
1 3422957
1 3179854
1 311368
1 5822968
1 3986668
1 4006888
1 8839969
1 8832170
1 6891504
1 9367289
1 6962198
1 2771821
1 3938088
1 13206
1 3685047
1 8563555
1 8937124
1 952214
1 2606862
1 9206220
1 1514189
1 414528
1 2387104
1 9136913
1 4469898
1 3852006
1 6052924
1 5579742
1 2311738
1 1573181
1 4292270
1 6922664
1 5965972
1 9962585
1 712121
1 9202337
1 1042524
1 7688641
1 634548
1 5275897
1 5224244
1 5036869
1 6538022
1 5147383
1 6458316
1 8094497
1 4943347
1 2011626
1 9815377
1 190147
1 1774130
1 7113278
1 1234943
1 3499167
1 2064679
1 158061
1 4120961
1 7872454
1 1189113
1 3568140
1 5718347
1 3604475
1 4967265
1 4793505
1 7803031
1 7802881
1 9366609
1 9615733
1 8546889
1 3530270
1 7765092
1 6316251
1 1401321
1 517517
1 1237985
1 5047732
1 7539177
1 3436795
1 4953731
1 6951619
1 3102824
1 6622090
1 6291633
1 7768444
1 3713389
1 4138411
1 8282413
1 236452
1 4909266
1 4502461
1 7954675
1 8279307
1 5906427
1 1836119
1 9952154
1 2011697
1 3591381
1 7491146
1 6510537
1 3607170
1 7064871
1 1034963
1 2952357
1 6484739
1 7132116
1 6267167
1 8818396
1 2377625
1 1140363
1 8585727
1 2680179
1 754199
1 9766943
1 3558930
1 8434695
1 9119104
1 7806959
1 5201875
1 5049244
1 7977844
1 2260865
1 352764
1 7569572
1 7276369
1 9709096
1 5789085
1 7310310
1 6095032
1 3655121
1 4534031
1 3411095
1 7736513
1 9683336
1 7949214
1 4553661
1 6969388
1 4773825
1 4646228
1 7446361
1 1104352
1 1865083
1 5456563
1 7511604
1 4819193
1 8705453
1 3806883
1 8540232
1 5372369
1 4165025
1 2601932
1 2634226
1 4266954
1 4163250
1 6908370
1 506868
1 7202361
1 6678831
1 3780862
1 2281723
1 1206441
1 1423145
1 2772262
1 7863878
1 6366779
1 3689152
1 4901234
1 6564014
1 4502050
1 132976
1 4761668
1 2513364
1 2016040
1 7230717
1 4725793
1 5048397
1 7024515
1 9297350
1 1026486
1 2494704
1 1633504
1 2777482
1 8696776
1 8177996
1 7265471
1 1860864
1 964979
1 6017667
1 5338711
1 5154759
1 604007
1 5137899
1 7569529
1 528195
1 5773794
1 4771862
1 9375723
1 3567095
1 4420160
1 4594324
1 2831047
1 4813827
1 8582480
1 5674488
1 9317744
1 1506693
1 597697
1 2159141
1 2207368
1 6437478
1 5420383
1 5686659
1 7902554
1 2808889
1 4915020
1 458311
1 4450941
1 295833
1 9116803
1 9544521
1 387713
1 7052372
1 9047998
1 7782861
1 407746
1 8543042
1 6528163
1 1781855
1 2088794
1 9633821
1 9554636
1 276535
1 6437499
1 1499533
1 8376657
1 3603485
1 5936389
1 9822231
1 545206
1 6874329
1 7919628
1 9098202
1 5355338
1 3175924
1 140585
1 2132767
1 7917051
1 7898797
1 4203528
1 7253274
1 8641029
1 1687625
1 6982436
1 7592161
1 9250451
1 8662679
1 4951505
1 1562335
1 873029
1 7108738
1 2582006
1 5887721
1 3324906
1 1388728
1 7657159
1 6069301
1 1858923
1 9939708
1 5556991
1 1691640
1 3414424
1 5329524
1 2661932
1 2692634
1 5543179
1 1369011
1 3500111
1 4919436
1 9344737
1 9787150
1 1104223
1 8232319
1 9479769
1 7738376
1 8391934
1 7458419
1 6478259
1 6108224
1 8780505
1 8810235
1 7968573
1 2924974
1 2391194
1 5647
1 2938527
1 5175453
1 2973207
1 2516794
1 3480045
1 2254518
1 4091892
1 7674674
1 2315791
1 1422568
1 8126929
1 8496800
1 9194942
1 6535997
1 6615882
1 7115149
1 9130786
1 8455574
1 7317447
1 7895199
1 4699717
1 8010784
1 2103579
1 3318459
1 6342106
1 589840
1 4602769
1 2356843
1 7384486
1 3649632
1 2602707
1 6548428
1 7420917
1 1037036
1 5830319
1 3790256
1 2619316
1 4793300
1 9944711
1 9543921
1 8216229
1 5549746
1 2568271
1 1081494
1 6600026
1 1226877
1 1244388
1 3719
1 504154
1 1259047
1 1464977
1 2199444
1 9200366
1 4219966
1 1031454
1 3496203
1 7226589
1 5665959
1 4673105
1 5962906
1 3359063
1 2659001
1 6874822
1 1344649
1 5944712
1 1934103
1 7092477
1 7561913
1 5595791
1 8425053
1 1704054
1 172224
1 938796
1 2486530
1 6840694
1 3541745
1 3385623
1 1143727
1 2688237
1 7640773
1 8619026
1 397685
1 5487123
1 4940984
1 5206865
1 2572541
1 7589215
1 878192
1 736057
1 4833345
1 2674050
1 409435
1 5297311
1 399418
1 2482130
1 4230710
1 1789701
1 3917521
1 4303555
1 9592381
1 8298716
1 8372934
1 3218718
1 1298414
1 2196269
1 4791566
1 505841
1 3958801
1 2642015
1 2934648
1 4085896
1 9931171
1 7719457
1 1802265
1 57550
1 3281468
1 9524381
1 6133721
1 2862367
1 4531832
1 1589433
1 1352997
1 5039041
1 3892632
1 6321330
1 4994281
1 9144233
1 2277006
1 5054750
1 2337641
1 4994822
1 8955256
1 2021838
1 5022549
1 8777711
1 1685130
1 3501495
1 7382719
1 6704137
1 1640528
1 509192
1 6632985
1 7998627
1 129037
1 4930319
1 7874337
1 7864667
1 6191553
1 3022357
1 3511808
1 8006611
1 9196084
1 3348023
1 8706999
1 8965244
1 3799300
1 2311754
1 7258904
1 3331099
1 6118130
1 8243266
1 3822891
1 816057
1 4120982
1 1928621
1 6092857
1 1119576
1 714928
1 3566452
1 7246701
1 5554494
1 6828565
1 7539173
1 7411545
1 7724320
1 9991634
1 7533882
1 6226046
1 658050
1 3415564
1 4354369
1 2185931
1 8692166
1 1816172
1 6963812
1 3355199
1 5496202
1 1729652
1 87774
1 3745834
1 3329907
1 6445839
1 3270600
1 5083676
1 5183846
1 6281684
1 3903632
1 475099
1 4188911
1 4654721
1 5116210
1 3042505
1 1918898
1 248243
1 5837306
1 2590600
1 9492719
1 6537142
1 8239749
1 7635824
1 1885135
1 3792706
1 5892304
1 1035598
1 1377664
1 4050091
1 2881229
1 3309719
1 7174547
1 2358052
1 6352273
1 6725714
1 9859294
1 5908092
1 1380333
1 624214
1 9176864
1 7640478
1 9622571
1 5932792
1 4829280
1 6242599
1 5520242
1 6276809
1 184469
1 1917377
1 6490211
1 5061433
1 4586376
1 980757
1 8583257
1 8049188
1 4638180
1 876111
1 8248591
1 5330756
1 7185970
1 7645391
1 9761367
1 9422661
1 8601230
1 3694015
1 2861244
1 8581483
1 691674
1 6726895
1 4303502
1 3218853
1 5280636
1 3379061
1 1875573
1 2805985
1 7056355
1 7074480
1 9492955
1 4243088
1 2166525
1 1556921
1 4328522
1 4021995
1 4687919
1 9572672
1 3085470
1 7602984
1 7140844
1 283755
1 2425058
1 5122022
1 8560673
1 2324269
1 2382971
1 6903894
1 614504
1 7837057
1 8513137
1 8314236
1 8685265
1 749894
1 6491535
1 1778467
1 4934390
1 6935658
1 7773946
1 1802535
1 8932858
1 7168233
1 6885889
1 447231
1 4403931
1 1037934
1 4888414
1 4351526
1 5457779
1 8488721
1 481469
1 2350554
1 9124390
1 921730
1 3662358
1 5301088
1 1630048
1 2749850
1 5064334
1 6926933
1 8717188
1 2404413
1 1330693
1 8783102
1 8317188
1 8740423
1 1057310
1 7143480
1 6132690
1 2509215
1 7726390
1 6815476
1 5498400
1 4731168
1 8364559
1 9306429
1 1302934
1 8889263
1 2266745
1 302110
1 1475514
1 3442858
1 9982284
1 6102680
1 8051970
1 8646956
1 2489059
1 2932648
1 2228175
1 7124242
1 762875
1 1251335
1 5973822
1 5234416
1 4214093
1 6046554
1 6207670
1 5202390
1 6823923
1 6687360
1 7984310
1 7353217
1 6179865
1 5472172
1 6923676
1 2541925
1 2227798
1 8015924
1 4201147
1 4242294
1 7166812
1 9690750
1 7911101
1 814332
1 4935288
1 8899123
1 8276260
1 5782350
1 8306071
1 2204472
1 7497133
1 2432181
1 7957532
1 2536533
1 3903954
1 5588651
1 1175792
1 9283868
1 9439145
1 9862051
1 6127466
1 2851470
1 7046353
1 6876971
1 5106339
1 4526219
1 3703947
1 168495
1 8049823
1 5997523
1 1359009
1 4407389
1 8152428
1 6591431
1 7707119
1 765558
1 7167077
1 4246148
1 8176106
1 8895485
1 2508820
1 5402456
1 2488164
1 3455667
1 6396635
1 2042139
1 1859959
1 5391459
1 2410890
1 7868813
1 8740280
1 7534721
1 8824125
1 2590560
1 8287745
1 2615189
1 1020383
1 3178049
1 6687169
1 5610728
1 4341423
1 8188606
1 4854185
1 619817
1 7313454
1 1350077
1 3600207
1 447734
1 9655623
1 5369075
1 6790376
1 4892928
1 4128907
1 5037174
1 7245154
1 5871649
1 7411047
1 5442298
1 4658636
1 2020216
1 6237413
1 570109
1 4844395
1 3409967
1 9860445
1 1824213
1 4333581
1 284415
1 4328660
1 5606083
1 1852334
1 6686728
1 7730510
1 4947636
1 9163140
1 4691623
1 6253533
1 2423165
1 8257601
1 966891
1 1752039
1 6355971
1 7456034
1 5251991
1 116089
1 7830861
1 3945864
1 2288358
1 5261110
1 2516066
1 3420661
1 8140498
1 2882888
1 4722486
1 5779537
1 3678462
1 3480624
1 1027173
1 7624946
1 4628323
1 7775375
1 7733504
1 7880709
1 6126743
1 7167388
1 7095498
1 1145203
1 3776445
1 5779939
1 931825
1 5452488
1 1744339
1 6434887
1 9145806
1 8386515
1 5551273
1 2391793
1 3407046
1 1148846
1 4501487
1 8335446
1 8162571
1 7861489
1 5345346
1 7809485
1 9119860
1 1343895
1 8261728
1 4699997
1 9161038
1 1903449
1 9585555
1 2210230
1 6988267
1 1563135
1 2424955
1 6413790
1 1615018
1 7108845
1 9343573
1 3661562
1 2459818
1 64144
1 9391899
1 1887208
1 1701616
1 1374786
1 5542146
1 2086344
1 9781128
1 9382572
1 6280797
1 6992023
1 6619190
1 1251962
1 6943247
1 7568371
1 5036478
1 7312312
1 7392425
1 6675659
1 9137611
1 2237890
1 7670998
1 8021337
1 6494530
1 1778602
1 5570768
1 4655096
1 2367605
1 4441635
1 730243
1 1587505
1 2793087
1 597834
1 75728
1 5484740
1 5669735
1 691136
1 2714972
1 7077789
1 7367346
1 290331
1 7236636
1 9218413
1 9493312
1 6740063
1 2049055
1 6630327
1 954072
1 461320
1 2288257
1 4029038
1 8471839
1 8155026
1 6551868
1 5266259
1 2152711
1 4839463
1 2335870
1 9537999
1 9497614
1 2348243
1 9294859
1 2370923
1 2445683
1 9872531
1 3975329
1 3328133
1 514492
1 3566143
1 8215488
1 9383189
1 7683415
1 6104310
1 7880109
1 7182212
1 8909695
1 8272
1 7047137
1 4002605
1 6358709
1 4473038
1 449564
1 8821589
1 5435263
1 1824498
1 8610872
1 4119885
1 7188487
1 4311041
1 2167905
1 8742355
1 7848172
1 9524387
1 9183680
1 6163990
1 4226509
1 2032082
1 1528968
1 5869602
1 6794200
1 7413839
1 6119189
1 7077845
1 8497836
1 7367833
1 8383561
1 6318747
1 9005642
1 472887
1 803726
1 8186892
1 5412707
1 3875825
1 1729968
1 328219
1 5870745
1 1292971
1 3012764
1 7971425
1 2058751
1 3877270
1 2427925
1 7712100
1 1268004
1 2813788
1 4682758
1 7943023
1 6123123
1 3135413
1 3909883
1 730002
1 4904321
1 7441165
1 9122938
1 9294900
1 7603264
1 9987531
1 4729450
1 4122609
1 185573
1 5101375
1 7887651
1 2496234
1 3329438
1 3304479
1 3045264
1 5138271
1 1209188
1 4307062
1 2827846
1 6570167
1 9831076
1 5073293
1 3034860
1 7626507
1 6679468
1 1569045
1 5995761
1 5985923
1 3870418
1 48076
1 9070274
1 2758662
1 7627157
1 2109984
1 4735265
1 6487961
1 2493778
1 5652406
1 5753836
1 4204076
1 53571
1 2406199
1 3156776
1 4316224
1 3575622
1 105350
1 971866
1 610025
1 7705718
1 4773762
1 3731966
1 8782478
1 1841647
1 1308379
1 2510435
1 3405669
1 2989459
1 523908
1 7310901
1 2631704
1 2880988
1 7381658
1 5378970
1 868361
1 7493716
1 8421771
1 5999786
1 4814134
1 9707903
1 2141411
1 9117077
1 8756051
1 884460
1 4081038
1 1907437
1 7586699
1 8248097
1 3855056
1 8622865
1 5311476
1 1872126
1 5132744
1 2531560
1 4469918
1 7042815
1 4447830
1 1926079
1 306031
1 71574
1 6220171
1 8420275
1 3088343
1 954141
1 5490448
1 2668739
1 710206
1 580258
1 494298
1 4385870
1 4155574
1 515929
1 4886622
1 8090439
1 8377301
1 5667044
1 9851621
1 1500118
1 3348049
1 2938551
1 5894078
1 1498067
1 6209095
1 2423292
1 6040077
1 3252691
1 7745924
1 6353655
1 7518863
1 5816976
1 9849871
1 1312179
1 4140041
1 3915667
1 1595529
1 3958603
1 1478897
1 5238443
1 8768589
1 6203940
1 1360518
1 2047606
1 9849811
1 6045868
1 4183622
1 9333310
1 4757695
1 5195751
1 2089580
1 2808460
1 6820875
1 3552621
1 7783274
1 2291266
1 3303995
1 1331501
1 7279436
1 1219861
1 6393901
1 2582727
1 9569045
1 4092000
1 5057642
1 4298989
1 8582526
1 9621027
1 8035769
1 6481682
1 1968522
1 1822454
1 6033324
1 7621680
1 8087019
1 6621813
1 3562257
1 9839399
1 5595080
1 2521546
1 4503732
1 5455145
1 3286240
1 757265
1 6751683
1 4459082
1 5401252
1 1802549
1 2224483
1 3423630
1 6264564
1 7891762
1 5445153
1 9465641
1 724008
1 922822
1 7690333
1 2250476
1 7621050
1 8370910
1 8545882
1 3579272
1 4665853
1 4319245
1 2618067
1 4765965
1 1994014
1 5331644
1 3749908
1 5731939
1 5245890
1 3295782
1 2039082
1 6972644
1 3539877
1 7054257
1 2232006
1 8588410
1 8913175
1 1490455
1 6519915
1 490323
1 6474540
1 2335967
1 6608543
1 5799982
1 8661285
1 6653646
1 2454710
1 1564337
1 8779409
1 3871951
1 3347910
1 8160777
1 7935089
1 6353257
1 5328959
1 4237571
1 9351559
1 148738
1 8865589
1 8791897
1 4370706
1 405913
1 6395637
1 8754938
1 6597094
1 2427030
1 2860566
1 4354944
1 1666506
1 6824263
1 1914593
1 8012042
1 6778133
1 900412
1 8184032
1 1369426
1 9463012
1 1334065
1 3732781
1 5657180
1 6473561
1 5763062
1 5967176
1 4208193
1 4052940
1 6876635
1 2304804
1 3713912
1 6729096
1 778548
1 4132185
1 3153417
1 9527415
1 2476219
1 9515884
1 5687760
1 3143726
1 1822906
1 3493890
1 7057187
1 882431
1 8602359
1 5577779
1 9010109
1 6063879
1 5859508
1 7326410
1 3823233
1 5879770
1 6387836
1 1196416
1 3775793
1 7851840
1 2152627
1 5987177
1 6186997
1 1550236
1 7768856
1 8647711
1 7012871
1 6332548
1 4410117
1 1230184
1 7680742
1 7833255
1 2502497
1 4423627
1 238270
1 8852083
1 6078643
1 7109126
1 3966385
1 5891867
1 7813801
1 5560057
1 7393551
1 8716938
1 194150
1 2428836
1 4033689
1 1660607
1 3780005
1 4574245
1 6127264
1 3757700
1 9477415
1 3094239
1 7462732
1 6003100
1 6170550
1 653508
1 3062227
1 6521762
1 8922299
1 5927851
1 5832200
1 9264415
1 9582826
1 6858386
1 5070817
1 8541324
1 4366493
1 7688641
1 1377932
1 893750
1 1737211
1 9342977
1 4521032
1 5194968
1 3564749
1 7164304
1 9348428
1 9821726
1 3355940
1 4123802
1 4679743
1 1540847
1 6998311
1 6580654
1 8489417
1 4827900
1 4905000
1 8148750
1 1548902
1 6928163
1 3766013
1 3353823
1 8079903
1 2035943
1 8634718
1 6024549
1 9537411
1 9121297
1 1399261
1 524347
1 1371052
1 5422752
1 4099890
1 7425566
1 1522521
1 3233488
1 554398
1 7403538
1 2227452
1 1435769
1 7901029
1 1082027
1 838344
1 2419783
1 8291058
1 2104765
1 8291359
1 7316124
1 8040656
1 4939410
1 190225
1 4195914
1 9130232
1 1995912
1 1531773
1 8959123
1 9378093
1 6127784
1 561900
1 3913553
1 9044191
1 9402729
1 2541869
1 366011
1 6389863
1 703321
1 2222932
1 5594900
1 6428607
1 9312841
1 1217752
1 7556977
1 5168081
1 5500805
1 3470002
1 7163151
1 8119739
1 1074723
1 6387504
1 4230672
1 76092
1 1767018
1 5067814
1 3691578
1 9511850
1 9699313
1 6341175
1 220186
1 6567432
1 1269158
1 9859615
1 1511319
1 4085363
1 1049917
1 7032564
1 8840038
1 7496361
1 9281304
1 5218423
1 8463570
1 546466
1 2411414
1 8286888
1 8140194
1 6167556
1 2516320
1 9188189
1 1954563
1 3462223
1 4493298
1 9093346
1 237050
1 8335516
1 9884415
1 7597678
1 2416223
1 2475562
1 5304479
1 6714835
1 7407192
1 4574765
1 7692839
1 9929085
1 6212631
1 6657773
1 9654009
1 1407056
1 366701
1 3619273
1 9213868
1 3738985
1 4136198
1 5829375
1 7269472
1 9339049
1 1612345
1 1391475
1 490752
1 3916486
1 5561882
1 4027422
1 3367274
1 8874989
1 2747881
1 9210898
1 1409903
1 8558028
1 2708417
1 1032168
1 5038750
1 4203862
1 9838730
1 5600393
1 5839705
1 7109055
1 6236402
1 3453347
1 24908
1 9751224
1 8373986
1 2196108
1 2996697
1 6394000
1 33343
1 3058278
1 281364
1 4444245
1 6138495
1 3663337
1 6826847
1 3174565
1 4084921
1 7014954
1 9842949
1 3404238
1 6968312
1 9570903
1 6366853
1 723600
1 2870238
1 9800679
1 24241
1 3486221
1 1683419
1 962975
1 4884816
1 2472149
1 9181488
1 6594106
1 6045367
1 3086853
1 9887696
1 2829094
1 2741402
1 8600210
1 2468461
1 8385098
1 1484455
1 7507437
1 3066086
1 4831054
1 4481043
1 5867880
1 7424393
1 4065973
1 9604614
1 729293
1 3838380
1 3653315
1 4510187
1 4016987
1 7218371
1 4696823
1 3944641
1 6035308
1 8223339
1 6893772
1 3387657
1 7692720
1 8615819
1 8886177
1 5294279
1 781055
1 3901399
1 3735212
1 9055555
1 2603124
1 7103312
1 2067863
1 9126672
1 1231988
1 6990781
1 7144151
1 8599772
1 6390799
1 7686004
1 1587360
1 3399591
1 988228
1 6555091
1 3500535
1 9146615
1 3540080
1 7251462
1 8817156
1 8561861
1 8591532
1 7909574
1 6278903
1 1764842
1 6314823
1 4931750
1 8524295
1 6166068
1 5247874
1 2949584
1 7074821
1 9104622
1 4134159
1 3192963
1 1260055
1 3808106
1 1433882
1 4270297
1 7048543
1 3743673
1 8260822
1 4294260
1 563421
1 6609453
1 5783497
1 6736544
1 7789216
1 6993529
1 3427921
1 915424
1 4788420
1 3898316
1 2533306
1 2399171
1 5649904
1 9065149
1 4977159
1 9764405
1 7573499
1 7141350
1 5056491
1 6276113
1 5254879
1 4350463
1 3813673
1 7609194
1 6616045
1 5530904
1 640338
1 9702642
1 3530843
1 1598744
1 2287742
1 4145975
1 5898688
1 2413681
1 8399669
1 7499408
1 6695757
1 4206108
1 211182
1 6991042
1 5297773
1 2400278
1 5343298
1 1160915
1 3470357
1 6481280
1 3529246
1 6709728
1 8560843
1 9258910
1 1512915
1 7855454
1 3546062
1 1888761
1 2326265
1 6376185
1 1875162
1 6479557
1 8683486
1 9864859
1 4112334
1 7831620
1 8102379
1 9118536
1 1373068
1 2715030
1 97590
1 5920360
1 942942
1 9480503
1 7710069
1 2290485
1 8387273
1 6437873
1 3385594
1 3167352
1 1028967
1 5707769
1 3299979
1 8031298
1 4703146
1 2997312
1 9195907
1 8345322
1 8479767
1 8852977
1 7000625
1 806876
1 2604543
1 3226931
1 170276
1 5160605
1 7026689
1 1199026
1 3094851
1 401910
1 6319750
1 4855562
1 8563123
1 2490198
1 4784351
1 2311664
1 2864550
1 5005640
1 8533278
1 3922315
1 5174727
1 7525394
1 3547642
1 8530371
1 3261103
1 874183
1 3453783
1 6312124
1 5498500
1 5980082
1 6427609
1 740477
1 6633254
1 1482616
1 2638018
1 8278709
1 2584107
1 5914320
1 5185573
1 3033100
1 674559
1 8087206
1 7734863
1 5979342
1 5785801
1 5826275
1 8647631
1 9056416
1 3652181
1 9121937
1 2244074
1 4050796
1 6954568
1 1060810
1 4024911
1 4314111
1 5024910
1 8976483
1 7780481
1 5611212
1 7429535
1 273709
1 8251503
1 8185677
1 2226107
1 446257
1 7131503
1 6498181
1 3138534
1 4794664
1 9406083
1 6337394
1 3197201
1 9923712
1 6698320
1 431381
1 4083706
1 8122585
1 5705561
1 6081470
1 7468423
1 5192067
1 1321041
1 972989
1 8703411
1 5290913
1 2638146
1 2282152
1 888201
1 6070067
1 7927210
1 4055192
1 713892
1 583325
1 242619
1 8008244
1 7695039
1 7835299
1 7202774
1 4074831
1 6808046
1 2950221
1 1740421
1 4072514
1 4779700
1 5107184
1 3861090
1 420385
1 1769794
1 3447880
1 7205886
1 4789239
1 8318263
1 4704085
1 5143870
1 1840337
1 7823701
1 2329116
1 4716921
1 5250395
1 5224275
1 9848242
1 9044829
1 5698091
1 597476
1 4983099
1 3299539
1 4280918
1 7793961
1 8433922
1 8908640
1 3736115
1 56551
1 5254756
1 7660556
1 1860470
1 1082501
1 7155173
1 5926572
1 4233234
1 706665
1 2349041
1 8468003
1 5122799
1 6285865
1 5761117
1 6697933
1 3003100
1 879751
1 7853196
1 5473589
1 2742046
1 3849739
1 8056363
1 2733908
1 7157726
1 9159034
1 6680461
1 1836740
1 5240057
1 1531979
1 7701950
1 2727561
1 9884880
1 7302003
1 8229614
1 2351443
1 1058945
1 520618
1 9364615
1 8958420
1 8040928
1 9580394
1 9035319
1 2222239
1 4005993
1 747160
1 9026610
1 5059396
1 6946450
1 9598256
1 7771976
1 4314324
1 9558036
1 5850221
1 9262847
1 5588658
1 8660380
1 6131171
1 9509946
1 568952
1 3021645
1 7167642
1 3735075
1 8331285
1 6230861
1 4245917
1 4079479
1 1108416
1 4355576
1 4910267
1 8617889
1 567226
1 4925463
1 8022182
1 8082221
1 2745112
1 1551980
1 9848986
1 8898946
1 9183797
1 3340380
1 840635
1 9591739
1 9753768
1 8772515
1 5693596
1 4797737
1 1108336
1 9316223
1 3788887
1 9932757
1 2844743
1 2438010
1 7268297
1 5267140
1 3350668
1 7801445
1 3105240
1 14770
1 3392515
1 849992
1 294179
1 1283015
1 6489887
1 6065575
1 7332899
1 3148810
1 2705179
1 82473
1 7145245
1 530811
1 4125423
1 1040675
1 6591571
1 1888672
1 6200890
1 6279629
1 9271267
1 2242262
1 6388757
1 8780490
1 1576842
1 5341127
1 8220503
1 64464
1 7846459
1 3941874
1 6772786
1 9423516
1 1341889
1 7264839
1 9895671
1 6308153
1 319732
1 5774910
1 8634439
1 4919366
1 3888572
1 6683683
1 8328961
1 6781506
1 6194501
1 836013
1 1035340
1 6839471
1 7186390
1 9853775
1 2637318
1 2433907
1 5546632
1 3198555
1 2366054
1 8251247
1 6934436
1 5260356
1 99936
1 6132271
1 6251737
1 6082488
1 1343810
1 6438879
1 2210811
1 608039
1 2374007
1 828862
1 5179607
1 4437687
1 5585908
1 680485
1 1328325
1 2141536
1 2303470
1 4025373
1 5326788
1 3536684
1 2641567
1 7447697
1 3340467
1 6853957
1 6248931
1 2209167
1 5220498
1 9958851
1 3076459
1 7719828
1 413996
1 9632025
1 2990186
1 2044073
1 530749
1 2363641
1 6949880
1 4896780
1 8606104
1 3565998
1 955308
1 1188599
1 8798228
1 8617034
1 9060947
1 7115736
1 4505027
1 7885947
1 9377950
1 7398837
1 7810932
1 9723992
1 1367893
1 9479061
1 5755754
1 1783823
1 5033829
1 3846098
1 746665
1 3985710
1 1945686
1 3449123
1 3005155
1 6592022
1 6797843
1 2160825
1 9474331
1 3877421
1 9431131
1 3467145
1 8184459
1 9859086
1 2572416
1 1956669
1 6428307
1 7464680
1 6022246
1 352015
1 8076753
1 8186516
1 983287
1 4181453
1 4763447
1 2909651
1 8497950
1 7866464
1 1144516
1 5334099
1 1451413
1 4379430
1 8725476
1 5066512
1 2175419
1 9137334
1 995829
1 5291663
1 1328727
1 2471833
1 8388791
1 2185560
1 2896664
1 410648
1 8976682
1 11320
1 1028495
1 1159699
1 9055619
1 6057295
1 8007345
1 805685
1 8804205
1 8956082
1 1299719
1 7710851
1 7624259
1 9509997
1 296220
1 4623560
1 5970937
1 7526754
1 1348266
1 5824350
1 1080003
1 2933868
1 2971380
1 9622430
1 73091
1 9681087
1 6621385
1 3248857
1 9550139
1 3756958
1 2592963
1 8162844
1 2059118
1 5836677
1 8784393
1 8233348
1 1727807
1 9064897
1 2966512
1 8390429
1 5181482
1 1632560
1 5032518
1 1482164
1 1954811
1 9587285
1 5406601
1 9016730
1 7404748
1 9661402
1 9746883
1 4838745
1 7377886
1 4841586
1 8494223
1 7368678
1 8936904
1 7745122
1 9888910
1 2507720
1 5099142
1 9770615
1 4522535
1 1300327
1 4800450
1 568794
1 9532167
1 6648001
1 2181525
1 8214494
1 9779789
1 5426658
1 4401923
1 2038898
1 9694738
1 4855617
1 7310816
1 3720690
1 4093150
1 6552468
1 9068503
1 9800011
1 1223447
1 6747843
1 2120388
1 4257927
1 707329
1 4253977
1 3944927
1 5685735
1 1352127
1 4336131
1 6399246
1 1750678
1 2205376
1 4055632
1 8156211
1 5436702
1 7756044
1 6825262
1 1363174
1 8554207
1 9768859
1 7859217
1 603225
1 7289364
1 3333894
1 6611220
1 9490923
1 9576877
1 4370036
1 2147557
1 2236113
1 6336235
1 927307
1 300490
1 899854
1 7394933
1 65509
1 5804194
1 8640192
1 7473032
1 5479332
1 3114688
1 3507351
1 7394440
1 3594539
1 3357460
1 6530403
1 5569602
1 7430097
1 4680369
1 4602965
1 2710558
1 5036877
1 1465563
1 9179417
1 1179781
1 8877010
1 8045769
1 9576679
1 9955660
1 9132213
1 4088548
1 1603993
1 8382767
1 2013966
1 7548594
1 8483315
1 9143020
1 2800939
1 1892664
1 5447839
1 8754003
1 6331054
1 9760922
1 3761556
1 8739526
1 1607694
1 7562029
1 3835479
1 1878134
1 1465084
1 7988950
1 4224047
1 9667054
1 8627500
1 5073673
1 333247
1 5598859
1 6448079
1 4094635
1 7235378
1 2562260
1 8415085
1 9494054
1 7528743
1 1139404
1 7982268
1 4303627
1 6870206
1 9067580
1 9680831
1 9325597
1 1139607
1 2051161
1 6446537
1 1987644
1 4486436
1 6345468
1 539254
1 1544101
1 9131543
1 5774564
1 1253346
1 6577205
1 7883108
1 8041398
1 2636367
1 6713204
1 711918
1 4386035
1 6684171
1 6574293
1 6465672
1 7592087
1 261188
1 4072257
1 9017582
1 2193347
1 1229097
1 8370079
1 6779927
1 3515231
1 1799790
1 7749154
1 3295130
1 6782140
1 6815273
1 7292600
1 431285
1 4709956
1 367380
1 731284
1 8160120
1 7020210
1 2194094
1 9991309
1 2954537
1 3171678
1 8462109
1 6312821
1 4762490
1 1328955
1 9190395
1 708968
1 6932539
1 2452194
1 7834714
1 2667341
1 4984412
1 666278
1 5045012
1 9817364
1 4910573
1 526137
1 8782099
1 5493519
1 4931448
1 534496
1 8180172
1 1456235
1 2742196
1 9990884
1 6430687
1 8272056
1 4427714
1 7535752
1 376901
1 7045868
1 586527
1 4948953
1 824318
1 5822059
1 3346588
1 5742638
1 3034814
1 4107087
1 2320045
1 1527243
1 682586
1 1582166
1 2592750
1 5155104
1 5300931
1 8270881
1 9939400
1 9623608
1 7952781
1 359957
1 6459484
1 9691408
1 9126848
1 6364216
1 3934730
1 8814684
1 2387959
1 9228798
1 1754366
1 6999080
1 9280248
1 6471885
1 3753871
1 9345020
1 141607
1 9587834
1 9434476
1 5306056
1 6879977
1 6516788
1 9362298
1 3665386
1 2226126
1 7333764
1 2963546
1 1835044
1 9525270
1 1889721
1 4997358
1 2945728
1 5901913
1 7927298
1 8348049
1 8839594
1 2692637
1 9865906
1 4484613
1 4024766
1 4429513
1 1183001
1 8543412
1 5459459
1 4107053
1 9331101
1 3683197
1 4408121
1 2709014
1 2199315
1 952947
1 7764563
1 5982964
1 2163850
1 4169604
1 5108344
1 695526
1 7119575
1 7494298
1 8267188
1 890338
1 2912049
1 9399532
1 6345758
1 8361475
1 5243873
1 5148274
1 4667570
1 2656438
1 6001225
1 8900076
1 6184850
1 1556057
1 7201768
1 4064199
1 6095150
1 1584278
1 5911942
1 4074665
1 1107828
1 6149359
1 8963947
1 5211535
1 721104
1 9556552
1 5941180
1 8696998
1 209684
1 6460488
1 1610575
1 37454
1 38323
1 9627047
1 3003957
1 7753618
1 1830029
1 3632828
1 6260308
1 1114161
1 8590378
1 2314261
1 6722498
1 3092026
1 7345315
1 1589568
1 8648479
1 4570074
1 8039720
1 3056308
1 6283109
1 2533202
1 2028950
1 2239183
1 1303541
1 6646165
1 2705635
1 3060227
1 3765162
1 4817104
1 1795452
1 826210
1 3652226
1 106012
1 9984563
1 3611485
1 209984
1 7419223
1 3215668
1 6311696
1 4983437
1 2504589
1 5692189
1 6238263
1 6352912
1 1815134
1 3257629
1 5692164
1 136895
1 7088507
1 7488338
1 3240093
1 2775177
1 371516
1 8405126
1 4418701
1 7856774
1 3903525
1 1383790
1 1093583
1 3607535
1 2352284
1 4171302
1 4018533
1 9156113
1 6057699
1 8733275
1 8760594
1 312845
1 9593626
1 8612091
1 3319568
1 7547061
1 540124
1 1656345
1 2923968
1 6896565
1 2156658
1 8150620
1 8478147
1 3854196
1 4022776
1 943747
1 6233772
1 2835085
1 9201556
1 2739424
1 7238046
1 9040090
1 4128325
1 4511274
1 5810500
1 9018171
1 3404781
1 4952542
1 9948975
1 3972559
1 1717725
1 9151700
1 690601
1 5531310
1 5131519
1 9332556
1 2996129
1 2112306
1 6933038
1 5330766
1 9142425
1 4771649
1 390542
1 8955942
1 4157287
1 480799
1 5335104
1 8004548
1 850954
1 3433516
1 6699135
1 1659161
1 7381234
1 6795104
1 8288622
1 9039405
1 9254504
1 3396499
1 7508087
1 1797873
1 3230113
1 2942655
1 4324498
1 4407107
1 126215
1 1128880
1 6483097
1 307551
1 3210516
1 8475362
1 5583103
1 4596011
1 9494249
1 3440870
1 8016399
1 9378233
1 2482531
1 7587227
1 696231
1 6381248
1 8560091
1 6623776
1 6744546
1 925824
1 1014117
1 4852706
1 5934732
1 3931908
1 3294570
1 7712150
1 9370960
1 7888093
1 7873324
1 632975
1 9189431
1 3206375
1 1976709
1 5391876
1 5024743
1 7180332
1 4174262
1 2636142
1 4649972
1 9873910
1 4469770
1 9223091
1 9811878
1 6283761
1 1796802
1 6032649
1 7127718
1 8496723
1 7113615
1 7569723
1 8037596
1 3749291
1 1648807
1 2965949
1 8674281
1 9991299
1 7569782
1 7835895
1 954717
1 1719958
1 1416595
1 6729537
1 6691592
1 4462481
1 3211224
1 8257485
1 9619995
1 5999891
1 9985120
1 6303779
1 9051597
1 8490956
1 1893945
1 9896062
1 208296
1 3982358
1 8197803
1 6465169
1 4412517
1 4474730
1 1430368
1 2719893
1 6609790
1 1644970
1 861932
1 3557166
1 5785515
1 3020036
1 2919844
1 4878185
1 9466535
1 1934939
1 3929721
1 248735
1 7017598
1 4833634
1 2632458
1 2446548
1 9724069
1 2239066
1 5498176
1 9195128
1 3191981
1 2064291
1 5609301
1 8280212
1 3389184
1 5240469
1 657160
1 3201167
1 2957871
1 5541057
1 8488414
1 3195982
1 3224862
1 7110436
1 1858456
1 5473646
1 9770116
1 9533213
1 4520570
1 2996102
1 43936
1 8445641
1 5087887
1 6421734
1 9046462
1 6475566
1 6782579
1 1065902
1 5319260
1 5636341
1 2261778
1 4347867
1 4490289
1 7405102
1 2678939
1 7736752
1 3213100
1 6437052
1 7873962
1 1568142
1 7420882
1 2043288
1 9366019
1 3137297
1 4312961
1 5193614
1 6884104
1 4937340
1 5009420
1 3345040
1 5991221
1 2185353
1 3607080
1 9049969
1 1747024
1 7233001
1 3636935
1 4395590
1 8962665
1 8971888
1 3971954
1 2214296
1 9464919
1 1142285
1 5657108
1 874297
1 7481004
1 4205861
1 982334
1 964202
1 4123716
1 615332
1 5942592
1 1559423
1 2836020
1 3028985
1 3214035
1 3146106
1 727571
1 8476539
1 8668241
1 193326
1 6854206
1 8289909
1 1005562
1 9079460
1 4023522
1 8758257
1 4033810
1 1810477
1 5453307
1 7152380
1 2963179
1 540368
1 8646430
1 6483615
1 5113922
1 5937772
1 516119
1 7709936
1 5729913
1 6479353
1 7345030
1 8369930
1 7943227
1 5960500
1 2746114
1 7335392
1 1023390
1 8806918
1 5515830
1 4349058
1 9541533
1 805337
1 521481
1 6443212
1 2582737
1 7970766
1 3297127
1 6543647
1 9111158
1 7842616
1 2994255
1 3797425
1 8628812
1 1000264
1 2758704
1 6898288
1 7604739
1 9765721
1 17210
1 3322972
1 778754
1 9503613
1 6652461
1 1236471
1 8830551
1 6749070
1 97772
1 2374955
1 3775248
1 6701204
1 5689824
1 3492480
1 1718016
1 6526975
1 5314076
1 550879
1 1285924
1 3388645
1 5873888
1 5905318
1 716574
1 7171935
1 9930136
1 5129597
1 7304507
1 4919841
1 8470546
1 2698721
1 2831035
1 8626360
1 9504568
1 2250852
1 211466
1 9567031
1 11554
1 7310942
1 3608907
1 3726561
1 7364726
1 1611415
1 126519
1 7319620
1 2672888
1 9216264
1 4830978
1 8663941
1 7752450
1 3118829
1 9606912
1 6553891
1 3222743
1 4866411
1 5315519
1 1927705
1 1984939
1 9424911
1 1989471
1 8117849
1 861637
1 9319454
1 6443050
1 5963995
1 9388853
1 927315
1 1773200
1 7784707
1 4482499
1 976131
1 9705027
1 5498296
1 7341359
1 2099601
1 5210723
1 7687429
1 802302
1 2125960
1 4834803
1 8916697
1 1901901
1 9957015
1 2052039
1 1364780
1 7186917
1 7222459
1 8527099
1 1438149
1 7094997
1 5971622
1 9388399
1 9832872
1 2824836
1 9660661
1 8264234
1 8376544
1 8519624
1 6956507
1 4926579
1 7750590
1 7838850
1 4059224
1 3504719
1 9886198
1 9018964
1 3228524
1 2215673
1 1042853
1 4648026
1 230915
1 7411705
1 7524448
1 2943723
1 3496776
1 4853434
1 9153062
1 5078513
1 2438568
1 1425518
1 3093297
1 8902959
1 1513953
1 2795743
1 2860447
1 6833511
1 2822544
1 3577370
1 7075632
1 4241536
1 5692192
1 2573044
1 9350177
1 3893017
1 6955376
1 5507833
1 191881
1 3874256
1 2863149
1 4906733
1 954289
1 1879861
1 3787215
1 508969
1 7155462
1 9909010
1 75054
1 8687864
1 566366
1 2921380
1 317902
1 9015056
1 7374432
1 7104512
1 2458947
1 6110287
1 6726289
1 3783500
1 9448837
1 8310734
1 9368580
1 4686269
1 2046967
1 8423819
1 4836361
1 395727
1 4922233
1 8821206
1 1038551
1 4800797
1 921709
1 1548047
1 6213399
1 5972806
1 1922996
1 8456917
1 7553042
1 4607653
1 576874
1 933398
1 9262319
1 4581529
1 5681874
1 5849970
1 4113001
1 4707765
1 8223679
1 4434805
1 1134152
1 3847980
1 6849708
1 6386108
1 7883931
1 2720349
1 6927540
1 7688199
1 7289027
1 3718373
1 7660156
1 8612834
1 1373892
1 8517726
1 6619205
1 6373875
1 3165214
1 3370136
1 2234705
1 629853
1 2399614
1 7664107
1 5892612
1 5913868
1 1573801
1 4252396
1 4043065
1 5363305
1 5197121
1 297390
1 4280839
1 7290979
1 7634617
1 4453570
1 5717861
1 1396317
1 208198
1 4508095
1 7141171
1 2594413
1 3878864
1 6231044
1 6461048
1 82055
1 3964209
1 9144995
1 2939187
1 3725070
1 2010913
1 3220207
1 1580397
1 3239481
1 3873933
1 711848
1 6945840
1 5736590
1 2417763
1 211559
1 7822427
1 3632464
1 1015976
1 576096
1 1679285
1 605434
1 3148133
1 5930672
1 1055822
1 6317039
1 9588315
1 3639545
1 5341975
1 6562277
1 4882861
1 2878110
1 9966455
1 4900942
1 5177874
1 4684951
1 9769294
1 6080036
1 3830653
1 3694451
1 2003013
1 6339877
1 2387485
1 6040157
1 4765440
1 5899042
1 8839628
1 9929255
1 5977001
1 884308
1 8790247
1 954028
1 1515609
1 7282859
1 5685545
1 8817647
1 5983840
1 9065980
1 4038986
1 5119023
1 8715785
1 4791183
1 6480378
1 8668311
1 9149759
1 5413783
1 2799388
1 2495492
1 9004767
1 1681260
1 2546176
1 3732812
1 5075116
1 7291588
1 7078434
1 4421676
1 8452351
1 6136754
1 5184147
1 7425412
1 7504404
1 947004
1 7632608
1 9400639
1 6882551
1 4258
1 9683407
1 2076552
1 4997878
1 8407055
1 3041041
1 1222434
1 1891657
1 4012355
1 6087771
1 7516512
1 6148341
1 4856741
1 2521081
1 4655371
1 1717547
1 2163260
1 8202493
1 5558722
1 9186911
1 3894774
1 5911091
1 633236
1 934013
1 1972707
1 3084145
1 8337550
1 7631549
1 8530769
1 1565038
1 6814475
1 1025612
1 9620549
1 2515887
1 1213293
1 5098650
1 187684
1 9977490
1 7699415
1 4069103
1 3873969
1 3622856
1 2189344
1 9298635
1 9740313
1 6809472
1 2217544
1 9762945
1 2499274
1 2625684
1 5935175
1 939033
1 6241252
1 491796
1 8326023
1 7582739
1 1544420
1 586960
1 7516188
1 2303951
1 6416928
1 4460176
1 1014612
1 638090
1 8803161
1 637430
1 3091989
1 3728469
1 4732549
1 8838535
1 1992058
1 9666057
1 5115774
1 3098522
1 599145
1 9951289
1 1797480
1 8027868
1 2492928
1 4264919
1 1934009
1 9312199
1 1410552
1 5518815
1 2225439
1 3867213
1 3814817
1 5641973
1 9926993
1 7387149
1 5845735
1 9501813
1 189408
1 9534843
1 1104343
1 4581369
1 9579547
1 9232358
1 3103008
1 242444
1 9170666
1 6204206
1 9986149
1 4938422
1 9374951
1 2855606
1 191233
1 8229330
1 9248779
1 2811429
1 6084558
1 9681394
1 8457167
1 6129826
1 9268920
1 7202362
1 8380547
1 7920868
1 5781438
1 6849894
1 1640942
1 1269089
1 1656385
1 3838750
1 5450205
1 3461859
1 631666
1 9857202
1 1000456
1 9949937
1 5906697
1 3714639
1 6999140
1 6321805
1 864920
1 857428
1 7257418
1 9890233
1 4658909
1 9723996
1 6290782
1 1227914
1 1734974
1 5512969
1 3012289
1 5838482
1 6516361
1 7831876
1 2665160
1 2940126
1 7036028
1 7917935
1 3173993
1 443441
1 8393141
1 2670613
1 3322705
1 3079130
1 1357511
1 441264
1 1500245
1 3200303
1 7597627
1 4319801
1 1021137
1 6685733
1 4522830
1 7075115
1 3974226
1 7582052
1 2082484
1 1167090
1 3555683
1 3487677
1 3651421
1 515283
1 2938701
1 6909885
1 8201270
1 7376466
1 5556482
1 2985039
1 3213610
1 7054024
1 1557191
1 6395120
1 6104743
1 6072433
1 1448739
1 8678119
1 7714755
1 8885625
1 9355665
1 126955
1 3288146
1 4681658
1 5985984
1 6028837
1 469133
1 3147697
1 4126323
1 7135027
1 5446020
1 6192611
1 7390929
1 7764773
1 1851598
1 9260747
1 597220
1 3513431
1 5745118
1 1297582
1 7235505
1 4238992
1 4085827
1 972565
1 5219096
1 1578382
1 5220116
1 9467036
1 2474704
1 7218500
1 6061421
1 8682594
1 1394905
1 5139443
1 1212312
1 7422900
1 8020503
1 2751265
1 4017908
1 9601706
1 17540
1 8947409
1 499568
1 3330873
1 3538275
1 5501146
1 1538455
1 9776836
1 6538699
1 6883006
1 8550209
1 6344890
1 9559104
1 5738635
1 6353428
1 7348181
1 4726723
1 8633021
1 5981350
1 3194392
1 2349832
1 9034696
1 5000635
1 9098773
1 1589848
1 8176672
1 5875767
1 6652042
1 3099663
1 554139
1 1424758
1 8260544
1 1004796
1 6588019
1 2596054
1 9732609
1 2299894
1 3077429
1 8612456
1 1156041
1 6602743
1 9379799
1 3241733
1 8738361
1 6580058
1 5958319
1 9857774
1 6949788
1 2920476
1 6826366
1 9954761
1 4604187
1 3917075
1 9912861
1 6289514
1 8717003
1 135728
1 4911571
1 4826161
1 8407666
1 4489688
1 2446815
1 3453197
1 7811713
1 652306
1 4545707
1 1926857
1 1471569
1 862542
1 1116367
1 8351848
1 2269262
1 8166625
1 7752120
1 6533613
1 3792631
1 890815
1 6964447
1 2844697
1 884250
1 4874402
1 7621494
1 753129
1 2606275
1 8442195
1 3201977
1 3491240
1 2706054
1 3584859
1 2121642
1 317113
1 6305993
1 289370
1 6797799
1 6171990
1 6053567
1 5595873
1 2538133
1 5404950
1 5414688
1 8921564
1 5696307
1 985702
1 5432230
1 7604519
1 2723276
1 1558953
1 250163
1 447884
1 8177751
1 1739371
1 3160528
1 6541096
1 8838868
1 6906404
1 1840165
1 4401418
1 8666479
1 7319729
1 736810
1 7702407
1 3632199
1 733156
1 9265466
1 47933
1 4922023
1 7053878
1 1065556
1 5617864
1 5793218
1 9824881
1 6736881
1 1034193
1 4516391
1 2208780
1 3435726
1 219506
1 2693552
1 7490809
1 892766
1 9509856
1 6902387
1 1831402
1 9249510
1 548510
1 8879063
1 2824917
1 7733139
1 1090794
1 193348
1 9204783
1 144275
1 2363739
1 3788496
1 48991
1 8921729
1 526261
1 8560046
1 9933171
1 3943702
1 7304799
1 1809660
1 8173178
1 6256148
1 5600858
1 2751006
1 3568390
1 4097505
1 1408430
1 3650200
1 2771844
1 5051603
1 1553092
1 1320795
1 3494924
1 2167765
1 1263608
1 7546694
1 4328240
1 6059235
1 4146399
1 2365059
1 2888569
1 9810238
1 4010062
1 7122944
1 1252505
1 6238451
1 8868604
1 8948846
1 2916234
1 1010322
1 9066614
1 727477
1 4683113
1 109892
1 9339809
1 9827979
1 8008347
1 6983547
1 3221469
1 9934275
1 1887212
1 5918287
1 5621557
1 8403292
1 8453407
1 9918658
1 4336188
1 2762602
1 9701853
1 4772920
1 4980380
1 8178450
1 8548284
1 5438272
1 8458197
1 7177299
1 1865538
1 805497
1 1091211
1 1067853
1 5232414
1 7063108
1 6482989
1 6245667
1 5508012
1 9669924
1 1504370
1 2463235
1 9353258
1 9504821
1 7392733
1 8456516
1 7005954
1 3773412
1 9297936
1 4245933
1 6954254
1 5641751
1 5231472
1 2901191
1 702324
1 1893788
1 1686419
1 7344442
1 2041198
1 7976058
1 5853941
1 4620883
1 2006651
1 5272073
1 6407813
1 2040763
1 2757012
1 8717636
1 8947652
1 7523417
1 8473964
1 1487398
1 8359246
1 5746428
1 9455568
1 2083283
1 5397618
1 1641996
1 1656450
1 9243330
1 4087823
1 8310243
1 4068878
1 8152319
1 5654707
1 744706
1 2793557
1 1035764
1 261357
1 7189395
1 5563646
1 5113027
1 9297420
1 4124987
1 5960535
1 2451846
1 1187025
1 3160840
1 585353
1 2956257
1 5996652
1 7313143
1 4419720
1 3524177
1 2701736
1 3514648
1 6803443
1 8839370
1 3108168
1 2933884
1 4010750
1 7796721
1 2401620
1 4727156
1 9461518
1 5438563
1 2700096
1 5359776
1 9106948
1 9626149
1 4729047
1 4040232
1 3274506
1 2798338
1 4730388
1 536758
1 2386107
1 2183599
1 431207
1 7320317
1 874249
1 5873885
1 7532125
1 2429190
1 7180168
1 3624096
1 2631448
1 9141502
1 6011820
1 2921810
1 1149452
1 4397316
1 6232505
1 5631941
1 811715
1 8699189
1 5119568
1 2610170
1 8061773
1 869691
1 7810433
1 6996473
1 1470805
1 305888
1 137909
1 727787
1 270680
1 487336
1 3609260
1 6196086
1 3417940
1 7558156
1 741462
1 832536
1 3717823
1 5003791
1 3366274
1 9373962
1 2999823
1 3238098
1 9609722
1 3330825
1 6230701
1 8916835
1 3605025
1 2273112
1 9523312
1 1678813
1 5271226
1 2690019
1 9145333
1 7795579
1 8373184
1 388092
1 9099610
1 8026668
1 1137061
1 218946
1 7620778
1 5365563
1 9608528
1 6021864
1 5801065
1 6902877
1 2402036
1 2084153
1 1828146
1 7764903
1 5459783
1 2792003
1 1177926
1 6459719
1 351171
1 8455959
1 7449089
1 4016
1 2261294
1 4972656
1 4717322
1 5098685
1 1002020
1 7986858
1 7968836
1 1031747
1 9533966
1 2505804
1 15115
1 8339856
1 9998330
1 6908292
1 621571
1 4083819
1 1954579
1 6518864
1 9023176
1 8792300
1 470605
1 9773113
1 5161695
1 114492
1 377247
1 4045195
1 8905037
1 6459691
1 4669584
1 6104995
1 92106
1 3576679
1 7195575
1 3583640
1 7592999
1 8428249
1 827487
1 2170817
1 9078807
1 4537796
1 573221
1 1626727
1 6648007
1 1601853
1 807159
1 8302046
1 8219303
1 2509375
1 1868515
1 8196097
1 4202687
1 3057743
1 1009840
1 1818614
1 8934055
1 7794593
1 1203031
1 3074075
1 5658674
1 7816580
1 8972441
1 2635571
1 8181279
1 6281561
1 4313797
1 4991500
1 8118659
1 2889604
1 5065900
1 8767589
1 487956
1 2958357
1 4079713
1 1756654
1 6527462
1 1294312
1 2033432
1 4954982
1 1657419
1 4258490
1 3703334
1 2911128
1 6064459
1 1795863
1 7544346
1 1671003
1 5417917
1 8726043
1 9158915
1 1111943
1 7491528
1 9776502
1 7287634
1 1463048
1 8820619
1 1879212
1 7847940
1 7927165
1 4301257
1 6397492
1 7803557
1 7934150
1 6357447
1 6436662
1 1634565
1 6309139
1 5599731
1 175960
1 1159533
1 2914553
1 8260880
1 7224234
1 499960
1 1434115
1 6514548
1 8509977
1 5539657
1 665597
1 451000
1 8456082
1 14376
1 7567979
1 8891248
1 2938958
1 7590997
1 5077606
1 6819154
1 1298362
1 8500888
1 3430701
1 7164634
1 5337761
1 8256591
1 7207374
1 6568550
1 517877
1 9564217
1 8876084
1 9362830
1 1713606
1 2869687
1 6797850
1 9156637
1 2598800
1 4272998
1 3609084
1 8299068
1 2309222
1 5763623
1 9200140
1 1730051
1 2653821
1 9994854
1 8268474
1 324425
1 5220856
1 633114
1 9162826
1 1637493
1 4515540
1 8269675
1 2635653
1 6896038
1 4218038
1 5902657
1 4943576
1 5431819
1 4248233
1 3114319
1 8791467
1 9909328
1 3588392
1 9053168
1 1823727
1 2622148
1 4231002
1 2031261
1 3395563
1 742697
1 2302015
1 8737830
1 9777666
1 7608563
1 9336939
1 1933108
1 9060171
1 9372696
1 4145774
1 2980626
1 7006451
1 7076307
1 2782606
1 670874
1 5506345
1 209755
1 5381754
1 2856979
1 2477639
1 6181358
1 4142621
1 9773493
1 704846
1 7025508
1 2622412
1 5476471
1 9834620
1 3594735
1 4087591
1 8072176
1 4725552
1 4526105
1 9830082
1 8700463
1 8477492
1 9526035
1 8412505
1 8091524
1 3754710
1 2717866
1 1103633
1 9487018
1 4184608
1 7630540
1 2327911
1 6309783
1 2820225
1 344815
1 1577982
1 956499
1 573298
1 9412200
1 925174
1 8356494
1 7789164
1 405798
1 8261006
1 4402441
1 4753808
1 4627457
1 6395797
1 8031941
1 1997867
1 1472729
1 5212535
1 6328409
1 7303633
1 3302858
1 3945688
1 8844591
1 2578034
1 1157873
1 4851807
1 3461769
1 1699105
1 5866665
1 4516959
1 2295788
1 3710304
1 6005270
1 5898167
1 2673368
1 1740380
1 1757497
1 3300327
1 5091359
1 3950250
1 1099655
1 691931
1 5576429
1 6331375
1 3580505
1 6123826
1 1287105
1 7700810
1 7847601
1 5570147
1 4908708
1 5575360
1 8756555
1 320742
1 8560935
1 1444808
1 2161953
1 2776379
1 338515
1 442758
1 4157740
1 3427721
1 7246863
1 5194265
1 3106368
1 1790791
1 6302455
1 8826515
1 8801512
1 149962
1 3306245
1 1121146
1 3665353
1 2680581
1 5253129
1 3419544
1 5313598
1 3845925
1 4398710
1 5826143
1 6577951
1 5328801
1 819821
1 7637188
1 3355705
1 1840934
1 7737729
1 2607859
1 6537352
1 6325366
1 3480640
1 5265102
1 5691900
1 3993858
1 8318893
1 7832509
1 6692815
1 72899
1 7818767
1 5901676
1 8074870
1 5658691
1 918233
1 7427633
1 6586287
1 9729624
1 7981503
1 8187795
1 4825520
1 1008023
1 8435811
1 7761586
1 3890465
1 1569110
1 5075942
1 2735765
1 7565846
1 3541318
1 4485693
1 2730371
1 9086905
1 5078730
1 6580357
1 113947
1 3158458
1 9477080
1 8053438
1 229458
1 4914279
1 4454228
1 9297357
1 4355888
1 1293648
1 6549295
1 781451
1 9558824
1 9269328
1 643868
1 3292249
1 7937480
1 3628498
1 6621601
1 5429230
1 5016062
1 8170485
1 8589799
1 4297946
1 4422684
1 2698628
1 6646667
1 6780372
1 8385523
1 9342506
1 3785344
1 3949063
1 6821189
1 7498733
1 1258572
1 6496624
1 945381
1 23127
1 3186070
1 5906669
1 3306560
1 1771463
1 631344
1 7916016
1 3204448
1 911841
1 2996633
1 5297138
1 717674
1 8478977
1 4288347
1 3459086
1 3203541
1 6842072
1 8835489
1 1089065
1 9626644
1 3013179
1 4289940
1 756713
1 2439204
1 231328
1 991468
1 9930620
1 9298668
1 3619542
1 2937153
1 5498245
1 2350260
1 2892312
1 6778605
1 9721496
1 19535
1 46647
1 9732411
1 5587505
1 8488938
1 447671
1 3610803
1 1337869
1 8087483
1 7784216
1 1242993
1 2865454
1 4526494
1 8707235
1 308558
1 6945932
1 4887315
1 9782893
1 9400358
1 9804417
1 3360481
1 3040429
1 5363365
1 1648243
1 9634840
1 4883980
1 5088964
1 3362765
1 9481143
1 8703324
1 1868873
1 206375
1 4704888
1 3481635
1 3631934
1 3948037
1 9096383
1 3331851
1 8361473
1 5328028
1 6694790
1 8086324
1 1755549
1 6233730
1 1258518
1 7812392
1 4232032
1 7979713
1 1001830
1 338396
1 5578568
1 8027659
1 177602
1 4135692
1 9227315
1 2106508
1 827053
1 6620196
1 1613053
1 3884001
1 886025
1 5030319
1 6206543
1 1722297
1 1617614
1 4624476
1 4709997
1 2571976
1 3948885
1 9043146
1 2617840
1 8010988
1 936143
1 6909820
1 7384567
1 505649
1 205032
1 5554255
1 7288898
1 5003530
1 8187763
1 867224
1 7402637
1 5340505
1 7130903
1 427885
1 2827945
1 4712063
1 6085289
1 4036169
1 1137915
1 2430652
1 5359040
1 6630778
1 9082458
1 9092461
1 9810947
1 5193667
1 8903110
1 5409753
1 6157481
1 8187287
1 2363809
1 3515154
1 6981739
1 3610008
1 1738487
1 1360410
1 2881408
1 246444
1 358059
1 1390071
1 7620075
1 8860685
1 9557058
1 1232111
1 3114981
1 6024448
1 8846874
1 9330604
1 2907312
1 3076931
1 6989835
1 1271233
1 7752853
1 1821990
1 44643
1 8081789
1 6121659
1 6773690
1 2413849
1 9795074
1 6103808
1 2334071
1 3970493
1 6536285
1 5476495
1 3167624
1 8903637
1 8949315
1 1672356
1 5178215
1 7387626
1 3468190
1 9728404
1 7614840
1 2549497
1 4298125
1 898614
1 2743911
1 3295178
1 8237660
1 9046399
1 3309193
1 713043
1 6701340
1 5783336
1 8015476
1 8504725
1 6969068
1 3713279
1 3262614
1 1347665
1 262127
1 2611330
1 8304530
1 3618152
1 8336241
1 4512716
1 6603612
1 2072696
1 8485962
1 1172676
1 1644182
1 5820008
1 2830268
1 3336436
1 7172326
1 5197250
1 6868041
1 4325276
1 8717865
1 4115758
1 6326705
1 6842462
1 573098
1 669934
1 3228613
1 6244545
1 6804662
1 5400573
1 6875192
1 4636793
1 7584477
1 6572345
1 2946526
1 2159573
1 7218757
1 5859047
1 6139393
1 9706835
1 6262008
1 8394226
1 7295327
1 577451
1 6172873
1 2073293
1 5604144
1 899576
1 3569952
1 6008872
1 2999238
1 9336469
1 9797313
1 4808414
1 8372564
1 9389697
1 2917555
1 7097536
1 6183720
1 6229654
1 510125
1 2797338
1 3071613
1 6023311
1 7886070
1 7485510
1 9061171
1 3222558
1 2056009
1 5384383
1 274985
1 7188925
1 3732319
1 7364915
1 5177693
1 7049311
1 4624761
1 1333818
1 9338639
1 3330761
1 7595041
1 1873873
1 642217
1 79733
1 8936707
1 9611891
1 3760246
1 4019223
1 533710
1 8359937
1 5566003
1 3436328
1 3198392
1 1866118
1 478608
1 5022117
1 4708937
1 1585374
1 2237816
1 6218642
1 7548928
1 7110380
1 5525404
1 1041015
1 8523758
1 5097100
1 1408623
1 7782334
1 3734969
1 2673994
1 9491752
1 9711764
1 9830777
1 3519996
1 8782329
1 4907762
1 9873983
1 9619092
1 7881960
1 4809803
1 4705426
1 1659575
1 9252794
1 4258630
1 2704070
1 2978768
1 8830376
1 9967924
1 2792645
1 7197113
1 5066080
1 6664122
1 6679463
1 3890738
1 2809980
1 6912823
1 2876717
1 9430232
1 9106597
1 5539792
1 4094315
1 3652029
1 2497775
1 4826416
1 1255836
1 1264205
1 4015157
1 1933852
1 5115854
1 178264
1 2213819
1 6809204
1 6637177
1 944718
1 2092937
1 882530
1 2210958
1 7807683
1 6624389
1 4900916
1 3999983
1 2668196
1 7896280
1 3927085
1 9803246
1 3778787
1 4215794
1 8785481
1 7012317
1 7726193
1 9723028
1 9452051
1 4721574
1 2216962
1 8606534
1 2165320
1 542576
1 2193199
1 8929558
1 2584338
1 9799732
1 157815
1 8698275
1 4242476
1 9159055
1 9207095
1 2920090
1 575611
1 5817198
1 8068240
1 9155832
1 3127885
1 3888494
1 5459523
1 3094961
1 3540560
1 2892499
1 9490833
1 8273164
1 4150899
1 2103385
1 3504647
1 784162
1 8626501
1 5614039
1 4139892
1 6783810
1 7670275
1 4445738
1 3056809
1 1964498
1 739405
1 1458866
1 609837
1 4801939
1 8357207
1 844511
1 2017320
1 5235193
1 6225260
1 5800587
1 4010555
1 3553317
1 4303504
1 3187293
1 2720277
1 5699078
1 4678223
1 5422859
1 6079397
1 621289
1 1309352
1 3576396
1 2908781
1 6607172
1 7683007
1 3519250
1 207531
1 7773974
1 6652150
1 6341141
1 5845886
1 6225277
1 8263918
1 139502
1 4231783
1 1296997
1 978306
1 6785194
1 6826316
1 6270331
1 6727912
1 3101312
1 5110840
1 3276857
1 1507207
1 5098972
1 495648
1 7124601
1 650845
1 7681246
1 96564
1 6772699
1 3404526
1 9146961
1 7987103
1 4298637
1 397423
1 3513602
1 3747212
1 2334261
1 5558329
1 4015452
1 4416058
1 5557632
1 598071
1 6462109
1 4864556
1 291756
1 7850853
1 433046
1 7133080
1 265126
1 1834854
1 2905210
1 4165515
1 313473
1 6790467
1 7463229
1 2577797
1 1291860
1 3602834
1 3203631
1 6994620
1 9439550
1 9659016
1 6005547
1 6163970
1 1049070
1 3695537
1 3297154
1 1577803
1 2140365
1 4644300
1 5818988
1 5496580
1 7122167
1 4424757
1 6920265
1 5963528
1 3823779
1 1256839
1 7626245
1 3673637
1 4636678
1 172419
1 8541092
1 5345055
1 3173991
1 6026178
1 9631288
1 5103845
1 6278849
1 3309183
1 5887710
1 5414762
1 9274517
1 9201677
1 4495375
1 6826057
1 1503422
1 6325199
1 3197890
1 7528962
1 9687266
1 3302789
1 3631913
1 5460856
1 8037110
1 7369077
1 83305
1 810780
1 5029719
1 2119022
1 8568403
1 6531251
1 1190991
1 4927018
1 9293784
1 9760246
1 2150756
1 5411348
1 5404293
1 6479415
1 7981531
1 9468816
1 2450270
1 4312569
1 3686799
1 4134907
1 6325402
1 9566476
1 6183101
1 8987505
1 839082
1 5056108
1 7770092
1 8482989
1 5774914
1 87605
1 2506545
1 7987996
1 8357848
1 321805
1 545231
1 6559825
1 7309061
1 1805263
1 3438352
1 7127986
1 6238661
1 7226458
1 7559602
1 6447567
1 7129881
1 1055930
1 8375286
1 3060251
1 8614697
1 3589086
1 3118170
1 1671321
1 7124896
1 6061245
1 3688449
1 3017895
1 6461746
1 9793092
1 5963425
1 6206551
1 2369354
1 9012390
1 2671465
1 3919387
1 4305280
1 9232891
1 4150095
1 1199684
1 1330425
1 3395674
1 9444560
1 7331660
1 8257130
1 642611
1 5393375
1 3692162
1 1259054
1 7208247
1 1416016
1 5357146
1 3057417
1 8013227
1 3955054
1 5937024
1 9927350
1 9609013
1 3338300
1 4752299
1 2806260
1 7598594
1 1886047
1 472730
1 1714951
1 4257424
1 8954493
1 5120020
1 1733214
1 4767007
1 3398581
1 7764366
1 3770302
1 478088
1 6969361
1 1241712
1 5701771
1 7808483
1 7581638
1 7578045
1 9385885
1 3749293
1 7254776
1 4633766
1 6368468
1 1461924
1 9641213
1 6698031
1 6654019
1 1677205
1 1750782
1 6119166
1 5924210
1 5890572
1 6647665
1 7996493
1 8169982
1 3454667
1 3614091
1 2365598
1 3473381
1 1944181
1 232770
1 9622572
1 3089961
1 8170383
1 5767061
1 4224394
1 5216239
1 1500291
1 3524482
1 9198608
1 2364468
1 4240401
1 4000929
1 1606198
1 9551777
1 5017193
1 8773683
1 6985328
1 5401196
1 9699499
1 9319176
1 5983807
1 2602605
1 8788187
1 7704167
1 8480551
1 3821433
1 5248068
1 3481103
1 9293533
1 5515283
1 2153066
1 9111407
1 2308155
1 6631031
1 4727092
1 621137
1 491694
1 576343
1 6824286
1 6156607
1 715428
1 8414033
1 7739123
1 9700099
1 7645973
1 8458738
1 4965154
1 9124848
1 6700529
1 6780372
1 5544760
1 4249522
1 8170186
1 1340558
1 336848
1 2509823
1 5300610
1 1085102
1 6038677
1 917376
1 1016160
1 6433933
1 5401979
1 3622178
1 2330508
1 7189041
1 3921039
1 4754225
1 5715657
1 81498
1 3773360
1 3569215
1 4446653
1 6785854
1 5045425
1 7893097
1 6803171
1 8180963
1 9969340
1 7820278
1 4427557
1 283584
1 7824121
1 7523921
1 7632062
1 8855959
1 7147344
1 3657253
1 9999079
1 6142203
1 7338101
1 2853323
1 2924565
1 9501872
1 7669748
1 9264963
1 5938597
1 8719660
1 386289
1 3609822
1 1860308
1 6267797
1 675751
1 7527736
1 1092826
1 5458012
1 1627150
1 1527561
1 8714709
1 6130205
1 3835523
1 1520677
1 5581929
1 2164458
1 4081759
1 5897668
1 3933027
1 4488155
1 4113429
1 8548590
1 6555257
1 9745201
1 613410
1 241958
1 4362905
1 4698244
1 8362949
1 1951430
1 8160516
1 6911629
1 4694980
1 1623577
1 1035430
1 5770880
1 8186638
1 6163501
1 9006215
1 4435417
1 3365051
1 7188934
1 6421085
1 2850173
1 9508392
1 6186274
1 1171660
1 9433578
1 7471035
1 4729746
1 7881240
1 6176846
1 3389665
1 5536978
1 6454468
1 6189807
1 2858616
1 7470199
1 6075922
1 4206589
1 9155488
1 2144986
1 3713882
1 2676359
1 5575939
1 38073
1 2083738
1 2329247
1 3373724
1 2205389
1 9387025
1 8495975
1 837433
1 6406470
1 2355680
1 2173372
1 5698825
1 7925941
1 7796009
1 1610574
1 263968
1 6524611
1 2454916
1 6359620
1 1446378
1 2236576
1 1431511
1 8544285
1 4364885
1 4974531
1 2536484
1 9646991
1 5600287
1 1687099
1 9703194
1 7433881
1 1437321
1 8541665
1 205680
1 3240802
1 8808786
1 6035683
1 7372586
1 1920643
1 3166260
1 288009
1 9836755
1 412662
1 9325897
1 1752515
1 5113138
1 359423
1 6992098
1 9239698
1 2893609
1 9066081
1 4390312
1 2952817
1 784076
1 385773
1 9456945
1 3171144
1 3154647
1 2901470
1 2027746
1 6030014
1 806916
1 5179130
1 1853963
1 2808715
1 3630623
1 1927
1 847043
1 3918307
1 2879023
1 7076614
1 9581086
1 3927721
1 2369413
1 81924
1 8578629
1 7839590
1 8252320
1 530042
1 2475161
1 8363302
1 4277593
1 7792337
1 9420519
1 5971379
1 9854484
1 5674153
1 7770411
1 6987058
1 3962343
1 6261527
1 7817241
1 8043920
1 8291422
1 110176
1 3148089
1 5577269
1 3214894
1 1679012
1 5618884
1 7820507
1 755185
1 3130915
1 4384019
1 9190665
1 4077534
1 7513884
1 7255093
1 2146677
1 2886933
1 9922062
1 664008
1 8559296
1 9560834
1 5249016
1 8107697
1 5000275
1 9262783
1 4274476
1 4654924
1 8878180
1 8404437
1 6324073
1 4105506
1 8758980
1 3757025
1 5759784
1 5176336
1 4640519
1 9578179
1 5349306
1 9669673
1 6387221
1 4384524
1 4077368
1 1394902
1 8321503
1 2778295
1 6250897
1 9227696
1 9660578
1 2673281
1 9075723
1 1369437
1 7412821
1 8000666
1 6107948
1 5330743
1 1256031
1 9005769
1 8686655
1 3626478
1 3725172
1 2454047
1 5955745
1 5751970
1 9065415
1 8665046
1 8586487
1 9149580
1 2878097
1 2782509
1 3211999
1 9842676
1 3432027
1 3463232
1 9070543
1 530887
1 9525994
1 6956499
1 3154626
1 7709551
1 6884166
1 5554167
1 484477
1 5296735
1 3005884
1 2116125
1 3881918
1 7019741
1 9294436
1 8170638
1 2905315
1 8541894
1 1982996
1 2089266
1 9786529
1 1646050
1 270243
1 7818670
1 2991650
1 1402698
1 9154850
1 1479654
1 2346759
1 216306
1 6848172
1 4664698
1 3196872
1 5792805
1 7358609
1 8203407
1 7778233
1 8284413
1 7844199
1 9605384
1 4389813
1 1715281
1 5646578
1 5711398
1 1065101
1 7660039
1 9503370
1 6505424
1 4703924
1 6615703
1 5563274
1 1142674
1 5072078
1 2297396
1 4354162
1 334596
1 2463542
1 3025971
1 3141943
1 6417393
1 2094650
1 4153017
1 6774540
1 2866005
1 4898636
1 5804999
1 8871477
1 2154020
1 6678480
1 1932664
1 6381272
1 6080803
1 3829869
1 219580
1 1708721
1 3567290
1 6400006
1 1312782
1 487919
1 9565803
1 6158018
1 5943749
1 6481709
1 1950796
1 2325944
1 2780697
1 3638918
1 3521528
1 7812532
1 3694102
1 8892379
1 3039365
1 7738319
1 4318666
1 8121248
1 3771134
1 6568480
1 316407
1 205743
1 2077131
1 2914814
1 845429
1 3923971
1 5343479
1 5293952
1 1793996
1 7007002
1 7928676
1 2327432
1 666078
1 4573999
1 9693350
1 5992693
1 3520885
1 9062028
1 5753337
1 8322818
1 2294801
1 4743912
1 4877010
1 373690
1 6096764
1 8306124
1 477739
1 3895862
1 3899388
1 838096
1 9384521
1 9168369
1 4937460
1 3026647
1 8132225
1 4937402
1 9218495
1 1147134
1 3215120
1 2071540
1 3103263
1 9524516
1 91686
1 5379477
1 2218912
1 8474988
1 2485610
1 856867
1 3286866
1 2818174
1 3761027
1 2524391
1 3758868
1 8960764
1 4063677
1 4194190
1 9597188
1 4808812
1 8670793
1 7110045
1 3919656
1 9495396
1 2505518
1 6352152
1 9840827
1 9814452
1 2111306
1 2944688
1 6482260
1 6440858
1 8440787
1 2608811
1 1933761
1 9544425
1 8869938
1 2145822
1 9092780
1 3230766
1 2785908
1 8125564
1 3878758
1 7873169
1 1106330
1 5431152
1 997882
1 8330066
1 2098089
1 7482781
1 2411471
1 8471911
1 8980394
1 6663313
1 6576703
1 1870502
1 519355
1 2760137
1 3275188
1 9474827
1 4165015
1 4487504
1 6387999
1 4678748
1 714396
1 613054
1 8072552
1 7473087
1 1353998
1 7246162
1 2225785
1 7300721
1 3559321
1 305410
1 18101
1 4505146
1 377891
1 3980935
1 2545772
1 3429637
1 7918558
1 9617234
1 4471373
1 2677207
1 8420333
1 3213657
1 4633945
1 6250344
1 6537150
1 277929
1 6301415
1 1211479
1 9120672
1 7276905
1 4959444
1 16691
1 5018851
1 1997997
1 3288247
1 7944917
1 2077350
1 6024358
1 3732720
1 2755060
1 138761
1 6459210
1 6315097
1 9694346
1 762789
1 2661468
1 9066719
1 2579158
1 4258420
1 8053260
1 6605187
1 2281210
1 1660363
1 6040224
1 7501080
1 4120253
1 4711322
1 3114324
1 2816175
1 7530063
1 7469404
1 3262882
1 6622988
1 1177389
1 3226174
1 7207624
1 3119644
1 7353411
1 862290
1 1258110
1 817458
1 2587357
1 2394733
1 7265187
1 3183486
1 6557793
1 8843416
1 1666002
1 5374157
1 7320983
1 9707077
1 6447286
1 4766317
1 3180049
1 7051762
1 732443
1 550012
1 5481530
1 4212581
1 6334945
1 8326156
1 4926987
1 1451796
1 5451711
1 9501019
1 2375291
1 886911
1 1404060
1 965381
1 3063916
1 8241730
1 5675294
1 7099815
1 690311
1 7459222
1 2034339
1 8165297
1 4264506
1 3396642
1 6326690
1 2810439
1 7210293
1 3742972
1 6148627
1 6508978
1 1650698
1 7886096
1 6721199
1 5484491
1 3850000
1 918404
1 1298085
1 4454459
1 961536
1 9605954
1 3575909
1 7262279
1 3601219
1 9191963
1 3280567
1 618236
1 1103174
1 5162959
1 1133264
1 51517
1 8899458
1 433471
1 2436300
1 7553284
1 2642263
1 828397
1 784167
1 4017925
1 3753929
1 3306123
1 9182062
1 519736
1 7590010
1 4086952
1 7120728
1 3837296
1 2437478
1 6151167
1 958209
1 8796823
1 9218326
1 5965474
1 7302573
1 586966
1 6013842
1 139400
1 3700266
1 8043821
1 9584464
1 6752185
1 3615226
1 7893255
1 4709522
1 2841474
1 6188139
1 4895026
1 1797906
1 113173
1 9776655
1 8794405
1 9120837
1 6719400
1 9351459
1 6600399
1 9974454
1 9511100
1 9835179
1 1866640
1 2191867
1 2738877
1 4667496
1 6045168
1 757800
1 4754500
1 3252748
1 6448118
1 1249509
1 7715004
1 808381
1 2581301
1 848371
1 2609871
1 2351125
1 7606999
1 2889048
1 2506308
1 2885677
1 9517475
1 2352037
1 5269400
1 9654110
1 3958120
1 2087739
1 6077367
1 4235744
1 1857995
1 813648
1 2949345
1 2007955
1 909671
1 4003350
1 787548
1 5033678
1 2366580
1 9173366
1 99240
1 2923061
1 7682124
1 531712
1 7234402
1 214256
1 2061788
1 3016001
1 1337973
1 664104
1 755533
1 5637845
1 8020830
1 7549107
1 4538512
1 8089615
1 9318836
1 1701394
1 8531606
1 9428228
1 4164786
1 3745383
1 5213729
1 9256804
1 6945042
1 8047472
1 380049
1 4979868
1 9686092
1 8077409
1 7354659
1 3389480
1 6597940
1 2479758
1 2978469
1 2939065
1 1111175
1 5329650
1 3655870
1 8374519
1 68143
1 1647708
1 5753507
1 492924
1 8644151
1 5313470
1 4192000
1 2177196
1 3374132
1 8814800
1 5843325
1 3527321
1 5613977
1 2684154
1 6953923
1 7408165
1 2839793
1 6596846
1 6065220
1 6266610
1 5104578
1 4443948
1 3271281
1 5937862
1 1952350
1 5954918
1 2775486
1 9673423
1 2475661
1 4620931
1 2932987
1 8861512
1 8823831
1 4395517
1 9511238
1 4096242
1 3753278
1 7806517
1 3457476
1 4204206
1 4549841
1 8251756
1 5280172
1 2882397
1 6186354
1 5201364
1 65540
1 208823
1 8902614
1 6396159
1 6858770
1 4755225
1 5951446
1 2436116
1 2160649
1 9583028
1 1965553
1 1411967
1 9636979
1 9649268
1 1486017
1 1741915
1 3024572
1 3752385
1 6054488
1 920368
1 3696235
1 6196128
1 6903860
1 6973025
1 9186116
1 4246930
1 7343781
1 6550686
1 228979
1 8940128
1 5797415
1 7705605
1 9623901
1 6483668
1 1206399
1 5996922
1 9747684
1 1785077
1 5870395
1 7498516
1 4747617
1 1945451
1 7080807
1 4847370
1 8073424
1 7261299
1 7707436
1 2414155
1 3178156
1 6283830
1 3176858
1 6704885
1 2358123
1 8688850
1 5355707
1 525786
1 2833806
1 8817643
1 1785779
1 1293652
1 3508820
1 242122
1 8137917
1 5256027
1 7897041
1 7068804
1 2898440
1 5546082
1 4082441
1 535201
1 4935621
1 1424198
1 414757
1 578614
1 86571
1 7498538
1 3696499
1 5341499
1 5278829
1 5405970
1 1612464
1 2195472
1 4836186
1 4452697
1 9355463
1 1300021
1 6738532
1 5319474
1 7886631
1 5400751
1 2939028
1 9511823
1 5221264
1 696746
1 4727363
1 7094826
1 290820
1 9063185
1 9299242
1 3553664
1 2316587
1 1618111
1 8989195
1 9755710
1 7605580
1 4423535
1 5610610
1 1666537
1 1748578
1 5981429
1 7048089
1 7447634
1 7267579
1 6466432
1 617147
1 9074517
1 5698228
1 127465
1 1925129
1 3179558
1 6511090
1 3953235
1 4918368
1 8022955
1 7281446
1 6029576
1 6629460
1 7398518
1 7643664
1 7318007
1 1430494
1 9889682
1 4978638
1 8073271
1 4898546
1 8145428
1 1111837
1 2602539
1 1567142
1 1715097
1 8898351
1 6676557
1 2985937
1 6238262
1 3064451
1 1149893
1 7179622
1 8761503
1 293266
1 3813818
1 7296806
1 9523945
1 3055696
1 8729677
1 1537281
1 7685034
1 832073
1 3610714
1 6174031
1 5511230
1 1865951
1 2386527
1 3905399
1 164193
1 8124293
1 2776326
1 8254608
1 4738571
1 3402027
1 9557336
1 4389809
1 9463164
1 4357215
1 7608168
1 781183
1 5039069
1 5495042
1 1248774
1 8081348
1 7466511
1 8121860
1 813653
1 6119291
1 7803739
1 8189318
1 6063500
1 306274
1 5771252
1 3293351
1 2557864
1 1211212
1 1291610
1 5239065
1 6829777
1 6895804
1 5271601
1 4434761
1 8660850
1 4534530
1 2070682
1 6484879
1 3779522
1 1397512
1 7948780
1 2315176
1 3005323
1 9408719
1 8647157
1 9080711
1 5925173
1 4004041
1 4747478
1 1542656
1 2719732
1 7397338
1 6166743
1 7416753
1 3621160
1 6647057
1 790821
1 4858866
1 4354710
1 44577
1 5591552
1 3088699
1 4765061
1 6373054
1 4861641
1 3408652
1 5009611
1 5990563
1 8241564
1 4765077
1 4314047
1 7445911
1 3619451
1 3556801
1 3438136
1 5024321
1 6421956
1 624052
1 58521
1 9351109
1 1873843
1 6284513
1 6502543
1 5801792
1 3773355
1 1118017
1 578449
1 3846156
1 8814369
1 9315999
1 6269817
1 6932130
1 5358102
1 5554026
1 9149712
1 4983549
1 975116
1 4656677
1 4305142
1 7614821
1 6309612
1 9987169
1 9477446
1 6535581
1 584842
1 9365324
1 4658200
1 645496
1 8845435
1 3953151
1 4280275
1 991828
1 6380792
1 3639870
1 5688571
1 7615519
1 4670896
1 6396496
1 5003241
1 1613298
1 9135754
1 8729571
1 3159126
1 2756162
1 8696478
1 7442307
1 4372290
1 273098
1 7141062
1 9382172
1 535599
1 5621946
1 2732408
1 5350009
1 886166
1 3154775
1 6993586
1 7951968
1 3845956
1 8010138
1 9398929
1 1379174
1 5862354
1 7250725
1 2840253
1 9873618
1 9095097
1 5870793
1 1817215
1 5539882
1 1156605
1 3554731
1 847469
1 2033391
1 2235743
1 1980915
1 3428614
1 9339613
1 5512549
1 2356534
1 7825822
1 6342745
1 5216588
1 184920
1 7654648
1 2454366
1 6247774
1 7993592
1 9177372
1 7854434
1 8021246
1 7440347
1 6763894
1 1355502
1 640559
1 9370536
1 9210771
1 5943425
1 2188379
1 5485227
1 8162684
1 6925456
1 47678
1 5861421
1 2058079
1 1019062
1 5884661
1 4190523
1 3432826
1 857308
1 6412104
1 4894921
1 8838008
1 6779080
1 709737
1 2271302
1 782086
1 3531414
1 3784463
1 9954445
1 6482926
1 5391789
1 5819974
1 7541996
1 6162241
1 629842
1 684136
1 2057593
1 1401324
1 9949151
1 1148382
1 2536102
1 911570
1 444847
1 1652227
1 172795
1 6849675
1 5320464
1 9841124
1 4086391
1 9205937
1 8813622
1 3937518
1 3315920
1 7770043
1 7578785
1 7366149
1 6698390
1 222193
1 916474
1 5037867
1 3432648
1 4848162
1 4108321
1 4576840
1 5348292
1 4259789
1 9810261
1 9441092
1 5831045
1 1224287
1 4407812
1 9030560
1 3365407
1 6950050
1 2670043
1 9752766
1 7215776
1 2449821
1 9473850
1 3734309
1 6536696
1 180943
1 5439491
1 6358747
1 1140701
1 7303320
1 9725069
1 1989149
1 8590318
1 8336811
1 3968243
1 8051071
1 1098011
1 2919299
1 5210801
1 9505284
1 4413218
1 9559708
1 5252110
1 5778928
1 3801799
1 9344970
1 6447326
1 1882641
1 4745951
1 3819551
1 4306982
1 6734296
1 9152756
1 9518935
1 7817519
1 4659514
1 9316124
1 3221608
1 3459299
1 2961048
1 9048622
1 3263941
1 3956267
1 5189621
1 1247413
1 1092320
1 4397795
1 3870688
1 3524041
1 9747658
1 6128557
1 3316854
1 2527973
1 2569818
1 6553004
1 7659751
1 1059441
1 8826895
1 9927059
1 2586212
1 3538127
1 3275248
1 7965289
1 7701636
1 2387517
1 5718558
1 918270
1 669719
1 3481921
1 8494446
1 2513897
1 3497869
1 9938952
1 2206418
1 7686361
1 750313
1 9801906
1 5289396
1 7649954
1 3869921
1 3348071
1 1473161
1 6524278
1 4588408
1 1515154
1 390685
1 5962449
1 8714577
1 2706416
1 5494968
1 5168552
1 7951978
1 7881752
1 4346881
1 1768013
1 7735871
1 5000808
1 6042020
1 8868664
1 3630554
1 6977708
1 1558537
1 4879152
1 3801227
1 6876363
1 4697687
1 1839688
1 3622098
1 9504107
1 3462694
1 4638486
1 7191735
1 5887319
1 149208
1 54002
1 8002710
1 5353707
1 2044995
1 6253012
1 3961814
1 9274269
1 1247947
1 1621740
1 1829961
1 566585
1 6915981
1 5164613
1 862396
1 9534925
1 872303
1 5943049
1 3070810
1 5600945
1 7485252
1 5461901
1 141372
1 7657321
1 608297
1 8746843
1 8505301
1 923279
1 6768635
1 1819348
1 7081556
1 8629231
1 1656383
1 5853019
1 6429470
1 7214110
1 1707642
1 2427691
1 5036964
1 6426918
1 3757351
1 6358207
1 7579150
1 9866037
1 6380823
1 9167301
1 7977083
1 6935072
1 2779161
1 2065536
1 877262
1 3671147
1 2045567
1 1031382
1 8018397
1 6161871
1 2822054
1 3808065
1 9866094
1 8152462
1 9946703
1 944039
1 6984082
1 7849759
1 6238095
1 9723553
1 9526890
1 4663695
1 2919665
1 3526013
1 8352408
1 3733728
1 7779968
1 5759453
1 3539262
1 2091247
1 2998730
1 2940373
1 899548
1 1589037
1 7324932
1 8644556
1 1781452
1 3182230
1 6780374
1 3717344
1 6798267
1 1310458
1 7312969
1 6244392
1 7367463
1 7500646
1 9185663
1 7051334
1 1749064
1 7409600
1 187652
1 9116612
1 7270114
1 615915
1 994561
1 6752747
1 945507
1 7591272
1 7096574
1 5708568
1 968892
1 9907069
1 7468206
1 8380129
1 4412093
1 7196931
1 8172206
1 2828331
1 9592453
1 9820562
1 1535917
1 2134099
1 5379195
1 1354561
1 6669374
1 4019719
1 822278
1 4176276
1 5715742
1 5053935
1 3562330
1 6219205
1 7407147
1 3183104
1 8469077
1 3495254
1 2069664
1 1857147
1 4572248
1 7086028
1 7042083
1 5103348
1 4162947
1 2113387
1 4695194
1 4490290
1 3958381
1 252759
1 1970467
1 767775
1 5611690
1 8729093
1 2264540
1 1605570
1 7643561
1 9990535
1 5405876
1 9736492
1 4333269
1 1057153
1 9999949
1 3786072
1 4983146
1 6859789
1 5055190
1 2785905
1 3142810
1 4882246
1 4192545
1 2891573
1 2391568
1 3764228
1 7860426
1 8011534
1 6212181
1 169118
1 9671986
1 5710632
1 6621281
1 796707
1 6203469
1 4026567
1 5266498
1 7987465
1 396100
1 8315036
1 6070854
1 8713511
1 1279660
1 1082487
1 2395028
1 897581
1 7384708
1 1519843
1 6239761
1 4413612
1 4050072
1 2619384
1 4260561
1 8660509
1 6094538
1 6676058
1 8225388
1 3013745
1 8360722
1 5557004
1 9016293
1 6964089
1 3333065
1 4650180
1 9896863
1 6715788
1 7399469
1 9387600
1 1464350
1 107418
1 3591518
1 6044259
1 1406342
1 551987
1 3070062
1 8195317
1 8296023
1 6530807
1 3850206
1 7109308
1 8301772
1 6068887
1 7408108
1 3994759
1 371101
1 8674531
1 2943899
1 2887081
1 7810043
1 3129289
1 9593651
1 3834349
1 2083200
1 790791
1 6764382
1 8675757
1 674661
1 3564578
1 5373720
1 2220162
1 9782997
1 3347416
1 2370050
1 9523043
1 6541405
1 1254974
1 2482366
1 7409851
1 4360524
1 8124679
1 6264803
1 9074044
1 9353834
1 4169738
1 671238
1 3035505
1 5910757
1 4412503
1 9233874
1 2120879
1 8564577
1 5394531
1 1172742
1 8747511
1 8314165
1 2432589
1 4092458
1 3939665
1 3612059
1 5923220
1 3853968
1 5532630
1 2095151
1 5432921
1 2231728
1 8724384
1 4539167
1 2399080
1 7355818
1 5855950
1 4540103
1 6723353
1 732531
1 7711663
1 8542846
1 4397363
1 7294184
1 5387896
1 588436
1 6057789
1 5042892
1 3798933
1 813029
1 798246
1 8661592
1 3291771
1 4439102
1 3492418
1 1743333
1 6061015
1 8172464
1 9696848
1 1609923
1 9397126
1 274956
1 3396863
1 3192146
1 5877249
1 6810972
1 2087466
1 3564933
1 3974441
1 3061244
1 1604524
1 7719028
1 4174736
1 3901760
1 9901478
1 51310
1 5826108
1 487128
1 6282674
1 684429
1 2897100
1 1430766
1 7920513
1 3194543
1 9010553
1 4899259
1 604684
1 4229326
1 7810485
1 352056
1 9995224
1 3829807
1 2815529
1 8598321
1 2336943
1 6942423
1 5779137
1 9610869
1 3124331
1 8169070
1 7531838
1 5553435
1 1411247
1 1810353
1 9664148
1 6432475
1 871626
1 5868770
1 1575651
1 3626013
1 7569374
1 7048437
1 7253851
1 3178039
1 1009792
1 9784636
1 6630753
1 2421706
1 3878378
1 5983710
1 954989
1 6112016
1 5528279
1 5139782
1 3577061
1 546713
1 5657531
1 7353419
1 3213888
1 5007438
1 122850
1 8113482
1 908212
1 7182523
1 930922
1 6206284
1 9434555
1 4747456
1 7082409
1 4744129
1 7274779
1 8840401
1 4627894
1 759445
1 6535932
1 3534371
1 614627
1 3478527
1 1781325
1 1662435
1 609055
1 5271089
1 3664423
1 5212930
1 6839198
1 9461928
1 7954453
1 1027923
1 5700999
1 1918160
1 1175184
1 9867797
1 115295
1 6173688
1 9360689
1 5899190
1 652211
1 2105603
1 7241911
1 2981829
1 1879148
1 4589159
1 6896078
1 2570438
1 13589
1 3303898
1 9440577
1 7033564
1 7150866
1 5131704
1 5508197
1 7316338
1 2626757
1 9074091
1 4394964
1 2087108
1 2390611
1 797217
1 750394
1 7486354
1 1072651
1 8676383
1 9401146
1 4389503
1 4856846
1 9351257
1 3004116
1 8008157
1 4057346
1 2857379
1 10304
1 5167150
1 9044238
1 4312841
1 1864898
1 1011355
1 9560517
1 3029734
1 8859409
1 354732
1 5980941
1 9026922
1 1054539
1 9835206
1 9939563
1 109701
1 5998891
1 8737165
1 2475895
1 8581775
1 455799
1 8656593
1 2644481
1 7157472
1 6381245
1 7837688
1 156442
1 6891867
1 8474749
1 1341529
1 1527022
1 188345
1 3096858
1 5489791
1 8637875
1 6455523
1 4928124
1 2754664
1 4147916
1 22178
1 7584148
1 230566
1 3228606
1 3799704
1 8442287
1 2556497
1 9955852
1 642272
1 1409656
1 4801102
1 3505400
1 1067704
1 5119342
1 1673252
1 5333107
1 8192695
1 1053811
1 562682
1 242764
1 9352102
1 7273330
1 173797
1 2965906
1 2587499
1 9111269
1 9181774
1 2052892
1 4778085
1 6353088
1 2408834
1 2822231
1 5122416
1 6709361
1 2647129
1 2210449
1 4786539
1 5407465
1 8845280
1 6589590
1 8121728
1 4604840
1 8849110
1 4763845
1 7789178
1 5178610
1 346437
1 66759
1 5923637
1 4561824
1 2647150
1 6707294
1 6828772
1 6839088
1 7971988
1 8134849
1 8627002
1 842680
1 8995928
1 4139003
1 4026406
1 7347186
1 3972348
1 1003996
1 2046707
1 7845325
1 9823444
1 7005308
1 7276060
1 9251674
1 6013674
1 4496377
1 920739
1 5923831
1 9008526
1 7177010
1 5592207
1 6365098
1 6660659
1 210879
1 9652010
1 8325475
1 811503
1 2325120
1 9786234
1 5724846
1 5241074
1 480986
1 6553946
1 1313376
1 6941784
1 8761799
1 6454574
1 1156365
1 3239956
1 5601445
1 1263684
1 1366844
1 821412
1 9255033
1 8757064
1 769599
1 4936429
1 5396642
1 1085251
1 4451621
1 1323808
1 2017746
1 158425
1 3129562
1 4465150
1 9201760
1 688257
1 8744086
1 8781776
1 994367
1 9436413
1 5587365
1 2751693
1 9467391
1 3427095
1 384175
1 4217440
1 9985483
1 6837139
1 6968744
1 6806126
1 6990766
1 3504347
1 2781526
1 8326330
1 2993454
1 1464459
1 3294418
1 9448635
1 3775954
1 8442042
1 300144
1 9374353
1 3535246
1 3820597
1 7398224
1 9808279
1 8641200
1 2631521
1 7992902
1 3901275
1 9402919
1 8392170
1 7697145
1 1353698
1 2932118
1 6034236
1 5628022
1 7745824
1 3154383
1 1225975
1 9718074
1 7797616
1 1729243
1 688005
1 9966859
1 763839
1 9601732
1 6165738
1 1952145
1 4961147
1 2237697
1 5553878
1 6247796
1 4134363
1 2782485
1 1874000
1 1515622
1 5764864
1 3326124
1 1424810
1 2581286
1 6133594
1 2827362
1 1938037
1 4040712
1 7883329
1 7632357
1 2751956
1 8019391
1 1841475
1 1169127
1 7897143
1 1769423
1 8788789
1 5904969
1 6977013
1 6952674
1 5473253
1 5865014
1 578613
1 6066960
1 8522582
1 5564450
1 7497182
1 580555
1 2631201
1 2732507
1 2247410
1 1767913
1 2750124
1 5073096
1 5879045
1 3942911
1 3896188
1 5791369
1 490778
1 9787264
1 5549851
1 9719175
1 2560135
1 1209634
1 1398308
1 6174881
1 9539414
1 8897516
1 5856475
1 7948911
1 7828611
1 5890468
1 1489769
1 7652204
1 7030415
1 1020759
1 6435726
1 3336977
1 9378731
1 4934841
1 635701
1 5480698
1 3727287
1 6624830
1 293526
1 6608896
1 8258744
1 7322578
1 5021890
1 7439077
1 3568825
1 6438603
1 9570329
1 4503899
1 1492280
1 2479177
1 103509
1 4070659
1 8182821
1 5250812
1 5308235
1 1394069
1 5133574
1 2424352
1 2894163
1 31942
1 8602050
1 3406020
1 8507371
1 8579126
1 1006263
1 4472605
1 7903732
1 1596189
1 4388494
1 5573633
1 5009047
1 4675482
1 6086736
1 3818040
1 9143000
1 3232526
1 7661689
1 1100109
1 9162089
1 9729696
1 4496311
1 6337334
1 2353027
1 9238254
1 2392599
1 1585558
1 5647320
1 2016240
1 4993202
1 2427687
1 882473
1 2527641
1 9448075
1 254789
1 6830441
1 2645902
1 3936492
1 1556985
1 3351807
1 4471646
1 7655308
1 2201150
1 7942488
1 2981861
1 7118196
1 6253252
1 5007955
1 388167
1 6343321
1 1414370
1 4582789
1 2315872
1 9621936
1 8079345
1 118616
1 5062630
1 3003210
1 6159066
1 2707780
1 1237672
1 4484337
1 105265
1 2148550
1 5714476
1 6046068
1 8593504
1 9082706
1 2584058
1 1864679
1 3400535
1 7521243
1 4644667
1 3464296
1 3512892
1 7535968
1 3372900
1 8651281
1 1246508
1 1528698
1 6819490
1 6816439
1 7241077
1 9327133
1 7700229
1 2914189
1 8333071
1 9591609
1 4358187
1 1807883
1 3384743
1 5073965
1 1623042
1 6266723
1 5216209
1 5826492
1 1528779
1 66412
1 3584623
1 5347193
1 1614654
1 3555552
1 7557074
1 6706188
1 6433754
1 8915779
1 3348001
1 4171454
1 7320182
1 7156746
1 2155586
1 5916590
1 4636348
1 6043520
1 2077165
1 762487
1 6385112
1 6279268
1 8241995
1 9604828
1 3087879
1 5360996
1 1372180
1 7615419
1 4123093
1 5147011
1 8913809
1 6990556
1 9419079
1 9711756
1 9713373
1 8991791
1 6684876
1 6689156
1 2193751
1 3641525
1 3234639
1 267364
1 2676970
1 5809274
1 2233714
1 4994237
1 5389821
1 1367543
1 415042
1 833426
1 1035854
1 4357434
1 8518187
1 3213842
1 3149427
1 9105452
1 3936346
1 5608909
1 8646843
1 9687203
1 6295461
1 3652076
1 1369597
1 4849465
1 2047134
1 3636202
1 1822978
1 4380514
1 6288403
1 9468901
1 9063448
1 9093009
1 2141938
1 4484609
1 1507038
1 3301530
1 5320346
1 277999
1 5882723
1 6820796
1 1451130
1 3561776
1 9738798
1 660901
1 313872
1 7512260
1 5125619
1 9367993
1 3986242
1 8428374
1 301350
1 6507878
1 7641915
1 2932816
1 7386079
1 9043368
1 566115
1 155606
1 2192512
1 5102708
1 8009202
1 8124310
1 9220098
1 588703
1 7572202
1 4133377
1 3288453
1 1209375
1 224214
1 7213884
1 2408988
1 70925
1 953382
1 8985908
1 4537103
1 5409805
1 1128620
1 3708521
1 50533
1 9108259
1 2259018
1 1611399
1 5863522
1 3355076
1 4658979
1 8074626
1 2922136
1 7764680
1 2408537
1 8959207
1 5315885
1 2714415
1 6616751
1 9909264
1 3495610
1 5010003
1 4266992
1 7674558
1 7355810
1 2293745
1 3089251
1 2936700
1 2624002
1 8359968
1 6820603
1 5445028
1 2819505
1 2349656
1 4440676
1 9067872
1 384816
1 6772037
1 8974688
1 4570711
1 2884107
1 9119084
1 5922126
1 1819589
1 8972456
1 4203127
1 753627
1 2939645
1 7114679
1 402541
1 1090736
1 335277
1 9668042
1 9084583
1 135723
1 7753491
1 9042379
1 7227903
1 6129899
1 2439045
1 2971338
1 925133
1 162573
1 6183698
1 9848311
1 1388939
1 917746
1 2057853
1 2442107
1 2602612
1 365912
1 4288012
1 3679291
1 9588959
1 9495435
1 3211855
1 1185014
1 5777865
1 6816261
1 5782376
1 8280257
1 6449987
1 8522343
1 3208794
1 4508977
1 9255318
1 3193669
1 6912055
1 4002567
1 6386850
1 3667518
1 1680919
1 5415612
1 2820440
1 6775828
1 4009997
1 5322910
1 9107391
1 6228907
1 535008
1 3477863
1 2724770
1 5388592
1 5085522
1 7650406
1 1671675
1 237509
1 3137666
1 9160009
1 6166699
1 3407314
1 2656354
1 4664887
1 2701946
1 1862767
1 3200303
1 6321971
1 9393011
1 7242089
1 5184376
1 3463856
1 1100418
1 4745589
1 8387876
1 8424462
1 7764478
1 3810799
1 833676
1 4354745
1 5454225
1 6575293
1 9647919
1 2599333
1 5668064
1 5523637
1 7572424
1 2823888
1 8755570
1 1656681
1 7636938
1 2113781
1 2586113
1 3933
1 6424055
1 2840515
1 2209832
1 1834362
1 9326615
1 3469994
1 1842175
1 930547
1 9673343
1 8231177
1 3749327
1 9075232
1 6674308
1 5845672
1 4921632
1 1522351
1 3757911
1 6177807
1 406677
1 1595576
1 4420302
1 4680699
1 4853071
1 9248909
1 5200595
1 3059050
1 7238713
1 8210453
1 5406376
1 6313666
1 4716215
1 9196492
1 6757165
1 3501410
1 7008850
1 5881773
1 1187076
1 8952669
1 7484435
1 5105581
1 5156893
1 6651533
1 5892893
1 483923
1 4783788
1 2176329
1 1891856
1 5415067
1 3969237
1 4086719
1 8653373
1 9929649
1 5764364
1 2356152
1 770403
1 5863315
1 2808507
1 9780952
1 4215769
1 8889041
1 6707996
1 990217
1 3797464
1 5036280
1 5656704
1 5765718
1 8623469
1 720263
1 39508
1 6921890
1 4752654
1 118313
1 1665230
1 2302134
1 9812987
1 4735735
1 1833871
1 705383
1 4587036
1 873344
1 8006164
1 8376987
1 872558
1 3467520
1 3228599
1 796068
1 5852288
1 4709168
1 6255215
1 8617670
1 3798079
1 5377937
1 5415431
1 8257678
1 574582
1 9924103
1 2239097
1 2155431
1 9541278
1 3172177
1 3939694
1 912548
1 1503572
1 582442
1 852870
1 3207997
1 6019042
1 6925559
1 2644073
1 3257945
1 3495583
1 6264157
1 4074590
1 3847368
1 427718
1 7067120
1 5361476
1 9205198
1 6476628
1 2175658
1 5734480
1 2236384
1 1586131
1 7592071
1 4820584
1 6741928
1 6739964
1 1681792
1 3476005
1 5365276
1 9891888
1 5889983
1 6598025
1 6541326
1 7815395
1 5117438
1 1172924
1 8074196
1 947083
1 8157607
1 1921638
1 5472297
1 3057678
1 2905301
1 5338174
1 6877834
1 2461831
1 9608638
1 2889411
1 3066146
1 6073564
1 6774402
1 1471090
1 3624480
1 2611420
1 8177170
1 6280797
1 4558704
1 2935438
1 5120212
1 8121234
1 585070
1 6448584
1 2237812
1 7697949
1 5129920
1 5746688
1 9564447
1 2036855
1 5773183
1 7167258
1 4056055
1 1829274
1 90918
1 7750671
1 2016685
1 5452967
1 8323285
1 3534593
1 1698852
1 8438981
1 385655
1 8950757
1 4990235
1 6944772
1 3453927
1 5276560
1 7129699
1 9970720
1 3260749
1 2799693
1 2920760
1 815379
1 8282186
1 7277295
1 1929753
1 2899833
1 183782
1 9943228
1 672276
1 1390384
1 7657406
1 9545856
1 7217599
1 5837309
1 3184773
1 8853204
1 922441
1 5985584
1 7977713
1 1551079
1 6145387
1 3043144
1 6419051
1 4058778
1 1347470
1 8744857
1 4327927
1 9297503
1 9912125
1 535050
1 9445277
1 6879735
1 2439356
1 8586395
1 4474843
1 7305718
1 3691564
1 5496950
1 7241938
1 3661425
1 9372320
1 1711138
1 3622855
1 6048634
1 9148444
1 8356839
1 9178334
1 2693364
1 5251466
1 6405383
1 1873224
1 3897673
1 6713334
1 7188066
1 7774109
1 6629623
1 4812980
1 2100404
1 3546603
1 5456599
1 406716
1 9095534
1 1208179
1 1327410
1 5338812
1 7101599
1 922021
1 8132038
1 8756757
1 1950540
1 259512
1 7752062
1 4076959
1 7875443
1 4863745
1 6357572
1 5891210
1 4350685
1 9147336
1 3485929
1 8961744
1 1034753
1 8915672
1 2075426
1 1732257
1 9374544
1 9001149
1 2045001
1 771082
1 1355401
1 2955181
1 4869238
1 6830824
1 1040892
1 1407911
1 1922617
1 3223859
1 2446246
1 7591023
1 139825
1 3109854
1 3291085
1 3616192
1 3591883
1 2735630
1 48878
1 6089955
1 8442726
1 401089
1 3911309
1 756028
1 2367241
1 2787833
1 1913672
1 3986758
1 6872225
1 2426575
1 3490814
1 5808416
1 865844
1 1180209
1 6280696
1 4780944
1 5117214
1 813276
1 3611587
1 7907845
1 475904
1 1368561
1 8725274
1 771481
1 1473660
1 8361256
1 3594124
1 1924748
1 1910434
1 308516
1 533540
1 6825736
1 7442287
1 1921329
1 760742
1 273113
1 9183477
1 15043
1 4306047
1 1696825
1 4219516
1 5120389
1 2715513
1 6239245
1 906751
1 1678799
1 9013321
1 5714738
1 5640215
1 2544000
1 8522588
1 9285074
1 6918484
1 1535453
1 9141577
1 4682286
1 9007940
1 1472816
1 7344527
1 1648992
1 1972043
1 883722
1 835936
1 1204310
1 644302
1 2375378
1 3360394
1 6971291
1 5106475
1 8919098
1 9375120
1 3671499
1 4765132
1 1346338
1 8816903
1 1191344
1 4455703
1 8598451
1 5157446
1 7557804
1 8298779
1 4561684
1 7213178
1 7095731
1 4154283
1 498102
1 6147644
1 1795372
1 2857213
1 2548202
1 8423411
1 2535576
1 7609914
1 2788320
1 119968
1 210186
1 6959698
1 6344687
1 5485076
1 8626137
1 7974001
1 9698426
1 4764486
1 278892
1 216951
1 29840
1 1418873
1 2220144
1 4140070
1 8158642
1 3344838
1 1760871
1 1409330
1 4597708
1 1687237
1 3215595
1 2165957
1 5057904
1 2277285
1 5656222
1 2432756
1 9006463
1 2141965
1 1766606
1 9832564
1 6650765
1 8015429
1 3773695
1 875451
1 7634771
1 3672277
1 9220989
1 9235365
1 8474194
1 7963327
1 9665402
1 3656599
1 5036754
1 3495422
1 6169515
1 4855908
1 472735
1 8098686
1 8872876
1 2881269
1 6592461
1 9553827
1 4706837
1 2383819
1 4554696
1 7416866
1 6297416
1 2860411
1 9905209
1 489586
1 7497389
1 4991851
1 7176769
1 6823021
1 9538454
1 7014662
1 7216754
1 6526837
1 2895409
1 9001582
1 6343210
1 3222847
1 3208345
1 1253209
1 7805813
1 8782499
1 9604252
1 5422560
1 3928603
1 6511132
1 1278019
1 4770632
1 1735523
1 2077041
1 6517995
1 370198
1 3518083
1 6809314
1 9329778
1 7608438
1 6597985
1 4217729
1 1343123
1 3993273
1 6627810
1 1651173
1 8569920
1 4792610
1 7548644
1 4836835
1 4253470
1 7329608
1 8907941
1 7756835
1 4008587
1 5829272
1 5424409
1 3918285
1 5820810
1 342203
1 4221571
1 8473609
1 2004121
1 8086989
1 5388259
1 5043827
1 910345
1 646186
1 4472149
1 9085056
1 6581343
1 6808787
1 3002554
1 9622643
1 1346158
1 5612661
1 4434066
1 29999
1 5334837
1 5000095
1 3815888
1 8608625
1 1829519
1 6454885
1 7548422
1 8422134
1 6167810
1 5549181
1 4502533
1 8058509
1 3626661
1 8440044
1 5929125
1 864625
1 6773401
1 6856323
1 9074302
1 5363941
1 7995270
1 460071
1 2000722
1 5560456
1 7599010
1 7719501
1 8871291
1 1780642
1 4336118
1 2313655
1 3635558
1 7396
1 7453391
1 9085598
1 65650
1 1189571
1 2128601
1 443314
1 9355815
1 813303
1 97086
1 1156683
1 7688901
1 8198684
1 6501071
1 5935918
1 7030658
1 284055
1 3282295
1 2813021
1 522666
1 2291645
1 9845580
1 1319315
1 3454647
1 3347935
1 3995995
1 134605
1 7968292
1 5345337
1 4006634
1 9868452
1 2144937
1 6818916
1 6518082
1 8803661
1 8331462
1 3322978
1 6726730
1 4328300
1 8697493
1 4730214
1 3715158
1 2779747
1 6041550
1 466268
1 7206817
1 4559284
1 6116667
1 1586297
1 5813151
1 5803606
1 2951223
1 6866994
1 1337500
1 1223431
1 3791754
1 3925400
1 630705
1 3605121
1 4603432
1 2353891
1 5323034
1 3147538
1 584301
1 8051733
1 3256259
1 1782304
1 4049555
1 338773
1 8621821
1 8936326
1 4527359
1 200623
1 1323911
1 8020310
1 629362
1 8586027
1 6700754
1 1864725
1 7220086
1 6811237
1 6604432
1 9804710
1 5880465
1 8115046
1 6267469
1 5314714
1 7837704
1 4316754
1 8600015
1 2471320
1 9419650
1 2715217
1 1971303
1 7101446
1 2284998
1 1172206
1 3354641
1 6662714
1 6997399
1 9593308
1 4755325
1 8468886
1 7361521
1 842244
1 5401693
1 3030660
1 9545350
1 3327243
1 9870753
1 5632733
1 6303975
1 4583825
1 7715758
1 2518189
1 9075413
1 6666656
1 4087793
1 2552753
1 5723756
1 9736223
1 3408318
1 4097195
1 6353093
1 52211
1 8002916
1 4846481
1 2284316
1 9523638
1 3609217
1 5711408
1 5707403
1 4335128
1 818860
1 441651
1 8410471
1 1242447
1 4035442
1 6815527
1 9666882
1 3107566
1 8664894
1 9960622
1 9431055
1 611662
1 8862395
1 3330839
1 4125889
1 4024139
1 8509060
1 5761886
1 7287439
1 5427558
1 906054
1 83114
1 9410425
1 7371858
1 5684562
1 5542255
1 2705292
1 3798508
1 8371979
1 101433
1 6585961
1 746129
1 4752781
1 9266020
1 7277230
1 234752
1 4815280
1 2437921
1 2228797
1 6761665
1 24149
1 7185903
1 8135369
1 2359380
1 3390663
1 1994431
1 5277671
1 8265606
1 7339303
1 1179115
1 5288837
1 5931603
1 3492913
1 1309690
1 3638936
1 7021806
1 2048150
1 9579949
1 6878724
1 9269026
1 2242501
1 8443265
1 6462622
1 7052052
1 7225765
1 7677812
1 8049111
1 4049749
1 7185347
1 9572733
1 4147954
1 1114045
1 430341
1 5374312
1 5839070
1 3811542
1 4577286
1 6987166
1 5272288
1 2806730
1 5774327
1 3946114
1 3239423
1 9960121
1 2108954
1 8252787
1 2626606
1 2858063
1 2386325
1 3752204
1 8967465
1 645870
1 6390237
1 6290139
1 5670771
1 8046723
1 9291573
1 6215439
1 6009207
1 3813067
1 7888148
1 6905411
1 7774962
1 3994956
1 8654763
1 1689747
1 2440500
1 3328864
1 2535951
1 9760416
1 3788430
1 2127644
1 5664896
1 6887512
1 7609211
1 7492898
1 7854284
1 1707394
1 3156490
1 55150
1 7666685
1 6758560
1 8372693
1 3389187
1 9501686
1 7578227
1 1251367
1 9589864
1 2867470
1 7787977
1 5022526
1 846925
1 6337149
1 4739618
1 2895835
1 2865199
1 7371887
1 5121265
1 5099505
1 314965
1 8044948
1 7954947
1 4927491
1 6048245
1 8982205
1 8106928
1 5307382
1 1564828
1 1345007
1 8085213
1 9408260
1 2926810
1 7673879
1 7143623
1 3215294
1 5517698
1 4699737
1 2289998
1 4402410
1 6427517
1 5659197
1 154002
1 1432570
1 7420235
1 9058091
1 7435616
1 5800347
1 8132775
1 4780509
1 6528970
1 5015189
1 1917746
1 17336
1 810286
1 373000
1 2374154
1 499730
1 4391722
1 2669015
1 687012
1 8245336
1 7337827
1 9810332
1 6907754
1 5328271
1 6653763
1 8454231
1 3633713
1 2538864
1 9727603
1 406862
1 7045283
1 5729896
1 8485041
1 6736919
1 3867035
1 3960943
1 3554984
1 2226062
1 8185857
1 3188854
1 9491114
1 5657388
1 625905
1 3067753
1 1345370
1 2967198
1 84798
1 7244054
1 5238156
1 685188
1 7338221
1 3459767
1 3273449
1 8243539
1 422555
1 8596504
1 9997202
1 8665699
1 9940923
1 5153494
1 3860495
1 1604379
1 5505586
1 143722
1 8321487
1 7075590
1 3522585
1 3818286
1 7851745
1 2689781
1 2663724
1 2435378
1 9122373
1 2711787
1 7623863
1 5973990
1 1618112
1 4017865
1 4869173
1 7126250
1 7215235
1 7517990
1 82938
1 6811484
1 2453043
1 7305512
1 8835123
1 4227088
1 6517778
1 6109543
1 5095415
1 7192942
1 8087003
1 9695138
1 1798582
1 5566450
1 1666083
1 2803188
1 2591573
1 5083944
1 8756118
1 8754098
1 3020605
1 1459364
1 7545652
1 8344615
1 6824364
1 1684162
1 8675104
1 9040139
1 8007263
1 6457778
1 9286205
1 6295525
1 6084227
1 5195941
1 5034589
1 7519974
1 7939400
1 7801082
1 5048959
1 4406929
1 7982990
1 4121583
1 5529858
1 3669299
1 8763430
1 9011691
1 9340393
1 7177521
1 5085030
1 1931407
1 9205924
1 763942
1 5515293
1 6470574
1 7911600
1 1771586
1 1228612
1 2072842
1 7826257
1 5605332
1 4782130
1 6468004
1 1052334
1 6177511
1 3403919
1 8230050
1 1109241
1 1332853
1 7598119
1 6119081
1 5564879
1 5070225
1 2020633
1 6449148
1 926486
1 3662349
1 7781143
1 7969389
1 1985257
1 4822811
1 6014987
1 4121333
1 1877679
1 8053563
1 2613327
1 7314835
1 892867
1 749759
1 419975
1 598288
1 1594838
1 4637752
1 1738161
1 3482247
1 1649253
1 4368813
1 9657638
1 280243
1 8614313
1 9052079
1 8393435
1 1430879
1 4865040
1 2793928
1 7738792
1 2257435
1 3113629
1 3381356
1 3194154
1 6638560
1 9474916
1 7629345
1 1521333
1 1159687
1 2161884
1 8032755
1 5787385
1 4382580
1 546982
1 4387721
1 3182158
1 8831488
1 2972104
1 8737774
1 9431440
1 8548144
1 2719291
1 7786962
1 2632527
1 9306072
1 7245150
1 6980021
1 2490973
1 9630679
1 3935453
1 1437
1 4883906
1 9535519
1 564471
1 987253
1 2893902
1 6749356
1 7458880
1 2409885
1 8651041
1 3656817
1 9297908
1 7841062
1 3319379
1 1738262
1 2127054
1 9187838
1 1817595
1 4317186
1 4976830
1 436265
1 9180733
1 9722941
1 5972324
1 5301620
1 4762278
1 8730556
1 8803893
1 550954
1 5486766
1 313809
1 84395
1 6469609
1 7711063
1 2935272
1 6363408
1 3616846
1 9523931
1 110526
1 3341297
1 2458533
1 8184260
1 908550
1 6134847
1 6548246
1 6892824
1 2898516
1 8023767
1 2676415
1 2924123
1 8818665
1 2949950
1 7785087
1 1947165
1 9298495
1 3540362
1 331722
1 9538086
1 4338172
1 462703
1 6095993
1 1464291
1 5265836
1 7042275
1 5859453
1 9735130
1 7959925
1 7241621
1 4281791
1 1362238
1 4742483
1 7947290
1 8200430
1 8597617
1 9894302
1 9802957
1 7700052
1 3896032
1 7848483
1 5062154
1 4952062
1 2200024
1 8968158
1 6458683
1 1045323
1 1591456
1 3328780
1 8379950
1 4075197
1 520071
1 7045470
1 5050590
1 2924690
1 2248669
1 5461572
1 569309
1 3966797
1 6043228
1 9668327
1 6255445
1 9535268
1 2035528
1 4221344
1 5664631
1 7067882
1 931869
1 1864255
1 9403222
1 9917169
1 3837356
1 2732929
1 9836716
1 9676332
1 6591217
1 236710
1 3639346
1 6026692
1 4113332
1 1422514
1 8667239
1 3338956
1 9266940
1 3609195
1 9979071
1 8564846
1 8205633
1 2149095
1 6916487
1 9350601
1 425509
1 6236558
1 7092491
1 1800917
1 2230163
1 8306874
1 7231500
1 5399470
1 1843157
1 7666675
1 9069860
1 7223473
1 4268482
1 55042
1 7848997
1 6157375
1 227175
1 4745659
1 5372041
1 2574066
1 6668676
1 5651101
1 9135748
1 8362750
1 1544017
1 5541655
1 8763433
1 6315123
1 854911
1 9043746
1 209637
1 8510650
1 7635010
1 8276419
1 2491517
1 4177591
1 9957699
1 1758185
1 5763090
1 1953678
1 3316818
1 2168600
1 3779417
1 6262001
1 4611246
1 2600123
1 931493
1 6870631
1 5223456
1 4913217
1 4691889
1 6990916
1 1322855
1 8833544
1 339664
1 4615717
1 1753658
1 4944107
1 994430
1 9978353
1 3507100
1 4535288
1 736360
1 1879090
1 7873292
1 3289595
1 259545
1 3823220
1 164982
1 7784099
1 7691840
1 3373698
1 9643481
1 8050735
1 2375084
1 5773301
1 8683906
1 759919
1 5785760
1 2584325
1 2045541
1 3735600
1 4661632
1 9953706
1 3995775
1 1404707
1 875318
1 9360726
1 7611429
1 2630993
1 1694258
1 2465126
1 136042
1 2687440
1 7458372
1 2290677
1 353564
1 896330
1 6726823
1 1543757
1 5139719
1 6641817
1 9018842
1 4917021
1 4991445
1 8504491
1 6242364
1 1284020
1 4008579
1 987983
1 82366
1 4447543
1 1266072
1 9599797
1 4608417
1 6129977
1 7495184
1 8645586
1 4271951
1 2814529
1 3260817
1 9043753
1 634871
1 3308346
1 8937409
1 8558689
1 9682489
1 7231970
1 4202692
1 6335800
1 9056243
1 3873699
1 4726001
1 6034216
1 1662852
1 3826686
1 4295317
1 1938083
1 8019586
1 7040943
1 6645280
1 6258806
1 9138154
1 6020038
1 9661931
1 7828836
1 4470649
1 7027535
1 3958164
1 8849842
1 6208721
1 9695500
1 9888910
1 3044508
1 2839705
1 2859950
1 2441392
1 1392413
1 6127627
1 3246993
1 3463269
1 7166397
1 1328333
1 1773294
1 5502633
1 3269916
1 8002424
1 6325046
1 6409901
1 2923304
1 8631935
1 4214119
1 6319170
1 9839729
1 6214323
1 3765067
1 2643250
1 7217469
1 1952881
1 1871860
1 7101714
1 6382045
1 6470750
1 1118588
1 9433576
1 6586064
1 2594313
1 8912368
1 2965432
1 1105329
1 7508186
1 1074826
1 3232664
1 2822103
1 6372047
1 4573006
1 2374710
1 9123205
1 2380373
1 9418881
1 9153311
1 5720937
1 5617686
1 4441090
1 2532078
1 2059391
1 5797000
1 3684580
1 2874364
1 1033851
1 4304046
1 3037111
1 2299561
1 3456280
1 2898737
1 9226977
1 196844
1 8885549
1 8836041
1 7521929
1 744747
1 9118694
1 4857066
1 5629270
1 3402545
1 8817778
1 5641389
1 3040165
1 8245560
1 6980147
1 3447919
1 8446780
1 803951
1 7302096
1 3823366
1 6019073
1 8852451
1 4216738
1 340154
1 8553988
1 5887766
1 9584926
1 1767119
1 3916481
1 939796
1 8232937
1 4789286
1 885499
1 8118279
1 9107654
1 6676303
1 6300465
1 8887544
1 6384469
1 9136179
1 8835891
1 6098020
1 766331
1 4699693
1 4849747
1 9066036
1 7525330
1 3172606
1 102132
1 3380482
1 9676791
1 4787391
1 3013295
1 7879015
1 9740954
1 4606927
1 4973627
1 6032633
1 4994024
1 9739146
1 9064288
1 7507191
1 4723452
1 8684349
1 8775384
1 9650784
1 1102592
1 2484802
1 5333970
1 5114920
1 5559854
1 2142770
1 159218
1 3716491
1 8682064
1 5004087
1 9232571
1 3126283
1 1489170
1 1781503
1 8946638
1 9258741
1 9567038
1 7587557
1 2729811
1 7060587
1 2930532
1 3443436
1 5179615
1 3614536
1 5657418
1 7794823
1 7848957
1 1138650
1 5888347
1 4514349
1 2628676
1 1510379
1 5512161
1 3255323
1 5292174
1 4440716
1 6609401
1 5674270
1 3467106
1 9599097
1 8813880
1 6482506
1 3474637
1 9815362
1 7244367
1 9553348
1 6086814
1 5777157
1 8474681
1 1988051
1 5645653
1 492911
1 6336034
1 4232336
1 4950771
1 7712939
1 4949913
1 8461232
1 3138128
1 2492015
1 8344991
1 5559400
1 774116
1 5422809
1 7752680
1 3975527
1 6867586
1 536762
1 7356461
1 9016958
1 2695605
1 3713384
1 3728887
1 9993809
1 6629806
1 1681137
1 2562534
1 3825857
1 5804700
1 329310
1 7270202
1 7822984
1 7454137
1 8865764
1 2349019
1 7871943
1 9419068
1 2995746
1 454983
1 6434850
1 4723340
1 9364990
1 8055533
1 189051
1 903514
1 6612766
1 4888677
1 1388938
1 6731125
1 3063903
1 2303161
1 599144
1 9362843
1 4072735
1 2726498
1 322298
1 2985420
1 7062498
1 5537512
1 2477308
1 4404054
1 518034
1 9351046
1 5247692
1 1446328
1 22235
1 5081971
1 3620565
1 2241836
1 5439571
1 9223063
1 6284346
1 3688239
1 3857431
1 3128068
1 4919396
1 5483555
1 5193566
1 778646
1 1615545
1 6278644
1 4826782
1 766090
1 8182554
1 1167903
1 7974565
1 7883471
1 4089516
1 2992839
1 5464776
1 4411611
1 5556652
1 2631359
1 8289286
1 1200827
1 8639436
1 9477172
1 8181046
1 5681355
1 3005473
1 1778239
1 6699379
1 719146
1 3726103
1 842413
1 7581400
1 2789772
1 9178005
1 9655605
1 8515253
1 905882
1 4176447
1 699730
1 9959470
1 8413030
1 6061321
1 1018349
1 5954434
1 9246350
1 2133001
1 3777573
1 3898872
1 5049532
1 7086029
1 833366
1 5459174
1 2123397
1 8389012
1 1943880
1 3775328
1 8551302
1 4043047
1 9596657
1 1171055
1 5779363
1 2471868
1 3723623
1 4451856
1 8520655
1 8196736
1 8730967
1 9786763
1 4792333
1 25782
1 2175053
1 5649650
1 7449387
1 6954081
1 5574859
1 1810329
1 2569043
1 3468519
1 8649484
1 6197891
1 9597961
1 2659498
1 7528617
1 7750701
1 6116241
1 7024589
1 1663547
1 7405415
1 7308371
1 4532975
1 8618365
1 676606
1 129938
1 5916675
1 6301793
1 1657808
1 3270813
1 5846926
1 3110781
1 705629
1 1712788
1 9551848
1 268596
1 8911273
1 7977786
1 316031
1 9103480
1 3782369
1 7640652
1 2788230
1 4523877
1 6451668
1 1621872
1 1628048
1 819846
1 9931266
1 1982283
1 9386383
1 5295724
1 4034822
1 8434920
1 3663889
1 7713940
1 7858516
1 2500468
1 5619565
1 907509
1 7244156
1 1857826
1 3676840
1 1712418
1 5301558
1 2113815
1 6472172
1 8072630
1 662782
1 4668866
1 1288029
1 3696789
1 1667170
1 4948406
1 3007231
1 1104964
1 555842
1 8735508
1 916751
1 3336138
1 5797506
1 1143478
1 9730084
1 7315244
1 9288985
1 8974569
1 7664969
1 3842869
1 9819171
1 1059514
1 486725
1 5236761
1 565508
1 4391836
1 1336443
1 3851348
1 7570257
1 5846651
1 4788529
1 9621854
1 5026008
1 4490516
1 9764365
1 8099875
1 9753514
1 8748230
1 9968201
1 4699456
1 8735017
1 1380941
1 5820735
1 5356881
1 6601273
1 1074443
1 9871749
1 197473
1 2994443
1 578507
1 1306759
1 2236111
1 6582740
1 7514916
1 5670662
1 3700098
1 1722770
1 3820101
1 2407863
1 9694408
1 746957
1 5595413
1 3831900
1 6601460
1 1942987
1 7285090
1 5379836
1 958641
1 4321860
1 8773613
1 1914122
1 3276338
1 2588918
1 632466
1 6763943
1 4223212
1 7051560
1 2679476
1 9435554
1 2142015
1 4487947
1 9571096
1 318727
1 8694917
1 5980077
1 6090408
1 1219159
1 7593916
1 3048852
1 6523310
1 4328022
1 4678489
1 5438225
1 7843853
1 3515542
1 1512521
1 5930676
1 7889242
1 6258176
1 4725375
1 2218499
1 5031297
1 170954
1 7008277
1 1687494
1 9851168
1 1154345
1 7504308
1 8416556
1 9641361
1 7593590
1 3356938
1 4585198
1 8528901
1 4625777
1 8560669
1 7352042
1 3335667
1 4338045
1 7927977
1 1516623
1 2274910
1 3070647
1 9205082
1 4008193
1 5712716
1 4575637
1 2221080
1 1091338
1 8466718
1 2291888
1 2590397
1 9415931
1 7018169
1 466679
1 2264075
1 2184806
1 91126
1 5729847
1 3574029
1 5387623
1 7725754
1 5661077
1 9934824
1 8010349
1 1426325
1 9758337
1 4163991
1 4065762
1 7791508
1 1219359
1 5192562
1 3903975
1 6438233
1 1030445
1 5090753
1 9229214
1 6506035
1 1800542
1 6901252
1 15374
1 8682796
1 9968515
1 4880045
1 9170265
1 262285
1 4695593
1 1034214
1 4699394
1 3445630
1 6315367
1 6516775
1 7268501
1 4075202
1 6137690
1 3836779
1 1486956
1 432148
1 1602770
1 5266096
1 3406743
1 3418946
1 2638548
1 7559109
1 5920846
1 5017021
1 8707455
1 7328886
1 6083073
1 7105427
1 141807
1 7165162
1 9157040
1 967558
1 1855832
1 9966790
1 6298805
1 7868442
1 7789368
1 349211
1 1544457
1 802602
1 8437735
1 5335799
1 2428543
1 8667514
1 5483201
1 2961481
1 7910573
1 687166
1 9245044
1 5729789
1 3484881
1 2037551
1 2249345
1 9220963
1 3853487
1 6074881
1 3082811
1 1211059
1 7823605
1 6523216
1 8951026
1 5809536
1 8453864
1 9757460
1 5413618
1 5095373
1 9069219
1 4899350
1 7633539
1 2122587
1 3237962
1 8613592
1 4219809
1 5286873
1 5366490
1 5262917
1 9048085
1 4517462
1 1355337
1 8416859
1 3964127
1 958194
1 1409700
1 904387
1 6834541
1 6522927
1 4876665
1 675647
1 4815874
1 8129438
1 7152606
1 5443163
1 7992321
1 8472706
1 7977424
1 8296126
1 9127190
1 1759666
1 8230460
1 3935811
1 1236388
1 8665522
1 6271966
1 4322628
1 2292536
1 6743717
1 4272892
1 1146190
1 6620722
1 7304342
1 4216196
1 4692438
1 8240541
1 4595303
1 9729964
1 3366197
1 6034329
1 5294744
1 5991846
1 1273328
1 2960820
1 8126941
1 5339153
1 397384
1 5530815
1 5403892
1 5171221
1 6377949
1 1521047
1 3322754
1 8731352
1 5344407
1 7826569
1 8160456
1 9675948
1 6528447
1 8679405
1 2060695
1 8575962
1 332905
1 9825602
1 3331060
1 3609598
1 8694217
1 3297214
1 5382819
1 1066322
1 922499
1 3413109
1 5006444
1 2846473
1 3000183
1 4719683
1 493495
1 2528151
1 4256306
1 897726
1 4161247
1 58950
1 8986061
1 4797190
1 1560445
1 1163634
1 5118122
1 3703109
1 7730826
1 2270495
1 7360020
1 6540016
1 1707559
1 2054390
1 1095952
1 413267
1 317277
1 8835832
1 5042467
1 1292146
1 4285521
1 7702856
1 9934515
1 1888694
1 5726828
1 9623186
1 4506420
1 8098809
1 8767096
1 5313150
1 2057303
1 9181704
1 1183256
1 708623
1 3824992
1 8148588
1 7970018
1 3548073
1 6469315
1 9586027
1 7909222
1 6180181
1 486249
1 8449780
1 6206075
1 4210916
1 8954107
1 3193631
1 4544628
1 9950365
1 3057007
1 9009614
1 8414940
1 3369632
1 4958283
1 159466
1 4709529
1 3903253
1 8757893
1 2039463
1 6339791
1 7252503
1 2501871
1 4018199
1 6082282
1 3387376
1 7571248
1 5132891
1 9507050
1 2474337
1 9382759
1 7440321
1 6561831
1 7818778
1 82053
1 6991854
1 1925957
1 8499959
1 1564121
1 7301319
1 5823504
1 443063
1 6666387
1 9817873
1 8777453
1 2202416
1 3842440
1 9100648
1 1192926
1 5070879
1 8921463
1 1490320
1 390393
1 9648473
1 6465560
1 9020361
1 5826711
1 6320763
1 8932315
1 8219032
1 1530277
1 2311458
1 5603864
1 1146957
1 5648089
1 8817227
1 2236189
1 4706453
1 8996606
1 3048409
1 8613528
1 9749730
1 2648051
1 3898515
1 48226
1 2189149
1 4681699
1 7214695
1 4135687
1 84599
1 5782198
1 9112599
1 6070225
1 2281177
1 5455715
1 3818092
1 1476345
1 2818174
1 7379145
1 6326675
1 7938860
1 3609834
1 7132339
1 6997823
1 4745664
1 6849750
1 6896072
1 1945836
1 6127282
1 4159437
1 9283604
1 2029690
1 1043167
1 8100098
1 4556639
1 8037513
1 9874813
1 7154556
1 3161397
1 3717534
1 2926839
1 3579885
1 2962868
1 7903681
1 8643123
1 8026744
1 2847468
1 1252868
1 6621432
1 5061770
1 8980281
1 1874116
1 7087120
1 7624651
1 405309
1 4262383
1 6076003
1 3841142
1 6744460
1 222308
1 2227008
1 9201865
1 7983825
1 1038439
1 5530597
1 7088861
1 5808429
1 5916606
1 3140159
1 1289121
1 6123103
1 1355606
1 941974
1 618015
1 2128099
1 4866230
1 2719031
1 3523025
1 3393133
1 2197712
1 9296983
1 6533095
1 6661527
1 5597427
1 8886255
1 7276445
1 1210138
1 9832467
1 6564640
1 5992171
1 2441505
1 2460165
1 2031466
1 3895466
1 5283545
1 7645807
1 8712067
1 6416586
1 5843517
1 3690744
1 8553499
1 2196366
1 2997710
1 2964496
1 4515899
1 4932828
1 3955929
1 3816718
1 7981364
1 2605894
1 2754695
1 5866620
1 2451312
1 9935125
1 4532281
1 7819351
1 4810313
1 2575137
1 877258
1 4543843
1 4921868
1 4940305
1 3819577
1 1585609
1 9541513
1 5601653
1 2519810
1 1378378
1 4748655
1 4769368
1 4623936
1 8298718
1 5546333
1 5632160
1 7041836
1 7490499
1 113602
1 617358
1 5035302
1 710741
1 6450962
1 7140991
1 2299159
1 8848966
1 4931120
1 1959930
1 7074971
1 8110940
1 6765777
1 2095220
1 8217624
1 1740189
1 1115566
1 9616148
1 7004923
1 7557665
1 5144526
1 3996882
1 9272689
1 4520679
1 482823
1 4581870
1 2243343
1 4897265
1 7710638
1 2396550
1 4817459
1 7444431
1 2736829
1 7174172
1 5039190
1 4517252
1 3433056
1 2782248
1 3994583
1 1990759
1 6610231
1 282187
1 8211229
1 9688267
1 2523857
1 6510623
1 5133728
1 4123246
1 6163276
1 2470367
1 2694943
1 9197634
1 6957772
1 7585139
1 6254139
1 2127446
1 9100820
1 8048872
1 4936851
1 4540587
1 6990475
1 9321688
1 7529238
1 7198314
1 5733095
1 2389418
1 6223461
1 430675
1 8431221
1 4801613
1 1866437
1 5425706
1 3986061
1 6325071
1 231033
1 3783667
1 4985634
1 2125685
1 5738261
1 3136654
1 6460723
1 8121752
1 2953038
1 1994860
1 7535865
1 3233043
1 7968086
1 1972918
1 1147260
1 1459425
1 6121657
1 8009866
1 9569444
1 5274315
1 9208916
1 7588083
1 7206201
1 6242928
1 3056512
1 3632089
1 6316848
1 8318661
1 1186795
1 9024921
1 8353350
1 5656651
1 9085376
1 158658
1 5405268
1 6950473
1 1503827
1 5908544
1 6253243
1 2099388
1 1919636
1 4662636
1 8704226
1 3423628
1 6796283
1 2260155
1 9250325
1 5095520
1 5340084
1 8841216
1 9472103
1 2324873
1 9950688
1 1146845
1 3516875
1 6172307
1 7947212
1 1584758
1 802359
1 972101
1 6356442
1 2913114
1 4209022
1 8398527
1 8362846
1 8767044
1 9817018
1 2850469
1 6337634
1 9066401
1 2313490
1 2027231
1 7360603
1 2128400
1 894742
1 1295901
1 7758899
1 2338879
1 3617838
1 9109773
1 2857996
1 1514825
1 3068481
1 5185106
1 4233845
1 7385036
1 7796873
1 9896774
1 8386549
1 899909
1 8386265
1 4887805
1 5444946
1 2621317
1 8046947
1 4275627
1 3897150
1 7522933
1 5805684
1 710338
1 6606994
1 5165767
1 4764693
1 8684868
1 6591560
1 9625701
1 5693926
1 8233270
1 3809192
1 7519864
1 3578324
1 4351760
1 5876108
1 3897624
1 2574158
1 3901981
1 9683410
1 3126568
1 8164698
1 2157995
1 4753207
1 9120302
1 2209448
1 6057491
1 8676955
1 9801600
1 2894740
1 4971508
1 8582148
1 7057809
1 407068
1 7132120
1 5705618
1 5445911
1 7380743
1 4778788
1 4717101
1 4803161
1 8635582
1 5033721
1 1068054
1 970473
1 8410447
1 1770440
1 8097156
1 1257726
1 5670278
1 8295551
1 8479415
1 2782203
1 5989561
1 2462487
1 9939061
1 7574894
1 8793828
1 2143479
1 1060215
1 4417543
1 2235477
1 687356
1 2252977
1 2060145
1 2915509
1 4241568
1 28496
1 2237322
1 9755385
1 829776
1 9200557
1 9131640
1 991601
1 2842024
1 3536226
1 9380549
1 4131106
1 4480058
1 6330930
1 2454203
1 5613199
1 3996557
1 7295373
1 9479847
1 7676561
1 9887910
1 912525
1 8150617
1 5142846
1 3515148
1 1651135
1 2759241
1 5414699
1 9481318
1 8910108
1 2075530
1 9978777
1 1601614
1 6800086
1 5263528
1 6089610
1 1140037
1 2129569
1 2910941
1 1194414
1 6289412
1 453710
1 3005522
1 4444176
1 1160757
1 9136576
1 5426199
1 6895280
1 2288078
1 2902939
1 7886072
1 2096711
1 7865465
1 4047412
1 3123572
1 6641938
1 6307584
1 3412743
1 2037487
1 2255766
1 5728526
1 9174382
1 8673190
1 86047
1 3327121
1 1585259
1 9279047
1 5044117
1 2188460
1 9925972
1 3614756
1 8438330
1 9088540
1 6375606
1 7478607
1 669600
1 9898918
1 8893877
1 9950691
1 6762210
1 6676750
1 6371193
1 8503781
1 7763115
1 2584164
1 9264374
1 3653110
1 4439907
1 5445911
1 4514033
1 808011
1 5302398
1 6782674
1 8646420
1 1045831
1 8527930
1 9533309
1 8279082
1 1807548
1 3941413
1 3456921
1 2424330
1 406934
1 3069414
1 50935
1 7231318
1 9616213
1 4585288
1 4668544
1 29921
1 1705038
1 886590
1 9696701
1 6328485
1 3083490
1 9066389
1 4256924
1 397286
1 6820304
1 8321085
1 2895162
1 4897757
1 4474244
1 2777097
1 8348230
1 5975449
1 4093422
1 4309630
1 3798702
1 5750773
1 3620178
1 7674416
1 795177
1 4485091
1 5803127
1 8337084
1 3308508
1 3527515
1 7204062
1 3036822
1 5437310
1 8071273
1 369073
1 7592699
1 9286888
1 7334600
1 4338703
1 3380449
1 9284476
1 5724045
1 2973398
1 7419172
1 9654961
1 5177197
1 3057399
1 7087202
1 3627613
1 3191071
1 998242
1 1346798
1 3306898
1 2804741
1 6047586
1 6822748
1 3754654
1 3456165
1 8813
1 7383928
1 6085391
1 8561785
1 9577057
1 633480
1 4897891
1 8464980
1 8747074
1 2574657
1 1945397
1 3792202
1 8593416
1 1468855
1 2681471
1 6982973
1 7347522
1 1664716
1 9557548
1 5610093
1 276192
1 8761070
1 5170622
1 1015962
1 7067484
1 5247137
1 8483252
1 9465892
1 4214436
1 9470298
1 2569964
1 6513742
1 3027433
1 6226457
1 5438412
1 2283859
1 2110123
1 8984419
1 8052972
1 7933448
1 9963322
1 6572872
1 6769032
1 2995993
1 4588516
1 7732911
1 6513705
1 5670326
1 2380461
1 6220061
1 1226554
1 9972541
1 2384877
1 375942
1 1832845
1 8573741
1 3918502
1 4517775
1 4736306
1 3377691
1 236511
1 9606484
1 165752
1 6650415
1 880221
1 7346130
1 1142805
1 7544133
1 2430035
1 5242584
1 9023917
1 9974970
1 1820442
1 2648552
1 2860145
1 1259364
1 8798709
1 1922505
1 1819183
1 2551842
1 8753408
1 103481
1 8354479
1 9560352
1 1651483
1 5802929
1 2365648
1 283074
1 8490165
1 476366
1 5500948
1 8332064
1 9726816
1 3126163
1 2625406
1 8354244
1 2034561
1 4343454
1 2645772
1 5640034
1 5899661
1 3801180
1 8497155
1 1606466
1 7429
1 8027982
1 2761276
1 4375095
1 937752
1 8960439
1 1849471
1 9838077
1 9061264
1 4620584
1 5276023
1 4845154
1 5710726
1 6059366
1 4636503
1 2717715
1 4877606
1 6341792
1 6649459
1 3291989
1 5806806
1 1086741
1 7382252
1 377916
1 7823826
1 5205288
1 1278687
1 9211877
1 6771928
1 4588873
1 8801500
1 4421499
1 3458697
1 7796461
1 7515815
1 3893636
1 7515985
1 116008
1 7165915
1 4959383
1 4707862
1 1014385
1 616985
1 3554457
1 7190405
1 4584857
1 4058374
1 7461929
1 5879958
1 5519738
1 6840852
1 4904485
1 8728169
1 19213
1 4490591
1 3116085
1 4628907
1 114003
1 1192477
1 2416167
1 2695733
1 7919793
1 9797201
1 1744544
1 5078608
1 4593543
1 6668460
1 5446661
1 2000907
1 1525561
1 9880599
1 1956450
1 2562622
1 6076169
1 1196603
1 1693320
1 4143349
1 9202860
1 5280206
1 9914591
1 600562
1 3584912
1 3745028
1 5859915
1 2344141
1 1049320
1 2102843
1 8500009
1 1958624
1 3984374
1 2343579
1 3311871
1 7997098
1 4354154
1 6644237
1 5989350
1 8865977
1 1610458
1 5766101
1 9453816
1 20344
1 3450186
1 3239746
1 4435964
1 8767936
1 2982943
1 1524352
1 8001055
1 2044272
1 390291
1 2475200
1 6781110
1 4894722
1 4470611
1 988986
1 1836138
1 3924146
1 4944992
1 455261
1 5344722
1 440732
1 8041738
1 2650971
1 3215438
1 2954417
1 7076184
1 2397307
1 7660132
1 7460230
1 2175047
1 5865752
1 1934291
1 739961
1 851282
1 2506653
1 9518528
1 6094298
1 6445055
1 1368410
1 5578743
1 5351430
1 6106670
1 1441779
1 806644
1 4530943
1 2236364
1 8983650
1 8164772
1 4490417
1 4379559
1 9001533
1 1370456
1 2548268
1 5755033
1 2242455
1 3858234
1 7380511
1 7146334
1 9860192
1 9034328
1 1571106
1 4191233
1 4259975
1 7925112
1 9417624
1 6292226
1 4096111
1 359948
1 4165946
1 9778637
1 6846005
1 6976415
1 5673132
1 760740
1 1719412
1 378545
1 38055
1 4283963
1 6526045
1 1849644
1 6045925
1 3279941
1 6871720
1 1136632
1 8427290
1 7885689
1 2285467
1 3220851
1 1012279
1 1577613
1 9125334
1 9014280
1 6158595
1 6097498
1 1578321
1 8057241
1 4889950
1 5761804
1 295983
1 7462942
1 371888
1 3108488
1 32028
1 1046880
1 9471849
1 9342187
1 1033568
1 9120961
1 9935293
1 4488473
1 4166640
1 2829839
1 9789170
1 849030
1 7062245
1 9108324
1 716029
1 8561237
1 5209579
1 5444367
1 9176985
1 3200695
1 340078
1 6539675
1 9207238
1 6601931
1 1780333
1 8666626
1 811078
1 9988974
1 8691319
1 7108008
1 6186437
1 9850483
1 351204
1 3299517
1 6157223
1 7393475
1 147831
1 2144723
1 6369426
1 9757585
1 8243294
1 6545219
1 1622521
1 5391913
1 329975
1 3379913
1 1693248
1 5130290
1 524519
1 7353962
1 2509318
1 106416
1 9339941
1 9190474
1 7739219
1 1505998
1 2676691
1 6357693
1 8989967
1 7875436
1 4915412
1 3994891
1 5745666
1 2858585
1 6610160
1 5063519
1 9664679
1 2105866
1 3952569
1 5707530
1 1126971
1 7937539
1 4944390
1 1905723
1 6393038
1 7337879
1 3804188
1 4172746
1 3753238
1 7853400
1 3728972
1 5593871
1 6291925
1 7702409
1 8160221
1 3295159
1 1347101
1 2150414
1 9385141
1 8970920
1 6220238
1 230513
1 2932067
1 3443623
1 9666643
1 890024
1 1713192
1 3798253
1 545455
1 7349862
1 5596543
1 8740374
1 4949056
1 3382432
1 480352
1 3488640
1 9642484
1 6232349
1 5723216
1 8341863
1 9675278
1 5772019
1 1768339
1 8788956
1 917312
1 1612934
1 6843248
1 7035583
1 408506
1 3279937
1 6359861
1 1525663
1 9082224
1 9374532
1 7830099
1 7287568
1 1950381
1 3454007
1 1159906
1 4275745
1 1576727
1 9727597
1 2920557
1 797316
1 2239009
1 3704404
1 9520000
1 1755208
1 9416508
1 3221096
1 4792755
1 3454505
1 4811305
1 9444346
1 7206706
1 4385776
1 2892781
1 6700609
1 5256211
1 41414
1 6188166
1 6622546
1 1983476
1 526550
1 4154600
1 3128626
1 2926326
1 4715403
1 4994040
1 8783594
1 2158647
1 8612274
1 6200270
1 2470214
1 7618908
1 7655671
1 5876650
1 7913020
1 3835602
1 4307702
1 2986869
1 5256640
1 8258869
1 349141
1 7616792
1 6765756
1 2548376
1 7297964
1 9145156
1 5647834
1 2788209
1 14863
1 8615074
1 9887654
1 8582406
1 6906903
1 1348275
1 3452956
1 88156
1 955100
1 1650163
1 2099708
1 1824743
1 4145272
1 3141404
1 8926900
1 6935583
1 4270197
1 885968
1 4401921
1 973996
1 3084258
1 6181015
1 5373454
1 8459374
1 2646967
1 9701294
1 8044327
1 5661058
1 2576650
1 943356
1 8571144
1 1253781
1 6146986
1 9843062
1 4882393
1 7910464
1 4944068
1 7574049
1 3640605
1 1110977
1 2250339
1 3468085
1 8108064
1 4615391
1 4755985
1 9773766
1 658622
1 8634664
1 1937495
1 3092357
1 6134924
1 5043875
1 2582839
1 3657678
1 251008
1 4422808
1 9604664
1 6663022
1 7312880
1 5783247
1 7507732
1 6458491
1 2103446
1 6504411
1 3369371
1 7551153
1 967998
1 4777516
1 4451737
1 4349545
1 662095
1 9572693
1 3300070
1 6360576
1 7787060
1 3903682
1 9041249
1 3875390
1 4250875
1 2205113
1 9424028
1 5650036
1 725302
1 174363
1 8235838
1 2009525
1 2546185
1 2374995
1 565678
1 8518860
1 4686852
1 5066636
1 107135
1 8740202
1 156031
1 3625329
1 6764786
1 9718201
1 1840551
1 5966963
1 7175699
1 8524066
1 2142554
1 3568992
1 1311761
1 1662627
1 7498771
1 7352435
1 1294416
1 8678950
1 295557
1 8584852
1 3655289
1 1813232
1 619421
1 112408
1 2914494
1 8187528
1 8116647
1 4430423
1 7937014
1 5138455
1 7165861
1 4983137
1 266798
1 9451572
1 6779602
1 6118514
1 8247132
1 4306034
1 3800625
1 8507926
1 5348498
1 5877127
1 2943340
1 291421
1 1537005
1 6411000
1 6085831
1 4523195
1 7810663
1 6529252
1 3890791
1 5300735
1 3972625
1 7296021
1 2658870
1 1585699
1 2872015
1 9473678
1 1844418
1 7366784
1 2965476
1 2154306
1 338846
1 5527364
1 3240573
1 138539
1 4986473
1 1064028
1 3586804
1 9433951
1 993094
1 3027731
1 5243419
1 4320964
1 335721
1 5528092
1 8041787
1 5653545
1 6081319
1 1221380
1 9699337
1 6065020
1 4608499
1 8450108
1 9489797
1 2974258
1 5377320
1 729223
1 3995077
1 1149167
1 5004690
1 9322475
1 1807761
1 8256241
1 8177720
1 5938074
1 3297850
1 9441965
1 7048787
1 3380640
1 3749386
1 9710407
1 2896213
1 3998536
1 7633852
1 3467300
1 723553
1 9782071
1 3265311
1 9999556
1 6068061
1 4089359
1 3308039
1 8392832
1 2397280
1 3175356
1 9687727
1 402561
1 4525610
1 1342023
1 275760
1 9210637
1 9961788
1 9615813
1 5934729
1 8858325
1 17623
1 196996
1 1241174
1 4683670
1 2996106
1 9002814
1 1687700
1 7116351
1 3225482
1 4879716
1 6566410
1 8524091
1 5221268
1 747644
1 6847909
1 7000735
1 2953898
1 7804988
1 8558277
1 4670212
1 2194102
1 506440
1 4228422
1 1119401
1 7850481
1 3650810
1 7317127
1 6687249
1 4394717
1 1641042
1 3202826
1 3063052
1 5514948
1 1464263
1 383593
1 3144798
1 9530973
1 1287902
1 3886611
1 1994838
1 4774210
1 6185113
1 1916362
1 1329478
1 5254152
1 424432
1 3179194
1 3303860
1 5955220
1 8590818
1 245796
1 6440821
1 4745199
1 4491405
1 7872807
1 2449844
1 654314
1 6708527
1 7899134
1 7889278
1 121722
1 9169271
1 3299307
1 1923000
1 8554108
1 4675464
1 7629074
1 2440832
1 3040483
1 7983925
1 3792938
1 1969409
1 9732465
1 2099260
1 9425687
1 5557670
1 3396701
1 5206955
1 7217468
1 6940719
1 7051947
1 2832091
1 9075754
1 7567747
1 4134414
1 399714
1 6478832
1 462423
1 3508085
1 2804053
1 2204227
1 7516750
1 9950049
1 8659465
1 3555287
1 4893417
1 7472563
1 9245206
1 3107329
1 8689271
1 3368154
1 4708187
1 2945123
1 2879579
1 8608242
1 8884115
1 1231283
1 379734
1 8711963
1 6534481
1 4428273
1 422302
1 3122776
1 4979058
1 8802351
1 4716081
1 7030643
1 9443217
1 1281402
1 5982709
1 1014169
1 8896518
1 6206246
1 7119192
1 1907999
1 7517386
1 5823129
1 7756705
1 5848534
1 6921503
1 1173168
1 717799
1 5526883
1 9452535
1 2640054
1 4736498
1 3672004
1 2137345
1 2573204
1 14250
1 8630360
1 9711942
1 7413108
1 427537
1 3477879
1 7162564
1 2642736
1 8334961
1 1573398
1 1682375
1 4256857
1 6411134
1 3575521
1 7605766
1 1289792
1 7041582
1 6386582
1 7111142
1 4802788
1 7954175
1 7767957
1 6386364
1 9684441
1 9017534
1 9532585
1 2055336
1 5782737
1 744739
1 8158573
1 3951072
1 6206725
1 3531466
1 1928371
1 6322845
1 6448665
1 1712957
1 6686068
1 6822867
1 3205545
1 3038506
1 893601
1 1084529
1 7161121
1 724262
1 6256381
1 6806421
1 2773669
1 1374118
1 2405360
1 8657445
1 2342103
1 2573167
1 2551284
1 6449627
1 7636978
1 7888782
1 7753249
1 9465110
1 6201292
1 4384146
1 892636
1 7954843
1 6387740
1 6437459
1 6325116
1 8399469
1 1727100
1 1185094
1 8094119
1 4887240
1 705543
1 7593821
1 1824806
1 4665156
1 9730475
1 2924414
1 459452
1 8034344
1 575556
1 3497441
1 8249511
1 511902
1 8990875
1 8268454
1 5664743
1 8213898
1 4939872
1 7760779
1 8413194
1 6148927
1 2863504
1 5262942
1 5592986
1 6728555
1 5047649
1 671739
1 9257955
1 167948
1 4735675
1 8169510
1 8593173
1 4893602
1 3552125
1 6646857
1 804810
1 5702501
1 6819911
1 9754403
1 9238713
1 2261478
1 9031193
1 8744699
1 2431177
1 2271569
1 6119543
1 1331595
1 9852974
1 9407971
1 910487
1 7105904
1 7658640
1 7586659
1 9187808
1 9255478
1 7325273
1 8947900
1 1409365
1 9116140
1 9510728
1 232991
1 70764
1 3782128
1 3472791
1 1896542
1 5487228
1 6268627
1 9346753
1 9993773
1 8537555
1 5957897
1 4956905
1 1237049
1 6281008
1 2568433
1 8840175
1 879796
1 1132791
1 7859719
1 9039936
1 8598274
1 4426644
1 5886530
1 3499518
1 3000051
1 4184067
1 2493964
1 7803964
1 7364610
1 69531
1 5354430
1 6420224
1 7030973
1 1485978
1 7373516
1 6844560
1 7056726
1 8871070
1 815602
1 3246321
1 9536318
1 2619505
1 6674559
1 593409
1 6863389
1 1020854
1 2156929
1 9848968
1 6920775
1 8065910
1 4711006
1 7124073
1 623326
1 7596635
1 960298
1 6747400
1 1317245
1 9694681
1 1200550
1 9356899
1 9936006
1 7170032
1 5243551
1 2583469
1 1602610
1 4859350
1 4796318
1 4421201
1 3899613
1 74156
1 2098522
1 7058834
1 4811626
1 1443675
1 9105908
1 5792171
1 5266900
1 2336283
1 1618880
1 802225
1 1054927
1 7852138
1 8629303
1 6805624
1 3281145
1 9566953
1 8037373
1 2345942
1 387308
1 2956624
1 330153
1 5700900
1 6438390
1 5409509
1 6634630
1 5997356
1 6302649
1 8821165
1 4377504
1 2720416
1 7785555
1 6462895
1 5241403
1 4975449
1 6159755
1 3906749
1 681833
1 6315877
1 4322653
1 1511487
1 2507820
1 8720501
1 8459487
1 4160389
1 6145325
1 8837621
1 4626158
1 8179888
1 6237769
1 2025041
1 6247918
1 628201
1 118945
1 3434959
1 5793219
1 9709790
1 6309615
1 209117
1 2145697
1 7889506
1 794264
1 5024574
1 1639578
1 4287194
1 6439491
1 5864609
1 9648209
1 4238566
1 5772351
1 9096228
1 8082509
1 5778182
1 6912430
1 4188227
1 3448915
1 9342690
1 3272503
1 3969994
1 266139
1 6738433
1 1394130
1 2985203
1 3516084
1 9307619
1 89222
1 4225310
1 2453082
1 7675145
1 9219270
1 4203285
1 1186151
1 2529808
1 3761214
1 9566618
1 4618231
1 2778781
1 1551850
1 9263545
1 4987930
1 7014836
1 9418869
1 4170306
1 4296782
1 3907746
1 3229192
1 1555617
1 273955
1 3786340
1 2556231
1 892005
1 3702865
1 3222817
1 1817447
1 4066793
1 8219023
1 1529656
1 4720839
1 7506312
1 8978763
1 7827891
1 7341242
1 8985717
1 9793090
1 7508048
1 2331243
1 5738760
1 5196990
1 2139498
1 1767698
1 2298279
1 2126843
1 4914895
1 8628478
1 3780983
1 7156910
1 6376493
1 2956405
1 6886255
1 2891364
1 8081207
1 921587
1 1354889
1 7305561
1 6895897
1 1700332
1 4771652
1 596311
1 3637716
1 878572
1 9823976
1 590831
1 2924047
1 9309841
1 6569135
1 5490801
1 4016531
1 8192001
1 8411419
1 4048194
1 6121682
1 7780729
1 5506768
1 9753770
1 3656874
1 2936920
1 9869681
1 2267251
1 9188174
1 1909297
1 7339631
1 5424828
1 976210
1 1798337
1 7967207
1 2803013
1 6528653
1 4485374
1 5791660
1 6634451
1 43621
1 6848600
1 8306501
1 8006086
1 9772855
1 5934424
1 4163773
1 3172155
1 8200980
1 8727291
1 5157565
1 1993285
1 2799796
1 7902483
1 4214403
1 1371686
1 1678373
1 6368293
1 5316125
1 358126
1 1419973
1 5715011
1 652875
1 9306716
1 3404282
1 9240871
1 1362502
1 6899511
1 3320586
1 1713411
1 5248678
1 7728245
1 8065280
1 1656377
1 9811615
1 7333708
1 8514878
1 5702043
1 1528445
1 3576338
1 9068916
1 9552301
1 6493200
1 2978388
1 9227322
1 6004296
1 2648351
1 865534
1 7690001
1 1245839
1 2922185
1 3801715
1 3205327
1 4427155
1 20622
1 7350885
1 8556535
1 8669001
1 3755484
1 5613939
1 5834433
1 8001528
1 6298709
1 939448
1 3826418
1 3031407
1 4510255
1 1378962
1 4963615
1 6893383
1 9351623
1 6592419
1 3916868
1 102933
1 8746685
1 3236599
1 9866327
1 2631117
1 2047693
1 364246
1 7612367
1 5224839
1 9416645
1 1271941
1 4931015
1 913406
1 3701252
1 9780699
1 185688
1 1335389
1 1840208
1 1163812
1 8813585
1 3876082
1 8414115
1 1852063
1 7702059
1 6155506
1 4209121
1 9442940
1 8674526
1 2848300
1 1557638
1 4579718
1 1438734
1 8888705
1 57410
1 1057782
1 6723145
1 888266
1 7841255
1 7518600
1 8168804
1 757991
1 879468
1 2497098
1 453508
1 1742847
1 6575205
1 2667739
1 1409959
1 4595394
1 6359004
1 7385120
1 745599
1 8266376
1 434983
1 2151313
1 4072922
1 4773316
1 2367514
1 302565
1 6575227
1 8267977
1 499799
1 3973010
1 7715415
1 2915613
1 5997348
1 603895
1 9347524
1 1695846
1 7914066
1 5800122
1 2236115
1 6232787
1 8570564
1 6013990
1 5934041
1 3607789
1 1169796
1 2792277
1 5638051
1 9011416
1 7471811
1 2551476
1 4367722
1 64437
1 8207761
1 2096431
1 4581228
1 7578114
1 3221691
1 1393047
1 44996
1 3560451
1 9607466
1 5824967
1 2810242
1 6280118
1 8332808
1 7510668
1 7162689
1 2275632
1 5262393
1 8384674
1 6557373
1 3546862
1 1628671
1 767004
1 5948738
1 6953773
1 1548845
1 4469388
1 8976161
1 9575958
1 5285454
1 96413
1 5855350
1 390815
1 1661433
1 2683139
1 3876373
1 9495472
1 653333
1 2132121
1 6996132
1 9038703
1 9314433
1 2545975
1 7112989
1 6113397
1 8679038
1 5102479
1 3013741
1 4392511
1 962573
1 5318103
1 6668728
1 6268200
1 680868
1 984253
1 58935
1 5469496
1 7100325
1 1867385
1 3070011
1 7962179
1 365650
1 5698921
1 1705880
1 5906551
1 9484392
1 5660711
1 2516724
1 2814534
1 986846
1 2802098
1 5194492
1 8313415
1 7798859
1 2505736
1 8132477
1 539597
1 5797256
1 5787594
1 5610615
1 5668767
1 659526
1 1711401
1 6790815
1 6835201
1 8358003
1 7789930
1 3518799
1 3374767
1 1820768
1 758920
1 8924268
1 922013
1 8086101
1 4211973
1 9997931
1 3959843
1 8845753
1 9064930
1 1359793
1 6462219
1 8976299
1 8639395
1 5689265
1 1675099
1 9220163
1 3872528
1 6591285
1 4927221
1 5819778
1 7097475
1 241934
1 774599
1 4311043
1 2022158
1 5564251
1 8543542
1 2153610
1 5688846
1 938182
1 9846244
1 1640426
1 6243215
1 5434091
1 9610028
1 7942213
1 4688285
1 4249967
1 2955049
1 8034556
1 5207972
1 3065041
1 46158
1 3503359
1 2830066
1 2547612
1 4663742
1 8157567
1 1585191
1 9656891
1 8295342
1 4702082
1 2589625
1 3018855
1 431810
1 968518
1 562870
1 8381192
1 3019932
1 6237318
1 3675671
1 9348679
1 3561869
1 486024
1 9375159
1 9088247
1 8930278
1 4624233
1 9924057
1 3823911
1 8166220
1 9754848
1 8963420
1 711540
1 1708029
1 1532635
1 5379511
1 7562569
1 7992089
1 4044290
1 7206397
1 3555072
1 329375
1 2211210
1 3175822
1 2698336
1 4540103
1 385151
1 6283818
1 7654390
1 4761831
1 4953018
1 6267317
1 2441074
1 8354890
1 5474735
1 7349033
1 5838038
1 3715
1 3119531
1 668174
1 8720117
1 1797277
1 7284424
1 2499082
1 6980372
1 5461682
1 4772980
1 9443618
1 2759787
1 2671663
1 8135252
1 7081377
1 914758
1 3128562
1 2208161
1 6013269
1 1879933
1 6555177
1 7063355
1 4762828
1 9709668
1 5669913
1 2927164
1 6633903
1 4456736
1 7968861
1 6828454
1 3805296
1 3681465
1 6588489
1 9702690
1 4073886
1 2199686
1 1166407
1 5874944
1 7032195
1 8261427
1 3202405
1 9372745
1 5137934
1 9437696
1 3926992
1 8694432
1 8762161
1 6008623
1 1529198
1 3154534
1 567868
1 2131241
1 7151985
1 2696265
1 9688591
1 9887900
1 8294437
1 7737730
1 1763352
1 7571222
1 2955337
1 3699167
1 9322604
1 5304904
1 9042578
1 8774704
1 3183931
1 1982304
1 4838740
1 8360435
1 3953515
1 144736
1 4912935
1 5348375
1 5001320
1 3194920
1 3068072
1 7951619
1 5829161
1 3676934
1 7590555
1 3009394
1 8052030
1 6940197
1 7246465
1 1173866
1 7204824
1 736451
1 9513064
1 2123205
1 8346072
1 1989665
1 5107396
1 5089269
1 6034402
1 7216987
1 6988623
1 4850459
1 6691169
1 8359200
1 8295051
1 2386258
1 4423599
1 5829047
1 6658936
1 762289
1 5073830
1 2453669
1 5068210
1 5148100
1 2839147
1 589144
1 6389759
1 1324671
1 9323519
1 9772300
1 4396938
1 8581916
1 3076086
1 7287031
1 6746426
1 911736
1 9331388
1 7500860
1 2949055
1 7610821
1 8743681
1 8256859
1 848079
1 5134648
1 8101259
1 2004305
1 9966279
1 1407229
1 6449542
1 1412492
1 7356312
1 6226336
1 3726821
1 7047655
1 5435265
1 1420528
1 6326849
1 5816056
1 8583033
1 1364501
1 8658844
1 892428
1 3721769
1 7233484
1 1263505
1 9403250
1 625492
1 3114908
1 3538309
1 6937191
1 1740229
1 6505714
1 3663883
1 3466093
1 7258388
1 8915134
1 7646596
1 8875444
1 5545821
1 3999231
1 5988603
1 680548
1 7852536
1 9290942
1 540105
1 4794397
1 7739625
1 9178448
1 3224797
1 5330868
1 9400831
1 4650866
1 5217454
1 338856
1 5742703
1 5925832
1 8396017
1 5461777
1 8346008
1 3735582
1 5416734
1 3413073
1 4757642
1 5512188
1 9909848
1 6307659
1 7997996
1 2703864
1 3941442
1 8213959
1 9683413
1 6934876
1 9440194
1 5445530
1 8311962
1 5391935
1 1003832
1 2526981
1 7641515
1 7002845
1 9191790
1 980476
1 9576224
1 2306508
1 5791214
1 7259950
1 4430831
1 3735292
1 463492
1 7213943
1 3059282
1 3035733
1 3961651
1 8363935
1 3590830
1 2258273
1 9196022
1 2835241
1 8283516
1 2482761
1 323503
1 9783061
1 566158
1 8038788
1 2454222
1 3164238
1 7222547
1 4086056
1 7604721
1 2524880
1 4335603
1 6329941
1 4190950
1 2194162
1 2477883
1 1626392
1 8222115
1 4506323
1 8125739
1 8796021
1 8283332
1 2547800
1 7444861
1 9428602
1 1084968
1 2315895
1 5606351
1 9800712
1 520508
1 1518040
1 7232850
1 6395689
1 9590265
1 59625
1 8792482
1 6238632
1 5149981
1 5513391
1 9257314
1 782469
1 2957586
1 3771722
1 2361352
1 7577736
1 228103
1 3970327
1 7422481
1 6143005
1 1198361
1 886553
1 6116738
1 156295
1 3890707
1 5975647
1 2087864
1 7536375
1 8819630
1 6506038
1 5117158
1 7960812
1 7852179
1 2609099
1 5981600
1 3475491
1 991140
1 2862230
1 6629038
1 6383857
1 6680935
1 1858117
1 5971177
1 6452556
1 2242222
1 8600714
1 56648
1 7816603
1 9615577
1 2027093
1 7099146
1 4240799
1 549761
1 6382026
1 7040687
1 4790349
1 889869
1 7117981
1 6286060
1 4489746
1 460719
1 4374689
1 8720251
1 3045606
1 845270
1 3597344
1 6072624
1 347571
1 1435908
1 7116427
1 4945182
1 3929412
1 42749
1 4183364
1 7589335
1 1876392
1 5395815
1 5566846
1 9797313
1 8427417
1 8805254
1 3125872
1 998643
1 9259683
1 5230798
1 4128157
1 8972286
1 5014448
1 3115452
1 4622892
1 8817486
1 9278637
1 5858884
1 3587762
1 3267819
1 509853
1 6131799
1 288074
1 5428280
1 8743659
1 6984942
1 3665325
1 6443855
1 4416453
1 1345120
1 6173473
1 6505628
1 3817822
1 7202920
1 1118535
1 3634923
1 8653284
1 3911033
1 3130457
1 3180221
1 224955
1 9359245
1 354785
1 8848695
1 585004
1 1071274
1 6254096
1 7965747
1 7220281
1 3654791
1 8156288
1 5507154
1 2942306
1 2834408
1 9745554
1 3283669
1 5788551
1 5648295
1 1405330
1 2336232
1 8212761
1 430255
1 1557787
1 3466955
1 6022029
1 3313162
1 5230527
1 3984054
1 193987
1 8719275
1 2609577
1 3555617
1 5127376
1 6922450
1 5153881
1 2965631
1 751728
1 5721402
1 3550535
1 3885061
1 9744670
1 7921028
1 9632808
1 2769778
1 9183128
1 1016829
1 8491977
1 9442163
1 7784838
1 6803650
1 6575837
1 733531
1 4554227
1 1457488
1 9753231
1 1731240
1 5659606
1 9675417
1 8715656
1 6625285
1 5034339
1 7062364
1 9077209
1 8344451
1 7813851
1 5274930
1 6388821
1 420058
1 3782888
1 792894
1 8129667
1 8171437
1 5803765
1 4791453
1 3948284
1 3265474
1 1859306
1 3118938
1 6875842
1 318708
1 2538174
1 8838990
1 3613525
1 8131821
1 8656529
1 7030556
1 3103585
1 5206049
1 3828849
1 8848795
1 7390393
1 3080264
1 6649930
1 2590781
1 6846385
1 635982
1 7955468
1 1337512
1 3648712
1 2116971
1 8871837
1 6362911
1 4100995
1 3662513
1 3042368
1 7716429
1 4352805
1 9241999
1 8760273
1 7485211
1 4325819
1 8525158
1 5690677
1 4067149
1 3380283
1 7308835
1 1510400
1 9804394
1 9645995
1 6555696
1 674107
1 886162
1 2584788
1 4052610
1 6767475
1 3480509
1 4574112
1 8926604
1 4898868
1 4970904
1 7445063
1 3315281
1 5060616
1 3060549
1 8698591
1 1310100
1 6479723
1 8762276
1 6923944
1 5099457
1 7616218
1 2149640
1 9963858
1 7288729
1 9345435
1 6561445
1 7560300
1 5075517
1 8564316
1 7777013
1 4993012
1 3836962
1 2076893
1 6862954
1 3019400
1 4238453
1 1051354
1 8677474
1 7687007
1 7155529
1 7927519
1 4940713
1 7181740
1 8129611
1 1926699
1 7469746
1 7110156
1 5049079
1 2646751
1 5686667
1 9773722
1 4626091
1 7176675
1 8150684
1 4517947
1 9811412
1 7462042
1 3146913
1 2716491
1 6507326
1 8702121
1 427284
1 8337203
1 4244497
1 6491427
1 8458625
1 39821
1 4978557
1 6805720
1 1899425
1 4875219
1 9455893
1 419222
1 9019777
1 2628544
1 4764267
1 635366
1 9877383
1 1017156
1 5218881
1 5361894
1 6299416
1 3605355
1 5513192
1 225841
1 6923762
1 5538371
1 8440339
1 6020337
1 5249344
1 4137744
1 6411454
1 5446737
1 8587779
1 2223096
1 1319522
1 673647
1 5895766
1 8218346
1 5292466
1 4066584
1 2727153
1 1307784
1 5781430
1 2487987
1 9681989
1 9950511
1 2160373
1 1760155
1 8194265
1 1621437
1 2387380
1 8350774
1 871119
1 3464853
1 3876167
1 5110510
1 1924911
1 2197682
1 9429385
1 1290152
1 1893049
1 4130668
1 8793182
1 8762097
1 258779
1 2959683
1 1594991
1 7199085
1 1703426
1 5218606
1 4933591
1 4722781
1 1495128
1 7970032
1 2673705
1 7826559
1 9271450
1 6014490
1 2100568
1 6175359
1 2406354
1 8608171
1 6555878
1 6831412
1 6863124
1 7532332
1 2440170
1 6091281
1 7988702
1 2356464
1 2851369
1 4445079
1 3593510
1 6508129
1 8893238
1 2506354
1 8928228
1 4739580
1 2988673
1 1922670
1 377381
1 4076041
1 9002896
1 2918535
1 9814733
1 3137950
1 4082209
1 9482668
1 7777282
1 9574135
1 8023935
1 2984843
1 9874160
1 8523462
1 1799642
1 4189939
1 9846092
1 3375788
1 6127064
1 5431348
1 6551488
1 6766899
1 5763343
1 8086055
1 2292009
1 4780544
1 6522863
1 1110196
1 9875224
1 7126673
1 8947211
1 8393528
1 2805631
1 8895021
1 4486048
1 8800011
1 3820984
1 6367209
1 7369738
1 2986190
1 8697022
1 9393467
1 8863040
1 7690056
1 4020726
1 3883791
1 8048677
1 2709241
1 6413542
1 5713230
1 5091116
1 1479578
1 9690306
1 8120546
1 934792
1 4305644
1 2552543
1 4268680
1 5364083
1 8409512
1 8834621
1 6718209
1 8407495
1 3664961
1 19280
1 6695802
1 1606421
1 7745583
1 8977565
1 8162021
1 1749087
1 4924660
1 5923405
1 1833479
1 6628571
1 8729062
1 5883413
1 4835981
1 8097536
1 9296309
1 3015514
1 2521415
1 4034071
1 9157184
1 7385881
1 2405926
1 9981970
1 9670806
1 7256673
1 8818669
1 4140616
1 1099252
1 2318601
1 7261394
1 6227816
1 918243
1 2269956
1 2959186
1 6594126
1 8739522
1 3490771
1 7043604
1 9500834
1 6550685
1 9778639
1 6606363
1 9647427
1 9075156
1 3102823
1 3533848
1 6340572
1 7129611
1 5632180
1 2452310
1 3695296
1 9057367
1 8350787
1 5351859
1 6974343
1 2752789
1 9674160
1 175624
1 1764443
1 3307836
1 6492664
1 6820753
1 160346
1 3425001
1 1036097
1 3257064
1 9395552
1 8316347
1 1916721
1 7070932
1 1651380
1 3367449
1 5345933
1 5922179
1 8552098
1 5977827
1 5082262
1 7687361
1 8105763
1 6243234
1 2472160
1 2585912
1 7431086
1 163423
1 6282843
1 5732011
1 3150207
1 9933316
1 706126
1 4569467
1 1965965
1 6535718
1 2137143
1 9318212
1 5271977
1 436194
1 7816106
1 2469971
1 9571254
1 8752758
1 2331944
1 2990461
1 6105044
1 2621711
1 3032777
1 5990455
1 2903254
1 9019942
1 7427265
1 8188558
1 5960287
1 1614564
1 621069
1 7219100
1 5036049
1 6591777
1 3364741
1 8549837
1 4430455
1 4092487
1 1484055
1 8568861
1 7832143
1 8368656
1 914303
1 7700630
1 4491125
1 7158949
1 1419580
1 45607
1 7192087
1 7335162
1 6783274
1 725571
1 701607
1 3713561
1 4615215
1 1905744
1 7985507
1 5364460
1 4681388
1 3678899
1 9284521
1 2457128
1 8762927
1 7862156
1 1137195
1 8256588
1 322256
1 7432472
1 9164073
1 6931975
1 6821675
1 8543408
1 7913506
1 7685333
1 7964963
1 7081960
1 767058
1 57403
1 6649790
1 1297117
1 455883
1 813314
1 2871312
1 8628366
1 1876640
1 22642
1 8688500
1 7703064
1 3363382
1 3077755
1 4649139
1 9104185
1 9432078
1 7479817
1 9730617
1 148691
1 8062865
1 4679140
1 9279979
1 5998871
1 9060973
1 2068964
1 6901228
1 287534
1 9037764
1 9642700
1 8627849
1 9311411
1 7034078
1 6928276
1 9715419
1 6462251
1 8859913
1 1865786
1 5860632
1 4401356
1 7394812
1 8478915
1 1713998
1 8517896
1 7631014
1 4806518
1 3519653
1 7003930
1 4371857
1 1655862
1 6845605
1 8157678
1 1143362
1 3001315
1 6108575
1 9022165
1 4895150
1 6881958
1 8050896
1 8871855
1 9847676
1 9412855
1 5217518
1 6503447
1 4762792
1 1296957
1 7671839
1 8730076
1 948237
1 9053247
1 6992277
1 3595807
1 6402430
1 4287991
1 3370288
1 150853
1 6046527
1 7394576
1 6894219
1 4995904
1 5389768
1 5823000
1 2857493
1 5041880
1 9481121
1 8128620
1 2860297
1 287835
1 7182114
1 9664533
1 9388624
1 3870900
1 5766594
1 1691736
1 6157778
1 5600312
1 9651183
1 3945627
1 5858539
1 1758390
1 210037
1 4220621
1 8926898
1 7729191
1 6660322
1 8359499
1 208323
1 5646879
1 4465340
1 4539607
1 2078644
1 4763225
1 5345541
1 5654990
1 5652530
1 4352845
1 8415087
1 3477915
1 7195694
1 7885918
1 1489647
1 3554463
1 8908957
1 2944243
1 9470995
1 6814422
1 5352495
1 2224414
1 3261055
1 8427816
1 3863665
1 2214846
1 1117671
1 415065
1 1911795
1 7630232
1 7924051
1 3005958
1 338752
1 9860576
1 7627737
1 4436596
1 8385654
1 9645127
1 1968277
1 82458
1 4280669
1 2347896
1 3725499
1 7785020
1 9328597
1 4080792
1 1124532
1 5211957
1 2644883
1 982866
1 6351252
1 2400178
1 2130516
1 6006761
1 7100614
1 4833632
1 7248116
1 1500203
1 1050686
1 7926721
1 1018153
1 9079876
1 8470325
1 7135965
1 8836256
1 6004283
1 2431858
1 8648201
1 6750239
1 2092226
1 4789611
1 5773107
1 8772901
1 789297
1 3025462
1 3543255
1 504677
1 7248782
1 4675914
1 6436893
1 6926509
1 9370959
1 6928125
1 7181100
1 9224046
1 9481368
1 6646642
1 6904674
1 6071113
1 1954751
1 7227765
1 5793380
1 426386
1 2289640
1 3463299
1 2248879
1 4609944
1 2939193
1 5860249
1 141607
1 7094567
1 9842478
1 6719906
1 5637016
1 4556834
1 1305675
1 1218896
1 3490752
1 6625620
1 4470855
1 6174369
1 3152526
1 2189120
1 9378890
1 1064297
1 758360
1 1207509
1 4575905
1 6361172
1 6622625
1 3360888
1 2033167
1 179842
1 25385
1 6456981
1 1460116
1 4821965
1 3345769
1 6096339
1 2773428
1 2419600
1 5472921
1 5497188
1 5337017
1 2737968
1 2985729
1 5043066
1 9402885
1 8642756
1 4382387
1 362593
1 3832491
1 1320639
1 8899098
1 8116574
1 5793560
1 7746666
1 5634638
1 6150047
1 978135
1 1671535
1 6623196
1 6849494
1 2273417
1 1843586
1 4836038
1 664674
1 8954987
1 6724266
1 9691916
1 5934874
1 4429258
1 6639904
1 4231241
1 7308517
1 83466
1 214054
1 1374746
1 7981340
1 5121455
1 4884795
1 5568217
1 5161586
1 3756348
1 9139545
1 8224037
1 6236697
1 8806591
1 9994724
1 5527040
1 2325276
1 1142561
1 1386150
1 1270189
1 980834
1 3023616
1 7146896
1 9619147
1 7023682
1 8315497
1 9302316
1 6537373
1 9976787
1 2971189
1 1755371
1 6748500
1 9159948
1 3781220
1 6256201
1 1184389
1 6484464
1 380308
1 5018111
1 8478696
1 3629237
1 4312036
1 1724789
1 7182219
1 5291614
1 9390706
1 2677087
1 3613931
1 2155904
1 9523769
1 3592
1 4275716
1 7558082
1 4327517
1 1654109
1 4310849
1 845821
1 2799978
1 7004387
1 54181
1 4452994
1 1841331
1 8550672
1 3780070
1 3627628
1 4948656
1 8304667
1 3072728
1 6097742
1 3218126
1 8630277
1 5106291
1 7219402
1 1149449
1 3448690
1 5573473
1 4026769
1 9212924
1 4499213
1 6975485
1 2651988
1 9891065
1 4573514
1 3955344
1 5008039
1 5761670
1 6433138
1 1536220
1 6660430
1 8489118
1 9757520
1 2232351
1 5769585
1 4945073
1 1922460
1 3831628
1 6670532
1 5586468
1 2670944
1 2641638
1 2074277
1 1486731
1 2045808
1 9125155
1 2667067
1 4660452
1 5608904
1 4310840
1 7963585
1 2996747
1 6535531
1 99582
1 6777072
1 302892
1 7821023
1 1693199
1 1832225
1 5109334
1 9174696
1 4249882
1 3883443
1 2944985
1 3646684
1 2615982
1 5162141
1 8214226
1 3232906
1 2061625
1 2875963
1 8069807
1 7878427
1 7029259
1 3087215
1 7196597
1 1630925
1 986330
1 9547856
1 4336840
1 5456293
1 7251864
1 4391411
1 3227035
1 1561524
1 6768946
1 6043281
1 9869131
1 2919410
1 8971091
1 5313241
1 315130
1 6089881
1 2114022
1 1767862
1 590046
1 3278535
1 9014296
1 1056307
1 4298801
1 1964375
1 1142929
1 440456
1 6882531
1 5371249
1 2436270
1 5427156
1 8803915
1 6282338
1 7558803
1 6081851
1 7044420
1 7294728
1 9180099
1 5962263
1 3399145
1 7554839
1 7605962
1 4088622
1 991645
1 6560790
1 2242022
1 2825143
1 8000473
1 1846336
1 5569002
1 2116267
1 260221
1 4124567
1 5062027
1 7550402
1 8743769
1 8944142
1 7796121
1 1584372
1 3215451
1 4196441
1 7841201
1 4238497
1 9160203
1 791005
1 4519537
1 3947004
1 783625
1 1847861
1 203719
1 7975509
1 8727051
1 7277948
1 3081657
1 6100423
1 1660210
1 4242535
1 7179280
1 4085682
1 3747533
1 5599402
1 3882275
1 8869394
1 8712008
1 5300797
1 4162119
1 9402401
1 1802049
1 3074672
1 3269450
1 8807950
1 6202102
1 7525147
1 4479668
1 515439
1 8085244
1 25873
1 311303
1 5865520
1 3019138
1 5777178
1 1982833
1 5122767
1 3386823
1 4397798
1 6835213
1 187410
1 8559337
1 1103131
1 358754
1 9002205
1 1520671
1 5060561
1 8500908
1 3555928
1 3083719
1 2199357
1 6272774
1 8787697
1 3749292
1 8189553
1 7694850
1 3036779
1 1723033
1 752856
1 5238789
1 6545572
1 3942300
1 160742
1 1081996
1 717502
1 278928
1 3017584
1 5061472
1 8102206
1 4476603
1 652488
1 9451474
1 2019798
1 1666948
1 7610925
1 3015784
1 1297494
1 5319421
1 955062
1 2493034
1 1757147
1 6477291
1 4097183
1 7568270
1 9584475
1 5146292
1 1385890
1 3240064
1 9879892
1 4134182
1 3534134
1 6777939
1 62150
1 6033828
1 2976289
1 9122813
1 9969015
1 2456387
1 7896124
1 9159032
1 4615586
1 6816229
1 5419769
1 4501341
1 8190215
1 9439873
1 5668335
1 7204995
1 8520049
1 2682406
1 1533997
1 3250302
1 2595882
1 110876
1 415530
1 1023503
1 7161781
1 6928812
1 4033697
1 6781817
1 7156228
1 7911677
1 1699022
1 9506782
1 6344841
1 4297219
1 8283246
1 7877149
1 3489013
1 5493544
1 2565277
1 6429322
1 4151351
1 8296363
1 8344470
1 1169815
1 9713208
1 5369926
1 2152429
1 2098373
1 9429085
1 1143587
1 8333727
1 2388667
1 4222463
1 4693999
1 8298361
1 6017081
1 809407
1 8125925
1 7408129
1 5731036
1 3197209
1 321228
1 9607573
1 6177738
1 1998469
1 5374008
1 6206967
1 2339476
1 9868543
1 1122919
1 750506
1 607778
1 1925825
1 4699039
1 5653431
1 1028751
1 7612275
1 5417471
1 2539196
1 5402514
1 7236513
1 6745697
1 4049692
1 821367
1 5955750
1 2985409
1 4030522
1 7288063
1 7231870
1 8628243
1 181769
1 3285187
1 8496526
1 9387699
1 8211826
1 4248332
1 189783
1 3394245
1 2973872
1 7403088
1 6110254
1 7189491
1 3691879
1 7847989
1 8802215
1 8596462
1 9861726
1 4160148
1 762344
1 2555877
1 7617736
1 2564218
1 5739753
1 3973806
1 2981699
1 6211443
1 4588727
1 1822885
1 1942032
1 8839479
1 2958678
1 356463
1 9970920
1 2475354
1 4210170
1 7431839
1 4705642
1 2277135
1 9361360
1 6653435
1 9819863
1 7122680
1 4061804
1 8732452
1 3141196
1 3057871
1 5523915
1 5298365
1 3290922
1 200218
1 4766050
1 9868111
1 1451182
1 5982467
1 2559469
1 2613341
1 1442511
1 813819
1 8829054
1 2407570
1 537443
1 1760353
1 7855633
1 8729093
1 6675735
1 867279
1 1354614
1 2416271
1 4104319
1 7366125
1 7869653
1 8440836
1 7176446
1 9004220
1 1908932
1 3632258
1 6657092
1 1614247
1 1054233
1 5698680
1 5097630
1 4207062
1 6701118
1 5637122
1 577236
1 707235
1 2001256
1 4127480
1 860395
1 324943
1 1664022
1 7415632
1 1480015
1 741876
1 7270035
1 9679860
1 2658795
1 7149129
1 1106043
1 7525601
1 8824374
1 3840790
1 1619211
1 2088938
1 3187701
1 4389766
1 3903974
1 4479176
1 5645230
1 248939
1 2512532
1 3285103
1 7760447
1 6520274
1 6637773
1 5826794
1 4252726
1 8966384
1 1976850
1 8044009
1 8658402
1 2677507
1 4613898
1 4263660
1 7448659
1 9725867
1 854838
1 9983792
1 2624636
1 2118269
1 6212609
1 2859896
1 5306001
1 6852294
1 8191726
1 8932921
1 148560
1 6769537
1 5918407
1 5663983
1 3170339
1 110477
1 7416134
1 2143327
1 6158504
1 5572272
1 1487891
1 5132023
1 74720
1 5159459
1 8281662
1 1715046
1 2963798
1 1305026
1 7721678
1 3865623
1 4075139
1 5189345
1 429311
1 3913809
1 6394268
1 762608
1 915295
1 7341475
1 7352480
1 5180049
1 2506495
1 5232051
1 8212961
1 4196515
1 1407962
1 2496188
1 4008168
1 1463603
1 6011353
1 4149949
1 2360232
1 1764233
1 43652
1 385765
1 970825
1 2699721
1 1899869
1 1017629
1 9599085
1 1767841
1 6197975
1 1057270
1 1837341
1 9684642
1 4188973
1 8289971
1 1055265
1 965776
1 4119552
1 291690
1 8332239
1 4895780
1 8508275
1 4063252
1 2330460
1 5578375
1 6586800
1 1776899
1 8562288
1 4181571
1 8055488
1 1909626
1 3520470
1 1187285
1 3593155
1 1697496
1 2827438
1 4260889
1 2388442
1 3385239
1 3506919
1 8377255
1 3953210
1 7225780
1 9459814
1 1219823
1 8856465
1 2304192
1 1873906
1 5116634
1 1402627
1 1646617
1 2692292
1 8707321
1 1411094
1 9566635
1 2086633
1 502198
1 6257328
1 8277308
1 7202515
1 6743659
1 5323498
1 5918359
1 8789527
1 8643866
1 5505906
1 7419239
1 492996
1 1557631
1 8791368
1 3703721
1 4832054
1 4240535
1 6539547
1 3072545
1 2709441
1 1648385
1 5710414
1 4357729
1 196844
1 1565051
1 4475431
1 1906024
1 3572413
1 9409232
1 7227197
1 8129922
1 8345497
1 8282251
1 587133
1 2444502
1 5249128
1 4611686
1 1005466
1 6572045
1 1109878
1 1218686
1 9003578
1 5873435
1 288610
1 5437174
1 3631361
1 2738158
1 8497448
1 5860625
1 6826657
1 8454374
1 4101046
1 4951028
1 7207908
1 9490514
1 6663775
1 409987
1 4338157
1 8101536
1 1706611
1 8935655
1 1784907
1 4383095
1 6074649
1 2371926
1 6538163
1 4658660
1 1351757
1 4883309
1 8833045
1 8276608
1 5845052
1 3818863
1 7314602
1 4365231
1 3514453
1 9845656
1 7506424
1 6069716
1 8043134
1 3937888
1 5170611
1 3193926
1 9762763
1 1430246
1 7819461
1 862396
1 7072890
1 1387782
1 1192628
1 8192282
1 9943777
1 4716612
1 5840101
1 7069980
1 6467831
1 7763012
1 8980707
1 8632800
1 5794571
1 9321107
1 641709
1 7556612
1 6922635
1 5904401
1 4421561
1 1799093
1 2847395
1 4048708
1 4420262
1 4639170
1 6696685
1 9435499
1 1986550
1 2322058
1 6741932
1 4588267
1 3207100
1 1389584
1 7020491
1 1424025
1 8156402
1 6591073
1 889704
1 1716470
1 3473389
1 7404076
1 7368297
1 5358270
1 8909150
1 5565871
1 3408120
1 7475796
1 4672060
1 6620717
1 1083641
1 3244481
1 4102275
1 1443418
1 9095671
1 1489853
1 8565090
1 8213376
1 6948939
1 2773786
1 4546593
1 1625259
1 138871
1 1987023
1 4428009
1 6523415
1 7722744
1 7601474
1 3291418
1 5978217
1 652653
1 399694
1 6365598
1 7420765
1 4738130
1 6930301
1 6008588
1 3881147
1 5318052
1 2143847
1 3848426
1 3659547
1 7787905
1 1351400
1 9833804
1 7878323
1 5390156
1 3863717
1 23085
1 4579109
1 8616227
1 7196600
1 4120858
1 8645319
1 7575708
1 3753087
1 9203747
1 2770377
1 5062495
1 6558615
1 3166605
1 8089343
1 1174817
1 193924
1 7865241
1 8116065
1 7802191
1 9689860
1 7235155
1 1626737
1 9621987
1 6072420
1 6219788
1 4237718
1 4996637
1 4693899
1 7644436
1 9506072
1 1794136
1 4495127
1 1637720
1 8275686
1 84531
1 5286709
1 8180199
1 4266279
1 8271624
1 7673186
1 3267814
1 1918414
1 6712793
1 1547734
1 4356398
1 5766587
1 9883173
1 2371390
1 1557082
1 8952152
1 3631373
1 6118942
1 4881743
1 4535204
1 7702199
1 3186521
1 9523014
1 401586
1 3304687
1 5810029
1 8919085
1 319127
1 7169049
1 2911921
1 4426987
1 7564088
1 3523054
1 1177994
1 2991698
1 3252532
1 2090587
1 1522229
1 4400672
1 874203
1 8887335
1 220663
1 7819339
1 9292103
1 1681313
1 2221372
1 1262024
1 1443584
1 3987369
1 3333456
1 573029
1 8878497
1 6321510
1 9607965
1 5169181
1 2871484
1 8353185
1 6753864
1 5621275
1 8806214
1 8144876
1 6884790
1 4885815
1 1526232
1 2923110
1 8179047
1 5922758
1 4474871
1 2970571
1 6853182
1 1984230
1 7826500
1 7980346
1 3683295
1 6059257
1 4880568
1 6941459
1 1764092
1 1355194
1 1510296
1 5920297
1 4980617
1 8218164
1 3637446
1 3337581
1 6611141
1 4905923
1 6559560
1 8540152
1 4256066
1 8693206
1 2815027
1 3472796
1 7628503
1 765938
1 8737824
1 6889015
1 5934151
1 3447805
1 9490795
1 8921281
1 4007176
1 5860971
1 5555929
1 5551474
1 6739853
1 9835921
1 6560079
1 4046524
1 3078741
1 9806756
1 597470
1 7663658
1 246392
1 9911884
1 5919193
1 858149
1 1129079
1 9830528
1 275772
1 7436643
1 9835944
1 7361240
1 585842
1 6775281
1 6301484
1 7475347
1 2329493
1 2802854
1 8320727
1 3082306
1 6639328
1 2974522
1 1303728
1 5601158
1 3324934
1 2799457
1 2632301
1 6325186
1 7463490
1 3053660
1 8739948
1 3280429
1 8316043
1 7640716
1 4873906
1 2337916
1 7122393
1 4143505
1 8059705
1 6477932
1 2209424
1 6368554
1 7604975
1 2933628
1 4948069
1 1529784
1 5240248
1 4671724
1 7923084
1 9585398
1 3357365
1 4091999
1 2139449
1 4314855
1 51124
1 2596878
1 772944
1 8657698
1 6653115
1 6658782
1 4825594
1 1720745
1 5080807
1 1112861
1 5433124
1 8865365
1 3065246
1 2603982
1 1159228
1 989284
1 4330458
1 3448919
1 6313055
1 1345828
1 9977275
1 7120557
1 7278783
1 9836179
1 5136541
1 961208
1 1404455
1 3803366
1 8251815
1 5688749
1 9523380
1 392408
1 6012349
1 3177944
1 1900417
1 9405101
1 3130375
1 4032460
1 7617973
1 5253215
1 4822711
1 4354408
1 867853
1 4419391
1 9548757
1 8582044
1 4952399
1 2995451
1 1237263
1 416521
1 278198
1 1052912
1 2093500
1 509702
1 6779910
1 5859971
1 5678284
1 5153778
1 4452101
1 1960892
1 1901354
1 4153759
1 6192831
1 7244806
1 2893690
1 4838109
1 472674
1 2048047
1 107431
1 8864317
1 9980927
1 9777936
1 3590823
1 2149027
1 1833225
1 9303349
1 7497322
1 3162769
1 3715162
1 4220614
1 2513149
1 699067
1 928602
1 4122586
1 3362385
1 6563667
1 6795186
1 8021147
1 6000037
1 4129432
1 1450109
1 750824
1 7965684
1 1576995
1 6777519
1 9312866
1 3408097
1 6967934
1 5370082
1 8888186
1 1489275
1 8295397
1 7230994
1 7720226
1 256811
1 1115411
1 4319170
1 7229004
1 2509254
1 9620483
1 432285
1 5494667
1 3262256
1 6545131
1 2893349
1 2581176
1 7076982
1 7821957
1 8297596
1 176443
1 3504029
1 6072981
1 5695248
1 7983121
1 423488
1 1236319
1 3312414
1 3853814
1 1529712
1 2267550
1 3920404
1 3947680
1 8627706
1 9657163
1 8759596
1 5833187
1 5931917
1 1818527
1 2168394
1 2481649
1 7947270
1 8528974
1 8067200
1 4023451
1 7823850
1 2641812
1 2640873
1 2193354
1 2179389
1 808517
1 3978681
1 9796809
1 611536
1 6112664
1 2880141
1 1259850
1 4003741
1 1014705
1 2423858
1 3738683
1 7958077
1 8610226
1 7131051
1 3830415
1 1129689
1 1124550
1 2608232
1 6371455
1 8213071
1 8679427
1 1568968
1 9233075
1 8873248
1 1814246
1 5926725
1 881758
1 3105167
1 8476805
1 2410332
1 6113026
1 8060161
1 3841529
1 6783511
1 9026586
1 9057442
1 7196987
1 1295313
1 2318053
1 7496981
1 8493756
1 3264075
1 1341433
1 3835712
1 9111596
1 3972193
1 7386774
1 7861278
1 5086136
1 105763
1 2003277
1 3201080
1 67596
1 2245864
1 8435616
1 5043323
1 5425741
1 5311677
1 2534067
1 401820
1 1944212
1 4422017
1 5981969
1 4908073
1 2121207
1 6743497
1 7812094
1 8503342
1 5392496
1 2382913
1 2693981
1 5427263
1 3271139
1 3343973
1 2774330
1 7041685
1 4632626
1 5713980
1 3840621
1 9645943
1 5541035
1 9803498
1 456160
1 5391900
1 5903117
1 7950136
1 5291823
1 9652208
1 5836837
1 396932
1 8833987
1 60568
1 7909623
1 3967173
1 7438455
1 9886073
1 7363795
1 6807494
1 3814399
1 6012264
1 3167127
1 6098952
1 9413886
1 9873520
1 2421294
1 9670920
1 5824251
1 3583390
1 4706760
1 5942516
1 9739185
1 5670939
1 6002857
1 7873865
1 984409
1 5381096
1 7060115
1 6788936
1 7827579
1 3717449
1 3910881
1 7079058
1 1489466
1 3477893
1 4998668
1 5492427
1 7012756
1 5583934
1 4552134
1 427534
1 8085546
1 9809531
1 8388686
1 1451689
1 6021594
1 8287560
1 3070693
1 2796449
1 7462841
1 4586280
1 5491822
1 2726481
1 1440730
1 4833974
1 7099921
1 1730641
1 9572694
1 6103847
1 6623130
1 5628438
1 2730750
1 5798589
1 9583064
1 178344
1 794704
1 5910553
1 9950414
1 5225857
1 5116447
1 1858174
1 4621624
1 6887632
1 7968496
1 1566553
1 9554325
1 7154255
1 3798263
1 4699732
1 8054531
1 1781429
1 4050635
1 157777
1 1148019
1 3141081
1 2731013
1 3865467
1 287259
1 8455547
1 2170470
1 6119397
1 1452446
1 4006972
1 2282471
1 6114496
1 9544110
1 9887292
1 1487665
1 303937
1 9027661
1 5429691
1 8921359
1 5918149
1 6091694
1 4322646
1 7991665
1 9126606
1 5022790
1 1281950
1 3605556
1 9829512
1 8123791
1 637827
1 5211683
1 2223294
1 4192334
1 8612750
1 6981269
1 1455890
1 4162404
1 5219691
1 9243190
1 7242573
1 7208105
1 5159752
1 7328590
1 2086506
1 3919312
1 7207908
1 662884
1 9007985
1 3248942
1 3616021
1 8620591
1 8543382
1 8094163
1 8329198
1 8185762
1 6797278
1 1845489
1 4760711
1 8433488
1 6571385
1 7896786
1 4799960
1 8555930
1 9023501
1 6157564
1 5505527
1 1623267
1 7903597
1 7059504
1 1381346
1 761216
1 8419933
1 8313286
1 7668767
1 1825899
1 4058304
1 3282101
1 6401480
1 7819852
1 3706335
1 2029585
1 9387100
1 6165281
1 9086156
1 13750
1 4429981
1 737476
1 3456135
1 1867842
1 7445878
1 3031117
1 7867826
1 7555912
1 7600044
1 3883942
1 1974419
1 6511098
1 935062
1 6048506
1 2584450
1 9558910
1 1971106
1 277850
1 1908919
1 1382325
1 691159
1 8165476
1 9610581
1 5173381
1 7391364
1 7031743
1 4623620
1 3654671
1 5623047
1 6223404
1 1802171
1 1663975
1 7641712
1 8364246
1 1720250
1 4084676
1 658408
1 8035000
1 9774241
1 3903056
1 5633045
1 1447718
1 9766726
1 6120215
1 537931
1 4471060
1 8157594
1 3991290
1 8924396
1 5114785
1 1680737
1 3800658
1 1166628
1 5235613
1 7970085
1 4004759
1 7314805
1 8213570
1 7193570
1 3008232
1 461618
1 6394364
1 1113778
1 2363897
1 7884503
1 5925363
1 347883
1 7401045
1 7967250
1 8326149
1 2716824
1 2347681
1 8362034
1 2332677
1 7545831
1 3161148
1 9763545
1 7315654
1 8936047
1 8893942
1 6581278
1 1171684
1 9029776
1 3310097
1 3305512
1 5396126
1 3677021
1 4820101
1 7977708
1 4791051
1 8782102
1 5041538
1 7224808
1 7196600
1 4848613
1 5301003
1 7897734
1 7703296
1 7114472
1 6358222
1 7668789
1 3386987
1 3196571
1 3084122
1 3555810
1 5788222
1 3477312
1 7522391
1 6896736
1 9361662
1 9616520
1 209129
1 6936050
1 5234887
1 3785803
1 1473845
1 7726492
1 8494594
1 8929246
1 7484975
1 4730931
1 8598026
1 3074039
1 8776986
1 3585895
1 5840734
1 7882509
1 7009846
1 4513565
1 4682231
1 7904533
1 6947767
1 4265186
1 2220111
1 916791
1 2237035
1 6406901
1 5817641
1 3755066
1 3999870
1 4685951
1 3680819
1 6545447
1 3765372
1 275994
1 1447546
1 9502777
1 8254722
1 7807179
1 5790972
1 6617364
1 7152291
1 8050912
1 4065184
1 6101277
1 5612133
1 933674
1 8360020
1 6237277
1 2962831
1 3641613
1 5376731
1 7802244
1 7726137
1 727481
1 3401769
1 7236260
1 4438515
1 5592072
1 5487886
1 2691743
1 3116590
1 6172453
1 6889389
1 7569757
1 25824
1 6374714
1 8478716
1 7307837
1 7176377
1 7533088
1 6694813
1 906393
1 2295250
1 6771613
1 4352762
1 8754978
1 5359539
1 5971096
1 155914
1 5415918
1 3797651
1 305009
1 9213507
1 261072
1 9798706
1 9174021
1 967975
1 2360168
1 6795772
1 4889078
1 9514407
1 556780
1 2224475
1 8067692
1 9422915
1 9478956
1 1596742
1 8204363
1 4106331
1 2233911
1 9016477
1 9554509
1 7582944
1 3408102
1 3595579
1 8870238
1 8948036
1 3201145
1 4759280
1 5252748
1 8462349
1 6080406
1 1627254
1 873022
1 8579052
1 5052328
1 6699316
1 9217367
1 7100649
1 653268
1 6512889
1 8100223
1 1393327
1 809579
1 4496782
1 2559494
1 250496
1 7190130
1 5521046
1 1162527
1 9063249
1 3136953
1 2447731
1 5980783
1 3380800
1 4217915
1 9781468
1 323541
1 2108319
1 9834264
1 8805630
1 7273455
1 6279980
1 1481055
1 8793164
1 8441666
1 240312
1 4643162
1 3390322
1 1764970
1 8605000
1 8586381
1 9233955
1 1640912
1 9284313
1 8597777
1 1849160
1 6338255
1 7343710
1 9004003
1 1329234
1 699500
1 6154599
1 9092812
1 6302700
1 1745259
1 2637444
1 4545532
1 6793476
1 8625296
1 6423935
1 9487118
1 6599556
1 9938293
1 8432314
1 4812957
1 3255659
1 5052589
1 218688
1 1020756
1 1145209
1 9634478
1 4487597
1 4799665
1 3225068
1 5323928
1 8114319
1 4957742
1 453303
1 2463895
1 1691656
1 8919243
1 6989516
1 2532100
1 3388527
1 3918255
1 7767870
1 5461162
1 581342
1 399680
1 7325297
1 7388602
1 3369444
1 1545350
1 476268
1 956059
1 6774017
1 4376547
1 1607676
1 2189321
1 1158237
1 9204208
1 8364586
1 8372672
1 8468752
1 1653428
1 606784
1 3720371
1 1016839
1 2682088
1 2696161
1 2450999
1 8029161
1 6002449
1 2684125
1 8463678
1 3237168
1 1700858
1 4010899
1 8618525
1 1622864
1 9205325
1 9652991
1 222363
1 3707008
1 5913141
1 7999702
1 8948197
1 1504905
1 3030872
1 9223255
1 5698226
1 4564438
1 2807069
1 3611812
1 3622336
1 1171197
1 8481695
1 7379514
1 3846955
1 2671470
1 3104426
1 1336636
1 2588402
1 5624339
1 3580842
1 4377956
1 7622999
1 7273341
1 1631128
1 8451984
1 5250920
1 996830
1 856205
1 2229116
1 8243414
1 8985834
1 5036844
1 890819
1 6923886
1 1950084
1 2475952
1 9728172
1 6522340
1 6711058
1 8482110
1 9186269
1 4330086
1 151404
1 3545909
1 2213394
1 8346702
1 8080186
1 8585244
1 9681686
1 4455345
1 619950
1 6121249
1 3852526
1 8193359
1 1442579
1 4398162
1 1248724
1 463728
1 2275397
1 6126455
1 8613482
1 1169678
1 8404877
1 7969669
1 7945750
1 4682113
1 9817256
1 9872646
1 4115115
1 3622250
1 9371320
1 3513773
1 8552809
1 8986680
1 5257534
1 3489918
1 523805
1 707760
1 3917143
1 4847921
1 4072796
1 8333223
1 9141794
1 158172
1 4092780
1 7255942
1 3765903
1 3461980
1 7431571
1 9521516
1 1197500
1 1207662
1 376837
1 1573882
1 4837903
1 1547931
1 4343559
1 1457159
1 3805776
1 8859469
1 4337946
1 5453880
1 8818504
1 4430353
1 5758164
1 1491787
1 4489491
1 7043982
1 7159522
1 20060
1 7006868
1 8160290
1 1140909
1 8003032
1 641216
1 8523889
1 2603830
1 8756308
1 3390208
1 6189283
1 3266709
1 6792145
1 4319941
1 1972218
1 5541605
1 5392627
1 6242050
1 2863150
1 6405994
1 4319155
1 3437275
1 5435793
1 8753270
1 6220979
1 3193161
1 1597057
1 3067435
1 944864
1 6876429
1 1340592
1 4197936
1 8922192
1 3558107
1 8746749
1 8192615
1 4656464
1 9591548
1 1226201
1 5547828
1 3537559
1 2677373
1 5537197
1 4176910
1 3296721
1 4091795
1 7349827
1 9672719
1 6500809
1 6078431
1 703962
1 678123
1 2238703
1 5243820
1 7972043
1 803181
1 6252184
1 7079408
1 7069748
1 166925
1 1762049
1 2150606
1 9416538
1 269519
1 9219433
1 2434446
1 6316428
1 6911076
1 5177712
1 9096889
1 750379
1 1472087
1 2954576
1 3987087
1 8546144
1 3015923
1 4231539
1 7015035
1 7824128
1 5238471
1 1570052
1 8605429
1 5754530
1 5216263
1 1968756
1 1939132
1 5840030
1 9582786
1 6365783
1 7389644
1 2850610
1 8199071
1 1121340
1 6641409
1 4255639
1 521319
1 1841172
1 863522
1 1146019
1 8320160
1 2857948
1 6345299
1 6114992
1 6923911
1 8642273
1 8575772
1 5210125
1 1718863
1 9796431
1 8462183
1 9612892
1 4335612
1 4292693
1 7502814
1 6120574
1 5474995
1 9450978
1 6757401
1 5769711
1 9171725
1 2988625
1 2627708
1 669905
1 6299099
1 3986837
1 3971767
1 9198725
1 9140649
1 9179009
1 3425459
1 9340674
1 1239171
1 3843673
1 4504733
1 3136472
1 6341102
1 9397175
1 1605984
1 868054
1 8160040
1 1855125
1 7562521
1 6395187
1 2647462
1 3818125
1 9832756
1 1225315
1 3127763
1 8401474
1 6018431
1 7195996
1 6601592
1 8565511
1 6151441
1 9554945
1 4578229
1 1837091
1 7206895
1 8533508
1 8160689
1 3323184
1 9476807
1 4607551
1 6923020
1 4569997
1 6828185
1 2842652
1 3716725
1 83363
1 3494509
1 4897586
1 9863774
1 8188727
1 9021271
1 1870191
1 3236434
1 9244227
1 1871400
1 636040
1 4786602
1 4029768
1 2501789
1 433415
1 5397347
1 8171715
1 5220312
1 607491
1 5764656
1 3146912
1 9929387
1 3383475
1 7465062
1 43252
1 3211230
1 4621022
1 9293779
1 6486341
1 287021
1 9808868
1 1474097
1 8110867
1 2437930
1 8812080
1 1634069
1 9113496
1 801571
1 6583865
1 1648959
1 7980227
1 1527490
1 524503
1 9719269
1 2907418
1 4588012
1 7866046
1 7084127
1 866138
1 1348089
1 2743534
1 2836984
1 2792300
1 9462405
1 870
1 7392867
1 2160815
1 3651186
1 146555
1 5544943
1 7433753
1 252787
1 5166305
1 9891498
1 1967377
1 484550
1 7473537
1 1700967
1 9416590
1 8808361
1 9362972
1 7777685
1 9220521
1 1181449
1 4650384
1 9785308
1 7447699
1 5885848
1 8869286
1 4885738
1 5192257
1 6887740
1 8671602
1 7828415
1 2400334
1 8782457
1 6314543
1 5676025
1 250562
1 1402648
1 4536672
1 3574093
1 1022997
1 1953917
1 2430935
1 7562074
1 7940098
1 2177877
1 303989
1 9321145
1 6292276
1 6702591
1 5245303
1 422878
1 5402423
1 9820231
1 9547744
1 211478
1 7331842
1 5532592
1 2756895
1 6817520
1 1503598
1 3548952
1 6439212
1 5187985
1 9831546
1 1872017
1 3182603
1 1790787
1 6673751
1 3118192
1 4548229
1 4634858
1 4226127
1 1581472
1 7981666
1 3808371
1 3295002
1 2692410
1 624247
1 7648584
1 3708932
1 1046832
1 7713731
1 8524698
1 4206257
1 7079353
1 5441512
1 449675
1 5301791
1 712893
1 2680565
1 6548445
1 694888
1 5717655
1 5048884
1 5439061
1 1213528
1 6753636
1 7020084
1 1792868
1 2851608
1 3924583
1 1280705
1 917310
1 5264360
1 2161728
1 5070005
1 1948244
1 2723950
1 2566154
1 598652
1 3672887
1 4817310
1 4830755
1 8280980
1 6733394
1 4044218
1 3837801
1 6344911
1 8825747
1 3281127
1 6061824
1 5941031
1 7521641
1 8648369
1 6571283
1 3557381
1 560258
1 7403024
1 3681556
1 897489
1 7792573
1 73124
1 8423064
1 3901062
1 5210026
1 2880479
1 6883215
1 5508322
1 2176580
1 5765712
1 9211992
1 3981084
1 7468283
1 5236838
1 5162049
1 4866206
1 4434380
1 8502113
1 4243533
1 807627
1 7495620
1 8787234
1 4501915
1 4129744
1 7808167
1 277138
1 9746425
1 7464939
1 7757985
1 1877948
1 5352782
1 7239564
1 3642581
1 1884492
1 7112981
1 9963615
1 1292171
1 5238029
1 2156942
1 4318669
1 7868003
1 4035595
1 1008373
1 700783
1 9739614
1 5546388
1 1026820
1 8533012
1 5267679
1 1009304
1 7566226
1 1200835
1 7323913
1 2322621
1 9626918
1 136919
1 5982233
1 5500211
1 1748271
1 8216049
1 5124214
1 9702603
1 3689641
1 1632423
1 6093621
1 6593387
1 4039670
1 8864402
1 2362857
1 6896848
1 4286520
1 2568037
1 2696850
1 1159389
1 7068676
1 4936411
1 1367414
1 1066716
1 1032743
1 2344456
1 1622556
1 2469079
1 2719480
1 4312869
1 4254264
1 6644587
1 5828475
1 662671
1 9589915
1 8516477
1 8627963
1 3574093
1 8691309
1 3240824
1 4665126
1 8275920
1 2827701
1 9281031
1 2313883
1 7219060
1 1415797
1 7934206
1 4681535
1 673845
1 8619572
1 8951978
1 5894994
1 6035165
1 5559589
1 4200932
1 910279
1 7042861
1 6615641
1 2155436
1 8880208
1 6738429
1 145433
1 2465134
1 4739968
1 4779144
1 1208952
1 7095277
1 8363847
1 5240455
1 4092415
1 2935496
1 7429223
1 4428749
1 3924034
1 3141567
1 9395173
1 2684706
1 8649424
1 3018997
1 5038787
1 3099998
1 4842629
1 9854424
1 7014133
1 6918686
1 8676244
1 4477226
1 4238418
1 9267325
1 2828218
1 6140025
1 7035070
1 6096157
1 3164045
1 4305479
1 774197
1 9073833
1 2438108
1 9367583
1 3717160
1 1257201
1 6885398
1 3667197
1 1179520
1 8373660
1 3791302
1 6618881
1 5530381
1 4770049
1 9720532
1 5930123
1 301964
1 3044344
1 9408429
1 8443922
1 3645877
1 1700702
1 119023
1 4495517
1 8036034
1 6847099
1 8232175
1 5185973
1 8332578
1 9611527
1 9825376
1 6471732
1 3065795
1 5897237
1 1745335
1 9616454
1 4269057
1 585848
1 3793826
1 3723644
1 7839480
1 6943597
1 7074299
1 6318838
1 4383645
1 8135560
1 5151463
1 4565414
1 1372811
1 102314
1 3786305
1 2395697
1 3913845
1 4242476
1 3916970
1 5910945
1 214334
1 1512077
1 943292
1 774942
1 3564773
1 3719460
1 1495450
1 9929098
1 9483179
1 5016577
1 7920196
1 8627501
1 9449871
1 4388760
1 9904415
1 9692150
1 6953462
1 362365
1 8019476
1 3647276
1 6995227
1 6445521
1 220025
1 7344864
1 8665197
1 4712758
1 5273892
1 2084013
1 9233589
1 1630333
1 2542358
1 8643567
1 252745
1 4572984
1 4561850
1 1237539
1 8679158
1 1513258
1 8529880
1 8414337
1 1550642
1 9160226
1 2662767
1 899764
1 6126920
1 3595750
1 370730
1 6407983
1 1809786
1 4222202
1 5357577
1 5833460
1 6572233
1 8545907
1 9393661
1 9387060
1 2807482
1 7915330
1 100195
1 3278340
1 5818018
1 2536253
1 5208052
1 7916876
1 9417066
1 6369709
1 6837385
1 7662383
1 1554195
1 8621036
1 6343868
1 5325069
1 4920857
1 6674963
1 1702170
1 6935919
1 9033421
1 2016395
1 9304555
1 8988406
1 1652673
1 5071353
1 2620422
1 8266841
1 7889493
1 4291607
1 734057
1 7535531
1 5228091
1 1794734
1 5956654
1 1282417
1 689524
1 7710295
1 4157468
1 7602611
1 4496262
1 3535839
1 6960272
1 1767956
1 7657888
1 4331925
1 7719114
1 3319930
1 4200052
1 5074613
1 3078267
1 6462440
1 2252713
1 8363168
1 3536390
1 1512417
1 570101
1 7507611
1 6834520
1 9071970
1 9159774
1 443308
1 7440667
1 3164987
1 4744316
1 2902309
1 9022869
1 6215859
1 6314605
1 7673539
1 8176854
1 6046394
1 933624
1 4437900
1 4028298
1 785641
1 5363751
1 9410477
1 3256331
1 7374128
1 3763398
1 6966331
1 1909460
1 7209065
1 9028219
1 9956521
1 8722319
1 6969350
1 1063875
1 1228915
1 9240471
1 1340218
1 924926
1 8163059
1 9557752
1 6164663
1 2781533
1 6196674
1 5219680
1 3966888
1 4671346
1 3697751
1 2038641
1 3098022
1 6745942
1 4811939
1 8575937
1 8872837
1 1671203
1 7488514
1 4808614
1 1567772
1 6850741
1 8803921
1 9367132
1 2328782
1 9316970
1 5047101
1 2914012
1 3780209
1 6447112
1 1856094
1 1240506
1 2168319
1 9745030
1 6949613
1 5320586
1 8369734
1 7005747
1 390682
1 57807
1 4173154
1 9731261
1 3326961
1 5302563
1 1132648
1 5279828
1 8768349
1 5800918
1 1853034
1 7438328
1 9183763
1 4350404
1 3250269
1 8193536
1 7129252
1 4061309
1 7967505
1 404935
1 26238
1 2415346
1 6218654
1 171545
1 1733187
1 1634847
1 2760528
1 8617621
1 338492
1 8854825
1 4914872
1 8921866
1 3459557
1 8406124
1 8232021
1 3942436
1 4354011
1 2054691
1 5287941
1 855575
1 6929591
1 1812569
1 7922131
1 3843088
1 4123709
1 4075846
1 9125807
1 4216159
1 2036586
1 5953580
1 5905311
1 7660524
1 8445575
1 1915340
1 9582007
1 9081905
1 5990801
1 9525052
1 5508908
1 5834453
1 4547181
1 6999571
1 9110910
1 5934536
1 8998751
1 3424025
1 9372311
1 6545505
1 9480621
1 9290820
1 7170892
1 9107085
1 1169633
1 1167077
1 8015148
1 6887131
1 9368438
1 3129352
1 9486977
1 613296
1 9531094
1 5300720
1 5105193
1 1978282
1 4100215
1 494433
1 5373952
1 2778718
1 6990437
1 4084293
1 5559671
1 5008950
1 2594466
1 1415658
1 2315156
1 6949087
1 9803186
1 7746040
1 2048586
1 7351762
1 3555034
1 2771076
1 9101846
1 1003039
1 1751816
1 715828
1 873702
1 8066058
1 8957065
1 3048192
1 2191491
1 2063383
1 9963759
1 8889558
1 6805420
1 8670031
1 6425761
1 928692
1 9729400
1 6681131
1 559764
1 5089172
1 1495356
1 6339376
1 68682
1 5428753
1 828246
1 2221277
1 1293566
1 7783301
1 4075402
1 5287288
1 5790829
1 2181569
1 21514
1 8910545
1 966612
1 2704938
1 5260685
1 8497472
1 4751006
1 759238
1 2996008
1 424557
1 9824402
1 8060852
1 8309046
1 7175272
1 509577
1 6956554
1 1577189
1 9856706
1 3365409
1 3404095
1 5474424
1 9943983
1 7155099
1 3348698
1 2626179
1 1376756
1 2552383
1 2133613
1 787584
1 6760886
1 1470109
1 7939998
1 9378969
1 3216929
1 9223544
1 431715
1 7648711
1 291315
1 4673702
1 5355721
1 5548464
1 378349
1 9988794
1 3717763
1 7621949
1 3697563
1 7511996
1 1239159
1 3591336
1 2429782
1 5218573
1 894254
1 6164564
1 8492129
1 8676369
1 3316500
1 6950858
1 3042500
1 1683598
1 5712248
1 589540
1 1358078
1 5843861
1 5049175
1 8935966
1 776851
1 9768820
1 9763336
1 2299084
1 4287778
1 7375620
1 4394990
1 1012634
1 4476951
1 6761044
1 7066458
1 5365176
1 83712
1 3913522
1 8221818
1 2933162
1 569834
1 4967069
1 4267028
1 4046425
1 3257303
1 1818908
1 711150
1 7012810
1 7395138
1 2742373
1 6070236
1 8319269
1 5927389
1 9912640
1 5552769
1 1428754
1 2989960
1 2958057
1 6896300
1 4457305
1 8311886
1 2977626
1 7244106
1 4842716
1 3994197
1 6416556
1 4271710
1 3313990
1 6419899
1 6153500
1 2975209
1 4961246
1 1327317
1 7885069
1 6798979
1 5688862
1 3216299
1 3632846
1 435615
1 1476459
1 2307742
1 4637141
1 4806210
1 2793367
1 1923528
1 4258732
1 3403007
1 195610
1 6387071
1 9553304
1 8385706
1 43007
1 648697
1 5825898
1 1025253
1 2404553
1 6888593
1 7911941
1 9268366
1 3506726
1 8147108
1 3854356
1 4494429
1 9412571
1 5113196
1 2739976
1 414947
1 1135744
1 6725887
1 3263615
1 2862785
1 1111527
1 8147102
1 6492438
1 4453027
1 7336195
1 8574454
1 6131902
1 2600039
1 2026625
1 4494989
1 4006211
1 9677947
1 2874236
1 9156415
1 6100760
1 8386864
1 1762095
1 3919987
1 8334594
1 4210704
1 9419160
1 2467808
1 8199947
1 6924405
1 3028183
1 8060317
1 1198007
1 4095938
1 9606500
1 6220712
1 780038
1 6167449
1 3096181
1 3149820
1 1138845
1 1434491
1 3943072
1 6383110
1 9244209
1 684018
1 8314533
1 505880
1 2634484
1 3431504
1 1407183
1 2208785
1 388472
1 7789287
1 322860
1 8485673
1 2042596
1 1172883
1 1571491
1 9985823
1 4530161
1 2166964
1 7854591
1 2426561
1 8082976
1 4577695
1 5440171
1 5864065
1 9002349
1 2086798
1 8808827
1 2614526
1 9002370
1 803080
1 7396366
1 5351439
1 8552340
1 1375006
1 688229
1 7204161
1 7579410
1 6767997
1 8934008
1 5569865
1 7146503
1 45756
1 4500119
1 1833647
1 3853716
1 776090
1 5066111
1 7558585
1 9822412
1 1121527
1 7498365
1 7662109
1 8531096
1 3356216
1 4840677
1 5358439
1 8035108
1 998093
1 5644930
1 8946789
1 7392559
1 7143530
1 9718844
1 958371
1 3420747
1 7987004
1 8182588
1 2098676
1 75361
1 1594808
1 488058
1 4440338
1 2741086
1 5545060
1 1878099
1 1365823
1 1316913
1 1773590
1 325494
1 860865
1 690752
1 4728901
1 2682822
1 7272053
1 3950801
1 1976843
1 3078568
1 8565891
1 9365438
1 7309255
1 116980
1 7319657
1 6377328
1 4205881
1 1537665
1 8953487
1 37241
1 2479314
1 6231238
1 7858052
1 8157172
1 9835460
1 9690714
1 8397444
1 4959342
1 3887865
1 9396543
1 6758208
1 1366838
1 6333658
1 427699
1 1932499
1 6889844
1 6150284
1 1597225
1 829425
1 2056244
1 2418210
1 632920
1 4976505
1 8667111
1 9309695
1 9429038
1 5081539
1 1686177
1 81233
1 8629099
1 1598540
1 6614580
1 5031129
1 7107053
1 6136235
1 4606417
1 4544479
1 245237
1 754075
1 1367585
1 7586405
1 8111003
1 2256099
1 9535234
1 9203888
1 8860072
1 7320355
1 6569469
1 4884528
1 9160640
1 8383938
1 2098092
1 2038142
1 6190034
1 1892041
1 2829787
1 4546385
1 2464127
1 2908421
1 4498568
1 8434669
1 1186946
1 7198366
1 1107155
1 8502487
1 9240184
1 408338
1 4322259
1 2752872
1 3626817
1 1025822
1 6275277
1 1207135
1 3626744
1 3724546
1 4494718
1 5440251
1 380205
1 3333424
1 9382813
1 656576
1 1065883
1 9595356
1 1040564
1 4788386
1 3627124
1 2885639
1 6253280
1 9952796
1 8971359
1 4095748
1 6633321
1 3319504
1 7436852
1 247698
1 823528
1 820210
1 6877991
1 2066100
1 8207494
1 2859901
1 8687344
1 7714439
1 8274549
1 5546283
1 7748386
1 3753938
1 8702081
1 2026535
1 7313641
1 1529747
1 3677578
1 9529877
1 5507361
1 6710742
1 6639738
1 3282506
1 8930675
1 1270108
1 2003075
1 5200364
1 8912271
1 8442106
1 7365340
1 4287366
1 6327781
1 1315260
1 3187196
1 1189712
1 5952074
1 538821
1 6313463
1 5973469
1 499699
1 8712366
1 5774306
1 8199717
1 1099443
1 7023118
1 4053959
1 212403
1 9238625
1 6946110
1 4412124
1 4065919
1 6101343
1 3896365
1 8591569
1 7391109
1 1165034
1 442712
1 5387106
1 6536579
1 8114382
1 8100686
1 4084960
1 7028660
1 9036436
1 3357159
1 3551674
1 9295786
1 5823074
1 9395984
1 7518488
1 2817395
1 5246294
1 2915743
1 5312466
1 6418450
1 4886200
1 5787222
1 2236901
1 1855930
1 1384713
1 717122
1 1182629
1 9439883
1 1854155
1 7618420
1 6570934
1 5864050
1 6540653
1 3209144
1 1305238
1 1828425
1 7407071
1 7773846
1 433051
1 1540914
1 8514958
1 591364
1 9491587
1 5021818
1 9599402
1 3546563
1 6577614
1 6123782
1 8156155
1 9743252
1 5720798
1 7088150
1 6295252
1 739830
1 5706498
1 4470240
1 2150989
1 4858624
1 8589597
1 8116507
1 4877699
1 869420
1 9799975
1 1450413
1 1581381
1 6475923
1 5855379
1 5330255
1 3344352
1 3367462
1 2998080
1 747092
1 2873453
1 1149062
1 2007985
1 65550
1 5010486
1 3843127
1 6927740
1 9012398
1 8900767
1 2359096
1 7265793
1 7982729
1 9978881
1 1913553
1 6033733
1 5723056
1 8677742
1 7608872
1 5036417
1 9432361
1 3280606
1 6440916
1 2662793
1 1132875
1 2555367
1 4520634
1 65033
1 5618328
1 6338406
1 5779893
1 7437691
1 5243882
1 4239629
1 6570777
1 9950963
1 3733161
1 5463233
1 1557299
1 7481359
1 7724121
1 3717600
1 8848443
1 4086456
1 4925237
1 1228872
1 9710569
1 6158357
1 8002483
1 2952047
1 5585505
1 9862322
1 9824815
1 3231186
1 7169286
1 7144600
1 325482
1 8566285
1 6704684
1 3431775
1 7595517
1 6292066
1 9322342
1 2661104
1 694524
1 927369
1 175967
1 5413220
1 9771169
1 1566734
1 5957231
1 6318604
1 3278220
1 6167708
1 7837621
1 5062972
1 1422130
1 4578936
1 1316305
1 7641435
1 8984611
1 2974895
1 7148780
1 1279801
1 470700
1 7538523
1 1616187
1 6209245
1 8310395
1 7880253
1 9073937
1 539076
1 3223546
1 1228279
1 3515152
1 3720502
1 4394411
1 8832824
1 1511475
1 2777956
1 9331497
1 5470260
1 8603017
1 2662274
1 638948
1 9107329
1 386826
1 6386841
1 1620140
1 5955858
1 7148672
1 1660329
1 3469971
1 9532900
1 7409686
1 3459464
1 8027240
1 9290562
1 5135048
1 5752724
1 6080008
1 5823149
1 4318120
1 84934
1 5299337
1 9998463
1 4703308
1 2599968
1 8214102
1 4949593
1 3753632
1 1432576
1 5241149
1 6222460
1 8850153
1 5751232
1 3352941
1 6716839
1 6460547
1 4111305
1 3011584
1 9911447
1 1023414
1 6585121
1 4252499
1 7587430
1 664317
1 6690237
1 6536857
1 449584
1 3224857
1 9869144
1 8261400
1 6194601
1 8687556
1 9294451
1 8376789
1 4112647
1 1357611
1 8047118
1 2479166
1 6717933
1 8589743
1 4486183
1 2882981
1 113065
1 9014301
1 492174
1 617607
1 4815894
1 6673588
1 4776627
1 9553919
1 2225861
1 7117383
1 4635672
1 6425776
1 7126553
1 6069504
1 5138109
1 8175115
1 5204957
1 3892026
1 7059578
1 5065175
1 8495017
1 9469199
1 4909910
1 6724930
1 50541
1 6175481
1 8459360
1 3603759
1 5280164
1 9465400
1 5413244
1 7139049
1 9692657
1 6352350
1 901429
1 9080871
1 4782868
1 2929671
1 6628073
1 849750
1 330375
1 6919102
1 661854
1 5190538
1 5057633
1 6867552
1 7462068
1 729262
1 5856300
1 2299867
1 3786076
1 403183
1 540696
1 325940
1 3297032
1 401263
1 4542081
1 1954216
1 5052113
1 9778747
1 8195472
1 37032
1 3506676
1 7313563
1 7785986
1 3626295
1 1795828
1 7132375
1 7405938
1 4022951
1 7833229
1 4345718
1 4912701
1 9588372
1 4553664
1 9866332
1 9299098
1 4900432
1 417271
1 3074269
1 4354601
1 9281389
1 9544059
1 8621260
1 798041
1 5285151
1 4846378
1 2853499
1 3186142
1 8718886
1 1975436
1 2413698
1 7798677
1 7553101
1 8089671
1 9129028
1 9425723
1 5478228
1 4276989
1 1492771
1 6933345
1 5232939
1 5060715
1 1131630
1 6670038
1 3860867
1 7930018
1 4163198
1 5539421
1 3472175
1 7622617
1 4794416
1 8390240
1 3210965
1 1559100
1 7854783
1 5530170
1 5907124
1 4457874
1 7698822
1 9924680
1 2733104
1 338699
1 2165294
1 7119831
1 6970528
1 6821028
1 1290990
1 6672006
1 2628921
1 2335497
1 5739312
1 3312392
1 8114522
1 1515183
1 5227635
1 4865861
1 9532852
1 4002512
1 6246913
1 3751344
1 2353567
1 2723739
1 5729656
1 8120900
1 8898366
1 1053981
1 5419275
1 4946365
1 5747014
1 8770292
1 5420196
1 3318574
1 911993
1 6526740
1 1827484
1 1857527
1 5903473
1 3260349
1 5538084
1 1432824
1 8520286
1 4611686
1 1763115
1 9285502
1 4482226
1 3651612
1 6704899
1 7504065
1 7778171
1 9146266
1 6567058
1 9075138
1 8652291
1 2722145
1 4601706
1 8931962
1 8763163
1 7156302
1 8029760
1 6583592
1 5250662
1 1657214
1 7956921
1 7602634
1 2509222
1 856569
1 4405553
1 3070299
1 9257449
1 5140072
1 908964
1 6414631
1 4956055
1 1600463
1 3560357
1 397495
1 3008081
1 1483393
1 7223693
1 3980467
1 3234664
1 8475640
1 3871555
1 3584778
1 6313886
1 2624188
1 2847915
1 4922580
1 5039112
1 6629054
1 231865
1 9272211
1 2223340
1 9394559
1 2134854
1 5049964
1 9259403
1 6837299
1 2095595
1 6976353
1 8550425
1 9206994
1 9675662
1 7604753
1 9948927
1 9878075
1 1842532
1 2193534
1 1664642
1 7743832
1 3776647
1 7657544
1 5037131
1 7943227
1 1282075
1 9856088
1 2782858
1 9517326
1 6143793
1 4230735
1 1579630
1 8461292
1 8782742
1 6470654
1 2532335
1 6944600
1 143724
1 4705157
1 3723898
1 6769044
1 2254463
1 7338049
1 1396959
1 7307025
1 2722068
1 4933976
1 7007716
1 8838412
1 6366968
1 617890
1 1845627
1 5806360
1 5233026
1 5426554
1 1383453
1 3876460
1 637340
1 9367950
1 2670311
1 8038758
1 3276385
1 4230257
1 6300682
1 7674577
1 8957059
1 4828800
1 1559522
1 7641190
1 5993670
1 4355056
1 9130317
1 4592612
1 4032170
1 9615088
1 1825077
1 1855678
1 9611191
1 4091316
1 4536617
1 3095839
1 8354223
1 847662
1 1503898
1 1043789
1 914905
1 9190434
1 8413152
1 4300219
1 2276976
1 6519362
1 8741193
1 2102626
1 5178694
1 5302836
1 5693652
1 2468326
1 1553948
1 8054575
1 5574724
1 6982568
1 4364626
1 7917406
1 5426431
1 7787337
1 5828239
1 6157870
1 8949259
1 2756135
1 3416239
1 4800823
1 2352273
1 6125936
1 1123438
1 936331
1 6842613
1 6548134
1 7118681
1 9797470
1 8341791
1 6209060
1 4892821
1 4036551
1 1090735
1 1955052
1 2712055
1 9437032
1 701946
1 1327131
1 4996503
1 1714298
1 7556689
1 7470005
1 9891828
1 6269716
1 8768854
1 6845373
1 5881549
1 7133536
1 2838471
1 5458121
1 6875137
1 9186910
1 2929338
1 211445
1 8957972
1 3906835
1 1428119
1 4840871
1 228724
1 6166564
1 2588842
1 4067974
1 7231135
1 7429141
1 9908972
1 7234493
1 2580646
1 9696983
1 7067306
1 7031558
1 6685896
1 8049390
1 4842943
1 1660877
1 5925580
1 3683275
1 1432932
1 4012991
1 3957779
1 9134654
1 9199796
1 4155792
1 3843716
1 7997537
1 150481
1 1406390
1 8609214
1 6847751
1 6805909
1 1819267
1 1154159
1 6491277
1 4960049
1 653044
1 9973207
1 5744807
1 9675620
1 4857486
1 1944994
1 8994811
1 3382052
1 9218343
1 8474392
1 7176323
1 6883284
1 5631913
1 1792058
1 3850001
1 563593
1 6517860
1 1076204
1 3872474
1 6736617
1 4630411
1 4300128
1 286902
1 7311657
1 6395236
1 4890006
1 2702353
1 6081945
1 8270976
1 6327568
1 3196268
1 247691
1 3052949
1 7046051
1 8395437
1 2329843
1 8934990
1 5461366
1 4702175
1 8496683
1 9539779
1 7247162
1 8751110
1 5281328
1 4092526
1 3782153
1 5726638
1 9014702
1 7605838
1 7679521
1 3820439
1 8583445
1 7543475
1 7080546
1 9393111
1 3775124
1 9648578
1 7391175
1 2995047
1 1561841
1 369860
1 5124459
1 4601460
1 7514854
1 4694987
1 4451000
1 8810951
1 7970539
1 2439043
1 6362823
1 9078541
1 13475
1 5603766
1 7124996
1 3846862
1 1159651
1 2612173
1 4304578
1 9947307
1 4914997
1 1246436
1 9216574
1 9112640
1 3897003
1 9758751
1 2823856
1 7069135
1 2582212
1 7923003
1 4232845
1 6757474
1 2795711
1 6566561
1 9148355
1 1480998
1 705616
1 5622455
1 2565009
1 4129680
1 557465
1 2651742
1 575637
1 1090054
1 5542810
1 3951127
1 1096176
1 7904130
1 6679972
1 2145283
1 584204
1 8180232
1 3830369
1 1007802
1 6724599
1 8259705
1 4666601
1 1853521
1 4201052
1 5776316
1 6438814
1 5732818
1 857251
1 1626654
1 2603541
1 9942202
1 2774643
1 4707100
1 7803460
1 1295100
1 1501077
1 8820258
1 9866196
1 766546
1 7714503
1 3288067
1 9398008
1 1287778
1 8205737
1 4442820
1 5207741
1 6801663
1 2675702
1 9869986
1 4444730
1 3007891
1 2298786
1 4347056
1 566771
1 4387348
1 7039175
1 2108629
1 9258431
1 5782078
1 4437409
1 832609
1 5200371
1 251013
1 7671616
1 7542274
1 4475827
1 5478413
1 9671970
1 1557976
1 9638429
1 7101399
1 9532943
1 1316339
1 6854173
1 9962281
1 2792006
1 3534195
1 5307415
1 8939322
1 2243563
1 3476332
1 7364365
1 8215079
1 1170211
1 7796296
1 353281
1 3913246
1 2477906
1 5464971
1 9388499
1 2115490
1 5233551
1 6190140
1 3196097
1 6424822
1 6091149
1 4863405
1 4472237
1 7495457
1 2783502
1 214675
1 8360810
1 8724738
1 6824420
1 9853278
1 3127404
1 7007670
1 9424605
1 5439031
1 7651004
1 1312438
1 5721389
1 5476878
1 7914019
1 7084565
1 7759117
1 8636103
1 3345072
1 4572242
1 6266930
1 4532362
1 4504546
1 2396973
1 4118300
1 4734869
1 9459249
1 8756676
1 5013281
1 1410259
1 854667
1 4497083
1 9873348
1 1492949
1 9105618
1 4311272
1 9573793
1 4798610
1 8077239
1 5925925
1 4690380
1 8417450
1 8355640
1 5535037
1 8648955
1 1170401
1 2227963
1 4232206
1 1578815
1 8402081
1 6267040
1 4169781
1 5721830
1 6601157
1 1767276
1 1623888
1 8238766
1 7811395
1 8254718
1 9567169
1 4231539
1 1513444
1 2479911
1 7041687
1 3316370
1 6986408
1 2152053
1 8494193
1 7624791
1 7133360
1 3714204
1 1780543
1 4877453
1 7301043
1 7279852
1 890025
1 9323637
1 914790
1 9344353
1 7611865
1 799851
1 9770470
1 6209196
1 8378536
1 7936290
1 6773919
1 4931477
1 1627651
1 4258971
1 5471616
1 5317680
1 5737282
1 178319
1 9374454
1 7950637
1 7537839
1 9685817
1 2252839
1 6113874
1 8760989
1 2703362
1 708089
1 9925681
1 2250040
1 2664830
1 7573700
1 6666740
1 8689648
1 9895044
1 5480647
1 9691310
1 3102442
1 4530390
1 196724
1 4866308
1 5999280
1 3264702
1 5408134
1 5925966
1 3660373
1 3894796
1 8529591
1 5108465
1 9458627
1 9412140
1 1573355
1 2909497
1 4454920
1 7201996
1 2909704
1 6035678
1 5437925
1 3359439
1 3589848
1 1642868
1 8357762
1 3733457
1 9411995
1 8737264
1 8827862
1 5150426
1 4714227
1 3242175
1 262943
1 8781922
1 6897302
1 4448838
1 7101003
1 9139451
1 5098840
1 3807201
1 3537277
1 1208141
1 7668720
1 5799605
1 5295004
1 6137456
1 2563572
1 5039085
1 149747
1 6051117
1 2867338
1 2306153
1 3718944
1 925582
1 3306891
1 1977285
1 6236346
1 1557400
1 2340560
1 9377649
1 8523055
1 30711
1 9325449
1 1948648
1 9244358
1 369506
1 8436014
1 7028923
1 367117
1 5623667
1 9160905
1 2412582
1 7701817
1 4182505
1 4913323
1 332588
1 8986307
1 4531249
1 5994126
1 2933540
1 3347859
1 6041753
1 9167971
1 6247571
1 9980291
1 6897497
1 5007068
1 1522081
1 7013427
1 3896860
1 7104891
1 1136896
1 5679865
1 3902634
1 828296
1 2441473
1 4099228
1 1225573
1 7800329
1 9540984
1 9487558
1 8078544
1 7253598
1 3782678
1 4746104
1 2797765
1 4166873
1 6584806
1 1088544
1 1515856
1 3575104
1 6630698
1 4317275
1 1746342
1 5565398
1 7524456
1 1799910
1 2959135
1 9696261
1 469550
1 1108453
1 3656919
1 4582723
1 5459012
1 9834997
1 6195210
1 6610863
1 832110
1 418471
1 5495159
1 2053626
1 802540
1 2635236
1 6272444
1 4261291
1 4451306
1 8165479
1 8546868
1 9560328
1 4992221
1 3116352
1 9118200
1 854130
1 7624049
1 1676123
1 9769525
1 7971543
1 8941315
1 4835949
1 3592076
1 9044381
1 2156984
1 1590520
1 5378391
1 5662096
1 2246821
1 7888250
1 5429955
1 9083694
1 4072888
1 9645445
1 3672014
1 6662546
1 2843006
1 8643128
1 7954586
1 4214776
1 6769259
1 2961689
1 9942687
1 9541071
1 3310111
1 6411948
1 509738
1 8446060
1 3322626
1 5327824
1 5596196
1 1329750
1 5615538
1 6600000
1 1285476
1 3543320
1 5600899
1 4282245
1 3588747
1 5042629
1 3167882
1 180920
1 8366261
1 5040693
1 7166799
1 2685918
1 3703281
1 570817
1 1693383
1 7971113
1 3824119
1 5138301
1 2484925
1 2364152
1 8478149
1 8517313
1 1201613
1 9114242
1 8014533
1 2031476
1 5401093
1 750648
1 6802862
1 3004965
1 9374263
1 5395214
1 4791029
1 1555055
1 8898930
1 3273023
1 8585507
1 3437156
1 3447819
1 7941226
1 3368817
1 8864128
1 1014627
1 3086987
1 7592518
1 2046906
1 1858406
1 5731952
1 5519763
1 4562642
1 3347597
1 6772629
1 9562464
1 985542
1 1657288
1 624055
1 408631
1 3554831
1 1068145
1 1928252
1 909612
1 6158890
1 1271774
1 3314772
1 180156
1 7715294
1 210090
1 3730181
1 1122540
1 3518404
1 1648629
1 6009452
1 2035303
1 999977
1 2251152
1 8663347
1 4898462
1 622548
1 7164625
1 8624235
1 3390976
1 8629379
1 2722624
1 2667847
1 1276645
1 1899297
1 5301965
1 3931569
1 7094549
1 3993856
1 7752641
1 417093
1 3340546
1 67583
1 5228399
1 3060758
1 7197310
1 3972682
1 9490279
1 4511962
1 2670043
1 7473871
1 216634
1 3224435
1 6515686
1 5078473
1 3310058
1 1093144
1 4740693
1 9983937
1 534385
1 3802949
1 5577067
1 2060218
1 8108393
1 5417678
1 1179530
1 7964176
1 5926139
1 9572077
1 5516598
1 618595
1 33190
1 6326174
1 4444637
1 7713401
1 4216748
1 1644833
1 3974167
1 4573054
1 6620626
1 6527461
1 8510269
1 3082527
1 7143326
1 2533271
1 2463506
1 486494
1 4030096
1 532789
1 4572568
1 9841564
1 3483662
1 8225571
1 1743343
1 9518146
1 8371854
1 8338934
1 7128316
1 3391845
1 1792019
1 8934482
1 2708267
1 4397919
1 474759
1 735220
1 2321770
1 1061476
1 248213
1 6838582
1 5612053
1 3612306
1 846612
1 4318379
1 898805
1 878100
1 4122657
1 3409139
1 6093151
1 5601801
1 2028657
1 834590
1 8633575
1 2426226
1 9130057
1 9216107
1 5116644
1 2728429
1 7483843
1 99298
1 1483022
1 8703011
1 2630815
1 9277159
1 160423
1 25138
1 829322
1 7176898
1 7743251
1 5721566
1 5120480
1 8120928
1 5505968
1 17270
1 5575891
1 9210309
1 5250699
1 5980338
1 4521625
1 9396653
1 4796972
1 6639870
1 4095139
1 5639368
1 1841566
1 5803390
1 5051101
1 9311979
1 8196510
1 9044962
1 8243185
1 5802910
1 9335962
1 2838794
1 5990508
1 5577246
1 7294498
1 9518372
1 4255979
1 6454096
1 1655269
1 5423853
1 87788
1 3537486
1 5078782
1 1130205
1 7248913
1 2512384
1 1549083
1 3796749
1 2028885
1 8348098
1 4126580
1 970574
1 4468021
1 7978013
1 8982112
1 579609
1 771226
1 9411235
1 7207748
1 8558202
1 7344919
1 9997194
1 6716074
1 8112575
1 6784073
1 1782179
1 7192448
1 8146870
1 4784578
1 3702704
1 6473597
1 3210109
1 4360221
1 7943862
1 5649080
1 637279
1 2030775
1 1995730
1 4032762
1 9989925
1 8434099
1 3566263
1 4581489
1 4458465
1 7998271
1 5494695
1 5832077
1 9363409
1 1545914
1 7418315
1 6295274
1 4291287
1 5585707
1 8184194
1 5133090
1 8015912
1 4801442
1 7630644
1 9234672
1 3984081
1 5542501
1 9393801
1 5479552
1 3608511
1 5866377
1 7997817
1 9174053
1 8785473
1 3152928
1 8954420
1 2678615
1 904192
1 5879356
1 5166908
1 3903466
1 9615586
1 4501978
1 3396331
1 4934270
1 7553547
1 4414247
1 945568
1 2176952
1 7229369
1 1598936
1 4686983
1 8268419
1 3956367
1 5163986
1 9235815
1 3505809
1 5962681
1 4596539
1 4324312
1 1087262
1 838694
1 8910444
1 1978593
1 9281058
1 6986276
1 5452419
1 2314421
1 458909
1 8757119
1 9673640
1 1625070
1 1065923
1 5621119
1 8058041
1 3899709
1 5094475
1 7636195
1 9722934
1 3270852
1 8256114
1 67243
1 2158568
1 779405
1 5989915
1 3190454
1 9213544
1 1160446
1 3741570
1 3980344
1 7748072
1 9343438
1 1240466
1 1114572
1 311161
1 756386
1 8149946
1 2117336
1 1425007
1 4991548
1 7504282
1 450284
1 9812287
1 9964768
1 4149749
1 5181117
1 70394
1 7687315
1 7856850
1 7986549
1 9205933
1 18284
1 135160
1 3480680
1 3563651
1 5094889
1 7016673
1 1025571
1 9195032
1 5556126
1 5657785
1 3175689
1 5630511
1 73397
1 9980843
1 65328
1 1891491
1 362964
1 2915031
1 7962508
1 2038399
1 8878502
1 4382559
1 7547222
1 4906849
1 2977307
1 8117699
1 9490714
1 5625913
1 5927936
1 6717153
1 4550321
1 9664829
1 2408027
1 4759958
1 5109140
1 2641161
1 8551619
1 7976838
1 6126498
1 5228270
1 6992202
1 9450067
1 1607617
1 3491680
1 1255584
1 2052717
1 4654017
1 9736919
1 5225388
1 6115916
1 9071879
1 7410462
1 3446210
1 616594
1 8854203
1 5529201
1 5520018
1 1480907
1 1516044
1 6206752
1 1955913
1 1954467
1 6551659
1 9509682
1 960052
1 7757015
1 1672442
1 887918
1 1398698
1 3845503
1 1417909
1 4971350
1 843729
1 7403035
1 1657004
1 8087587
1 1677037
1 963352
1 3158889
1 4496051
1 3790297
1 8104623
1 1006512
1 5835099
1 7257856
1 6010086
1 5292084
1 3820842
1 4313280
1 1359780
1 8682665
1 7715568
1 1289342
1 5074248
1 465480
1 1584474
1 5335944
1 3191575
1 3790938
1 4474722
1 2207737
1 7125177
1 2874157
1 7811758
1 786949
1 8844312
1 6048147
1 5627033
1 3066621
1 7637999
1 9328612
1 2807017
1 9930148
1 4348700
1 7713675
1 8139656
1 3855008
1 4143543
1 4225373
1 3113378
1 5277221
1 7860126
1 9172940
1 9170894
1 1010130
1 127642
1 3026423
1 5835043
1 4584032
1 1130891
1 4922399
1 550456
1 4081261
1 1598550
1 5965028
1 8605704
1 4246581
1 5759929
1 7374116
1 5184641
1 4905279
1 6091766
1 8161042
1 1196419
1 2231310
1 6266838
1 5789146
1 2923433
1 1516407
1 3107374
1 6002118
1 3159658
1 3107688
1 233907
1 7315959
1 9701025
1 5438444
1 8957839
1 8015808
1 6367298
1 3970688
1 5718848
1 7652588
1 8333769
1 34712
1 3360370
1 8207665
1 8993685
1 1991549
1 2987256
1 5315132
1 7505336
1 2429887
1 1675578
1 8578818
1 8868176
1 6470899
1 8841636
1 7103688
1 2770192
1 4242614
1 330805
1 1329805
1 1873792
1 421003
1 4089291
1 345792
1 8999274
1 3885674
1 6622875
1 5696016
1 9461146
1 5231550
1 5048217
1 1781052
1 134198
1 8454141
1 2772733
1 2189559
1 2756759
1 5108477
1 9243429
1 7686582
1 8171503
1 3725571
1 936673
1 7067351
1 9357532
1 4908055
1 5188475
1 3252132
1 234731
1 4389065
1 2133896
1 8316295
1 4843264
1 5613158
1 1699354
1 5835751
1 3371900
1 5657547
1 8092853
1 2817154
1 8153743
1 5872575
1 5777197
1 1414426
1 3900492
1 5326710
1 4209047
1 4956255
1 5684390
1 7094845
1 1185547
1 2734712
1 3120487
1 9684283
1 1522833
1 3844021
1 6900712
1 8571737
1 4774188
1 9292983
1 9031501
1 5543101
1 7736762
1 3793467
1 803783
1 3379941
1 5468902
1 4832991
1 6023008
1 5291453
1 2054963
1 224268
1 7429126
1 8223379
1 8870581
1 7812152
1 9926319
1 6005341
1 6722423
1 2592696
1 9393833
1 5366427
1 6981779
1 4191241
1 599560
1 6093440
1 9832837
1 1587518
1 9419351
1 9775284
1 2718056
1 3611436
1 8695543
1 8936894
1 6564514
1 5553482
1 3039671
1 2413328
1 2903545
1 4517667
1 2427723
1 9664567
1 1066382
1 3930251
1 6621119
1 849240
1 6789508
1 4570525
1 1730637
1 7381366
1 5233358
1 8198952
1 5144911
1 9348873
1 3985477
1 3758518
1 817718
1 531892
1 8393666
1 2044744
1 8218250
1 3577146
1 7501074
1 119377
1 5814718
1 5627182
1 9890420
1 187069
1 1050247
1 259255
1 8356131
1 7558809
1 5644859
1 9491249
1 7300643
1 7671222
1 9947886
1 3380126
1 4978493
1 3343548
1 7232293
1 2669309
1 9653759
1 6806438
1 5407476
1 2194676
1 2615833
1 7824751
1 8530998
1 1363438
1 2450238
1 489157
1 1832659
1 235926
1 7866076
1 5064832
1 8597374
1 4007860
1 8682279
1 5323422
1 4222067
1 1524205
1 84128
1 4019674
1 8311764
1 5604254
1 3568784
1 349883
1 3768794
1 2645266
1 9875933
1 2569152
1 6399319
1 7127915
1 6961435
1 6232079
1 9160788
1 9672549
1 4610283
1 1770615
1 3516077
1 1909230
1 170631
1 6510483
1 7096864
1 4435348
1 9657269
1 4783603
1 9653692
1 572599
1 9470673
1 9093206
1 2068218
1 5407308
1 2106189
1 9623783
1 4051998
1 4742531
1 4641335
1 666277
1 5566882
1 629462
1 9243166
1 5525257
1 99291
1 3062091
1 1900606
1 2763299
1 2828471
1 6269909
1 19760
1 5206505
1 9732328
1 7606807
1 7051458
1 4344550
1 8670942
1 7828613
1 5925477
1 152605
1 3099991
1 5352419
1 3284474
1 9845669
1 6536219
1 7520096
1 7550925
1 5296773
1 4579137
1 6066291
1 8771473
1 3341620
1 8965978
1 3485997
1 8274223
1 5220363
1 3136169
1 9811103
1 8403601
1 9441561
1 9777886
1 6996866
1 8797397
1 3782656
1 6760784
1 1650933
1 396671
1 1758895
1 4123183
1 4142623
1 2542061
1 7247072
1 5367782
1 8359361
1 6159064
1 2539256
1 1463723
1 229946
1 1291192
1 3224738
1 9352485
1 151636
1 3833194
1 2393506
1 4036536
1 4644040
1 1979086
1 2046846
1 1901176
1 4211524
1 5688093
1 6176642
1 9546682
1 3564448
1 3400113
1 5403711
1 3489745
1 5178848
1 8056346
1 3587933
1 9643712
1 4276753
1 6213823
1 8394874
1 2990679
1 5348057
1 1985194
1 9179739
1 3416800
1 1159605
1 8105125
1 5255063
1 1006825
1 5830471
1 8563619
1 7707460
1 3090033
1 4472921
1 8614081
1 5621798
1 4567404
1 2168853
1 818884
1 1265486
1 3702704
1 6234668
1 4625690
1 6382980
1 6519531
1 7600733
1 8936013
1 9668797
1 7596237
1 9126952
1 2202342
1 3546214
1 1528692
1 1950277
1 9508551
1 7502347
1 9060057
1 8376774
1 6652109
1 2534421
1 8574785
1 3316736
1 678216
1 8796565
1 1796386
1 4380924
1 8960571
1 5887120
1 2092473
1 5146612
1 1311157
1 1400952
1 2269784
1 8129768
1 8340566
1 7237885
1 2941871
1 842146
1 3243051
1 3935484
1 8767459
1 5716886
1 9227214
1 9011647
1 8283190
1 3906604
1 288411
1 5805233
1 489205
1 2924189
1 4997418
1 2584485
1 4195863
1 4642652
1 8777992
1 7633779
1 6249691
1 6650683
1 6854337
1 1167979
1 2632782
1 7731421
1 3409670
1 4726085
1 446396
1 8600112
1 8522413
1 3928069
1 2199744
1 6221517
1 6769119
1 7221744
1 2353432
1 5616792
1 7010533
1 4520848
1 6686757
1 3782983
1 5518799
1 3167238
1 8043452
1 7179532
1 6067649
1 810810
1 3704775
1 3764606
1 3527970
1 7071754
1 6428512
1 2548702
1 6490085
1 1139139
1 4665355
1 9181769
1 6649372
1 1103732
1 5520977
1 428621
1 5740171
1 6441937
1 4963964
1 941565
1 4080142
1 417526
1 4854462
1 8642569
1 6028043
1 9148258
1 6946906
1 7106934
1 5753798
1 2623685
1 7645513
1 4087206
1 4198797
1 7454243
1 9391489
1 252296
1 8251961
1 7991472
1 1661402
1 6727647
1 7724777
1 6562428
1 1240380
1 1041789
1 3012261
1 6435222
1 960614
1 8933138
1 8404013
1 1839926
1 7026790
1 5567955
1 2727041
1 5613707
1 3691412
1 2353308
1 7845659
1 6187654
1 8568750
1 7828511
1 14067
1 4578936
1 3761170
1 1944888
1 6063073
1 1376210
1 9749090
1 4895442
1 3774417
1 582677
1 5848467
1 9160509
1 9820489
1 3020737
1 8970091
1 6846925
1 7078029
1 4179175
1 8373373
1 7703137
1 5660782
1 2433212
1 7518106
1 9762285
1 730803
1 5791096
1 4118553
1 9471726
1 272768
1 2208374
1 79368
1 2158079
1 1724946
1 5616482
1 5813337
1 4979556
1 6647873
1 2621889
1 4900076
1 3552339
1 4525155
1 1873987
1 4283617
1 8203995
1 7990265
1 2349276
1 9124744
1 5574297
1 5597846
1 5233542
1 1452410
1 3306712
1 7719875
1 1090901
1 6778292
1 1577932
1 9117884
1 7947032
1 9892118
1 1121984
1 7467669
1 2510834
1 1594113
1 698089
1 8750841
1 7044613
1 9127305
1 3877450
1 3028307
1 8837046
1 8683712
1 7866947
1 2737073
1 7711946
1 1831896
1 4427100
1 6549192
1 1995867
1 1720395
1 6842992
1 1176960
1 9824481
1 5846710
1 3309258
1 7304292
1 7383837
1 9781153
1 4214834
1 7462885
1 866088
1 7857135
1 5540707
1 747777
1 6857815
1 3255366
1 5797289
1 8518939
1 5363857
1 3908395
1 5010450
1 6575910
1 9075063
1 7053664
1 2988823
1 8981427
1 30272
1 2673461
1 593630
1 9672562
1 973655
1 3178033
1 9508022
1 2486182
1 5223952
1 4505155
1 9393988
1 640509
1 862278
1 4660017
1 9530817
1 1412986
1 9434439
1 980912
1 5731947
1 3354501
1 1213976
1 8252514
1 867085
1 5568420
1 4494887
1 9950534
1 8632686
1 1954004
1 7392954
1 5335143
1 3111854
1 3725445
1 3444830
1 1303064
1 8692689
1 3765576
1 3394175
1 1755163
1 2536866
1 8279100
1 3597571
1 4097830
1 6262033
1 1316186
1 8186700
1 1724835
1 2478620
1 9968176
1 2364116
1 5507077
1 9805251
1 7323619
1 1669309
1 1548709
1 8059258
1 7770958
1 6551775
1 1633091
1 7265591
1 8707153
1 8386385
1 1405562
1 4120878
1 6012220
1 1994464
1 7158030
1 7806824
1 2257648
1 2833105
1 8474252
1 2099682
1 4170913
1 6694155
1 8057836
1 6758462
1 6580654
1 6560179
1 6011294
1 3008291
1 7585656
1 504225
1 2165160
1 60387
1 7564894
1 3618202
1 9833168
1 6239516
1 9692368
1 7300857
1 7897662
1 3170553
1 798068
1 2291709
1 2748794
1 8835512
1 546042
1 596411
1 7215676
1 2648254
1 1124285
1 3956197
1 9651745
1 1800400
1 4150755
1 9770644
1 4060890
1 5094556
1 4004893
1 1257863
1 6004792
1 7565945
1 4870411
1 2680462
1 724820
1 6270802
1 5355225
1 6395663
1 6046510
1 3164522
1 45357
1 1370865
1 9767703
1 7079861
1 7838168
1 9119990
1 3202306
1 5732534
1 7429238
1 744163
1 2404471
1 4051362
1 51194
1 9994799
1 2162768
1 688665
1 2246420
1 3402471
1 7748088
1 338963
1 2564672
1 6464606
1 142226
1 4296768
1 1240171
1 1824111
1 4610731
1 1263484
1 9384472
1 5555967
1 7040621
1 1073880
1 9826603
1 6621264
1 7708088
1 2799321
1 87798
1 5920724
1 6995222
1 5719325
1 1643399
1 9973696
1 3309523
1 9356232
1 7182289
1 4302158
1 555604
1 3485763
1 2450227
1 70634
1 6844630
1 7075642
1 5811604
1 8723010
1 3872043
1 7393476
1 4283190
1 3564254
1 1242420
1 9651831
1 7027727
1 5478630
1 8726373
1 2934528
1 2287642
1 2433018
1 8972937
1 6789614
1 9765509
1 6597361
1 710517
1 406840
1 6131976
1 8375199
1 7023587
1 2635803
1 8599216
1 4680170
1 6911785
1 5228257
1 2243950
1 9071526
1 2605849
1 2196029
1 1000832
1 5858330
1 5766729
1 1363720
1 1085848
1 8090590
1 163862
1 2555324
1 4687233
1 5814441
1 9667838
1 5970158
1 443687
1 1790172
1 6799659
1 132629
1 1673204
1 5004651
1 5097416
1 4840607
1 2941273
1 1553074
1 209229
1 3982807
1 2035690
1 571471
1 2173580
1 9177523
1 8281418
1 3520180
1 8260914
1 6477061
1 1523863
1 9535092
1 8915088
1 159888
1 3728699
1 9336552
1 2035364
1 1503874
1 297795
1 5847194
1 5205182
1 1758527
1 5599387
1 9723126
1 5547138
1 2687237
1 6318086
1 1140518
1 6280759
1 8333888
1 9817221
1 6959270
1 5331605
1 7436269
1 2845510
1 7348565
1 8948246
1 3413275
1 2452360
1 2006284
1 5680179
1 7223100
1 1070161
1 6834229
1 3300645
1 6553227
1 4757052
1 8397715
1 1587687
1 3135302
1 7605269
1 4155348
1 2248276
1 2347552
1 5214642
1 2596099
1 6378393
1 1358062
1 1266138
1 3910584
1 4217037
1 3866483
1 1966445
1 3818189
1 6950743
1 9301225
1 89595
1 8142879
1 9732906
1 4265581
1 6267810
1 245716
1 2463971
1 691170
1 7679961
1 1019615
1 6428499
1 4865125
1 2435564
1 6214004
1 7273555
1 1810741
1 2466395
1 7466178
1 6874893
1 1765043
1 1118865
1 5980520
1 9488030
1 1595291
1 5094073
1 2413999
1 966374
1 2312334
1 2144977
1 7622489
1 868368
1 9273546
1 3107588
1 9063751
1 811437
1 9331868
1 9267842
1 9651843
1 4722746
1 7201611
1 5145257
1 7282084
1 1381606
1 422499
1 7875762
1 4761945
1 6842760
1 4355183
1 3841572
1 186323
1 2347113
1 383792
1 2184289
1 6929234
1 4495642
1 1903118
1 8064772
1 5964005
1 4355969
1 2191121
1 839563
1 9136904
1 9229713
1 9524887
1 4272451
1 6746024
1 1043443
1 9018766
1 6158831
1 3797707
1 6598723
1 7653452
1 8553610
1 356495
1 9327091
1 8094471
1 9231463
1 2487823
1 8859888
1 3427973
1 4515883
1 8756111
1 516140
1 2185064
1 585345
1 3226687
1 5074230
1 7436193
1 4241659
1 8538504
1 4521045
1 885101
1 7046537
1 6293906
1 7406569
1 5007083
1 8451993
1 5481173
1 9083323
1 8726964
1 9104906
1 9311130
1 7039838
1 2327691
1 3686915
1 985129
1 8378243
1 6673024
1 4104161
1 1400066
1 7380360
1 8581808
1 4827762
1 9201395
1 4568805
1 6516110
1 8412734
1 422448
1 2465419
1 7730865
1 3709742
1 8855770
1 7673196
1 7529178
1 5740594
1 3304034
1 3689435
1 6640127
1 2395724
1 1760201
1 8000164
1 4487970
1 4173862
1 3434339
1 4896762
1 6663686
1 4911967
1 7545503
1 7448383
1 7163957
1 7158678
1 3576518
1 2479502
1 6514785
1 6749350
1 7639918
1 9108094
1 1320906
1 9092495
1 9012210
1 5481052
1 1192372
1 5488900
1 7338040
1 5984199
1 2408098
1 9358913
1 6759327
1 5283798
1 2844442
1 2712754
1 3435290
1 6044258
1 4957799
1 3702721
1 5791571
1 8883306
1 3593727
1 3903639
1 7019044
1 1707816
1 4634751
1 1186508
1 2148025
1 7839574
1 2862115
1 9591564
1 9225203
1 5848384
1 1454561
1 1800149
1 7624300
1 8440383
1 9955422
1 8474882
1 2434538
1 6434709
1 4138867
1 666726
1 2811349
1 219088
1 8576815
1 8365067
1 2329055
1 9477982
1 103561
1 2266104
1 9264788
1 126621
1 9550040
1 1653446
1 5323473
1 3188965
1 4756339
1 4802790
1 232276
1 8854184
1 1324972
1 4566794
1 3665308
1 1939460
1 1318737
1 8078439
1 610221
1 6115820
1 5187856
1 3705872
1 8237950
1 2501851
1 7515822
1 989699
1 4308110
1 860782
1 1483416
1 5141425
1 7795382
1 9279714
1 2687921
1 6310939
1 6363209
1 136869
1 2312953
1 5734981
1 2086579
1 4252578
1 2956391
1 2643604
1 2886816
1 1080421
1 7262177
1 1265150
1 8775356
1 7931326
1 9955341
1 5267771
1 2171271
1 5564815
1 8675240
1 9735936
1 644137
1 4996267
1 3454720
1 9847926
1 2601146
1 2997358
1 6240011
1 6958502
1 3111747
1 3239709
1 18402
1 7570532
1 6452891
1 6311383
1 8820339
1 4417341
1 7381868
1 2280266
1 8188839
1 2051464
1 1192149
1 7318812
1 8757445
1 4828139
1 1244774
1 7261095
1 4720493
1 113469
1 5890015
1 4303974
1 3662211
1 3144067
1 2277715
1 4742059
1 4111975
1 7312920
1 2489326
1 2095181
1 2993293
1 6528294
1 3418625
1 6138024
1 446426
1 1161377
1 7315988
1 3276538
1 8375107
1 471971
1 735953
1 5771889
1 8980833
1 916265
1 3533591
1 2401424
1 1107920
1 4039447
1 9802113
1 1882333
1 5313502
1 3037493
1 6426367
1 2616122
1 5718188
1 7178231
1 7557205
1 5053680
1 9276156
1 2600983
1 4413742
1 2209970
1 9957815
1 8531034
1 6953491
1 5839791
1 4156449
1 7249195
1 6217287
1 821604
1 2889937
1 5296225
1 5633219
1 9472072
1 5676348
1 1134789
1 9543799
1 6263758
1 1331666
1 2688574
1 3482062
1 1217842
1 4691124
1 7491167
1 539166
1 501831
1 6657010
1 3057955
1 590346
1 8230058
1 5115350
1 6040092
1 8531452
1 7109789
1 6323330
1 226557
1 9970557
1 2919617
1 4720478
1 3037298
1 8147396
1 6898129
1 7841589
1 8150811
1 1624783
1 8857412
1 3321371
1 1937580
1 8527984
1 5225992
1 2794064
1 9490627
1 6409603
1 6711864
1 7186913
1 8803156
1 9113345
1 8571647
1 4087806
1 5363276
1 3593824
1 1105425
1 2863025
1 3406334
1 6073451
1 1633182
1 3585586
1 9737145
1 8684652
1 2675718
1 2182017
1 6388541
1 4276862
1 3597788
1 7248574
1 6737567
1 7180800
1 7136879
1 3757397
1 6197438
1 7366259
1 1834472
1 9113351
1 7126120
1 8372090
1 3004050
1 692568
1 1663953
1 8619919
1 9209132
1 1479683
1 99843
1 8341831
1 5919881
1 1263301
1 1715831
1 7314759
1 3871423
1 1493887
1 941030
1 8692762
1 679860
1 1747320
1 654389
1 2360757
1 6139289
1 7198207
1 8540696
1 866591
1 3465977
1 934896
1 8602444
1 4226282
1 7653745
1 6248666
1 6810733
1 6597490
1 4054870
1 9139934
1 1997581
1 9592756
1 630324
1 5416007
1 2940274
1 77607
1 9581328
1 7831816
1 2871237
1 1173956
1 2095065
1 7021913
1 6475019
1 5982569
1 7367361
1 2609691
1 5514374
1 3676148
1 9759186
1 8421972
1 4906761
1 7397245
1 6938674
1 6906172
1 6233091
1 9567578
1 3084282
1 4706661
1 2349896
1 8942651
1 5619028
1 4093213
1 1480817
1 1921632
1 1826232
1 3893721
1 2978395
1 9927735
1 5542315
1 7138816
1 7490426
1 1674342
1 7892640
1 2116892
1 4467979
1 7833431
1 6526287
1 8995008
1 4596011
1 8427838
1 7293676
1 7183712
1 1886742
1 8351271
1 9867253
1 666130
1 8814824
1 7228717
1 3923465
1 9583083
1 6141018
1 9763523
1 3329123
1 7125248
1 2529509
1 7370420
1 9471603
1 3851411
1 6829199
1 6167694
1 9827147
1 7677672
1 9175482
1 7628584
1 4210485
1 1051225
1 2855703
1 2752753
1 3544548
1 8079130
1 8262679
1 7929754
1 8825626
1 9951463
1 3483268
1 6691959
1 3124721
1 2237436
1 4221355
1 492736
1 7500175
1 9655250
1 7267133
1 9034350
1 2385548
1 5487317
1 128834
1 2939634
1 6713546
1 6633548
1 9376639
1 8950411
1 8310347
1 9891396
1 4363809
1 2020986
1 3447510
1 135688
1 1176680
1 9653542
1 6550911
1 8588416
1 9711790
1 2096718
1 4211698
1 6623499
1 8983952
1 6784308
1 3585151
1 9686532
1 8934490
1 5158832
1 2911655
1 8468763
1 4521624
1 3149442
1 8447993
1 2149028
1 8117262
1 1045676
1 4882062
1 2866098
1 1930282
1 4424489
1 903765
1 7442504
1 9329433
1 7874463
1 973506
1 1954956
1 6034414
1 9142962
1 2583137
1 9830169
1 7732667
1 1221617
1 4265181
1 6598426
1 9253037
1 4794487
1 19227
1 6211847
1 2369762
1 7330269
1 9417588
1 721409
1 9088700
1 5461380
1 8797910
1 2095779
1 8153971
1 3093091
1 4805350
1 8685550
1 6647718
1 7786289
1 1772211
1 5264316
1 858971
1 6173071
1 1688505
1 1126420
1 4270617
1 673094
1 7431518
1 9925074
1 5222696
1 2488836
1 392500
1 482208
1 5821664
1 1454479
1 2554077
1 3254019
1 3784455
1 1172276
1 2652493
1 4699019
1 5278111
1 5351629
1 6072114
1 4534023
1 4547045
1 9262740
1 4004856
1 1239455
1 3693448
1 5170358
1 353042
1 3117765
1 2059607
1 1592936
1 6025895
1 2224327
1 6893068
1 8754667
1 8142903
1 1423437
1 8076526
1 71965
1 4536659
1 1334972
1 1477124
1 7028947
1 7754397
1 9731972
1 2273255
1 5835749
1 5034928
1 5553755
1 4236956
1 3999361
1 1692115
1 3742682
1 7586857
1 1670248
1 9031336
1 3047365
1 130209
1 8740281
1 8158052
1 555606
1 4576750
1 8938370
1 2622776
1 6144445
1 8408490
1 755926
1 9010018
1 6783148
1 7273461
1 3246316
1 5061299
1 3170790
1 6752267
1 4137705
1 7540238
1 824219
1 9868609
1 4931500
1 3626586
1 8144228
1 9986320
1 7271889
1 3051651
1 7337590
1 9247084
1 7823787
1 5359155
1 1894300
1 1400312
1 5683798
1 5361189
1 2731794
1 9039116
1 5807961
1 4508663
1 1912941
1 794242
1 9053388
1 8461568
1 4786445
1 2787598
1 6502163
1 1511955
1 9264376
1 5910121
1 5551553
1 7222581
1 2799876
1 4784908
1 6691388
1 729288
1 7741160
1 5002275
1 2877505
1 2174885
1 9829965
1 2418986
1 6706957
1 5705547
1 1576628
1 7053392
1 2936183
1 9727498
1 381134
1 9547156
1 3915325
1 2383290
1 8825150
1 4658883
1 5411400
1 9106591
1 8744189
1 8072370
1 9403284
1 9336448
1 5138400
1 2348698
1 3987344
1 1191652
1 2907086
1 1657263
1 6461731
1 1158039
1 9358926
1 1287586
1 8068918
1 3598601
1 8315857
1 8325015
1 222815
1 4381027
1 1841956
1 838716
1 3184859
1 5475872
1 9108673
1 6016006
1 1030721
1 9284357
1 8015140
1 5849683
1 2152986
1 4394135
1 5064505
1 5863804
1 55439
1 9087554
1 685465
1 2887194
1 6426015
1 154321
1 7672556
1 5537989
1 5036641
1 3275432
1 5817192
1 927651
1 3681565
1 4994309
1 1475593
1 2177453
1 3407509
1 594667
1 1430199
1 2188458
1 9224284
1 3531775
1 2574822
1 6903043
1 3641930
1 9144170
1 6551242
1 545437
1 7614838
1 8971943
1 3585688
1 8749845
1 8447443
1 9093279
1 8284538
1 9247518
1 3016497
1 5023685
1 6219121
1 5137378
1 5550241
1 2327983
1 5620151
1 3547253
1 7672681
1 1113918
1 8609643
1 7209311
1 7490221
1 713668
1 1473190
1 9645863
1 5738961
1 2783101
1 2117820
1 9749200
1 1891124
1 3966890
1 8630684
1 4964474
1 5348468
1 9351536
1 3340911
1 6016853
1 590810
1 9189022
1 7667589
1 7070013
1 9098207
1 1317169
1 8826327
1 8094680
1 6536887
1 651257
1 2667808
1 8262520
1 9503906
1 8520341
1 3039798
1 5453087
1 8515520
1 1111068
1 3071017
1 2658983
1 4142442
1 7807308
1 8156579
1 8586722
1 2809917
1 8623566
1 9206228
1 8167231
1 1136435
1 6262895
1 8831838
1 4583197
1 780692
1 4622342
1 9167996
1 5662252
1 4338072
1 4533900
1 4277997
1 6190486
1 1099118
1 7335414
1 1917852
1 3416599
1 1900143
1 3318996
1 8979641
1 332977
1 1637647
1 3902894
1 4184772
1 8796887
1 4456977
1 7974050
1 4447434
1 5262835
1 2139592
1 1804187
1 3858941
1 4440764
1 4896865
1 9694492
1 2472886
1 1261153
1 4237719
1 3859707
1 2548668
1 166727
1 24664
1 6594177
1 4868979
1 3945847
1 2182822
1 7823052
1 4180839
1 1823470
1 754904
1 2466709
1 5456795
1 6931279
1 9870369
1 6634230
1 1828652
1 6994831
1 1265875
1 9428761
1 136497
1 3619490
1 7209893
1 3959866
1 9442420
1 9929611
1 4912838
1 3936958
1 9315826
1 4572619
1 1234395
1 9350354
1 7476566
1 1282037
1 2400745
1 3041867
1 7880649
1 5873569
1 7328999
1 8516044
1 5090124
1 9404673
1 1976028
1 5308806
1 632738
1 5399958
1 2420285
1 4293732
1 3616104
1 7816862
1 7290493
1 2313893
1 5695117
1 1176401
1 19996
1 5193711
1 2019942
1 3968782
1 7926892
1 8587947
1 7205087
1 1593254
1 5372005
1 3885722
1 131275
1 7983864
1 4596316
1 4284441
1 3054264
1 3985923
1 2061484
1 8551559
1 8316874
1 366253
1 9213625
1 1517859
1 1832985
1 8030985
1 2506279
1 3279726
1 8609962
1 7339467
1 1797666
1 9315026
1 6908439
1 5392994
1 718801
1 6147997
1 5764903
1 2005793
1 265043
1 3999635
1 2822470
1 622748
1 4234924
1 5692912
1 6287612
1 6601536
1 6871948
1 9684653
1 9636457
1 4965035
1 43284
1 9430447
1 2559867
1 6894602
1 548134
1 6789493
1 2649831
1 8769230
1 860785
1 1915298
1 1546190
1 2583278
1 1991553
1 5624894
1 8837155
1 9329680
1 4164053
1 3959018
1 2488606
1 3069751
1 2662229
1 7990481
1 2876749
1 9126936
1 4139800
1 4656773
1 5142422
1 8719491
1 8089642
1 5740274
1 2796471
1 7564470
1 4469023
1 156978
1 5865456
1 8436177
1 9976038
1 1990308
1 841014
1 5487091
1 2263945
1 7411318
1 2831283
1 8623965
1 5320141
1 3831212
1 9895543
1 5297944
1 3153359
1 7017577
1 9149641
1 6154863
1 5343251
1 2033884
1 1914804
1 1257575
1 9331764
1 8897505
1 3229670
1 7226688
1 694701
1 7161992
1 1472009
1 2509642
1 3989331
1 7134904
1 2184058
1 8723918
1 2463657
1 7676548
1 2460580
1 2566607
1 3751152
1 9100808
1 2101775
1 6617538
1 4052069
1 9478300
1 9386559
1 3188053
1 575549
1 7357750
1 5455215
1 230519
1 543924
1 1468218
1 857783
1 7837313
1 3655632
1 5240168
1 605196
1 8893246
1 9378303
1 136337
1 9703192
1 2281332
1 6097814
1 2247518
1 8182818
1 2618887
1 1771102
1 231776
1 2311246
1 8669857
1 6435088
1 5465472
1 3780613
1 9492008
1 960599
1 39041
1 657249
1 6334527
1 7539485
1 4871598
1 1597610
1 4007912
1 7901314
1 5188539
1 7821907
1 7972189
1 394134
1 6827419
1 4903701
1 4025337
1 7743304
1 1782514
1 3220735
1 3356125
1 3144771
1 3133155
1 9942131
1 9210803
1 592964
1 8942153
1 8624502
1 578300
1 6816106
1 7382220
1 4891701
1 6786471
1 9793455
1 4882198
1 5363439
1 2199342
1 341301
1 3841196
1 8072056
1 9273034
1 3326260
1 2193753
1 5586996
1 2760325
1 4554433
1 6474192
1 6791626
1 5347486
1 1203994
1 8351331
1 3585834
1 7643359
1 5834108
1 9779900
1 8312421
1 6530942
1 3132527
1 2518574
1 5291710
1 9618909
1 1385912
1 487575
1 7409719
1 6296813
1 8915067
1 931638
1 9678107
1 4887063
1 6371315
1 9902160
1 2502209
1 9282972
1 6170177
1 2343895
1 3491580
1 5041618
1 7398103
1 9143165
1 7501054
1 2249974
1 6705364
1 8537293
1 8564824
1 5513608
1 460508
1 5746633
1 5432662
1 8592483
1 3845966
1 5818342
1 4702332
1 5761517
1 4915576
1 2618184
1 2732803
1 1108807
1 7861138
1 3145110
1 4131628
1 6703910
1 9831314
1 2642573
1 362011
1 8695623
1 3805898
1 7503304
1 1545962
1 3947296
1 1353460
1 7477806
1 788572
1 1937956
1 1757154
1 8331505
1 7724367
1 9070041
1 5388881
1 5023189
1 1040119
1 130262
1 9371318
1 1027607
1 9977197
1 3465790
1 7787026
1 540571
1 3488158
1 5943964
1 4914646
1 9688740
1 2362672
1 8096512
1 8512618
1 6308991
1 3040951
1 1669594
1 8267237
1 6318143
1 5756653
1 3013085
1 8611734
1 2011428
1 4431423
1 8400576
1 1899732
1 4196900
1 1877319
1 4274293
1 8050700
1 1157310
1 9962510
1 3167418
1 6521647
1 8665230
1 887199
1 885930
1 7352513
1 6011595
1 4715881
1 1306490
1 5072565
1 5116768
1 3459301
1 5449102
1 6098263
1 4565585
1 6545832
1 5675734
1 9004179
1 5561633
1 7967671
1 5892063
1 7757873
1 6316960
1 8576578
1 3088420
1 3189926
1 3944926
1 4656696
1 4881145
1 7773043
1 2445566
1 4210558
1 5567043
1 8887648
1 9211414
1 1565296
1 2425234
1 2436610
1 3341071
1 4533614
1 6698555
1 8086262
1 3223987
1 7358935
1 4188058
1 7824883
1 4496876
1 8019834
1 5310950
1 4368366
1 1694149
1 7586528
1 5280644
1 5292611
1 8887048
1 6094221
1 438043
1 1090043
1 8917019
1 5539776
1 7345621
1 5288315
1 7956401
1 44429
1 9070592
1 5504746
1 7132529
1 3350188
1 6546801
1 3424763
1 6154698
1 8507636
1 1007920
1 5827476
1 4485886
1 5723022
1 2681662
1 167332
1 9895134
1 4322367
1 8614215
1 6683138
1 5309828
1 200323
1 9603213
1 2100877
1 6579678
1 679667
1 5097384
1 2276274
1 6552770
1 6537257
1 7416879
1 2526346
1 5457724
1 7137896
1 8891311
1 4226216
1 6806197
1 1060644
1 9287640
1 4497607
1 7042511
1 5052610
1 22105
1 1265731
1 7507619
1 2953048
1 1616577
1 9781826
1 3001365
1 5283032
1 3026751
1 9075133
1 9062230
1 2650462
1 9509279
1 4196073
1 9935237
1 888984
1 6263919
1 5131932
1 9460579
1 9991255
1 4689532
1 1485284
1 7225482
1 4456958
1 1528551
1 2208524
1 5362709
1 7471537
1 9748133
1 2229345
1 3726764
1 1809407
1 7084006
1 7165871
1 888430
1 4756729
1 8710366
1 7946803
1 2263742
1 669435
1 5056990
1 6460524
1 426097
1 8361326
1 7640461
1 893443
1 9346511
1 6409079
1 8636553
1 9064265
1 5395207
1 2647929
1 9846349
1 8761794
1 7524810
1 5388697
1 8736599
1 8924559
1 9275352
1 7109766
1 7692038
1 8897049
1 4932132
1 2117588
1 52972
1 3035236
1 8322643
1 5041659
1 2820706
1 1019022
1 1139215
1 778713
1 6533448
1 3732172
1 7607714
1 6587951
1 4888748
1 1323942
1 1774784
1 5484837
1 6230629
1 6494884
1 580543
1 539365
1 3480178
1 2923220
1 9359088
1 2529010
1 9088372
1 2574768
1 825275
1 461984
1 4739069
1 3571913
1 2862024
1 2027050
1 994520
1 3655347
1 3145419
1 5388639
1 9034075
1 5921456
1 7369084
1 2287663
1 8586344
1 930883
1 8994037
1 304567
1 8944867
1 3883765
1 2045181
1 8703055
1 4761832
1 8040149
1 382115
1 8717464
1 9335210
1 4128026
1 2202702
1 9418966
1 5917613
1 7985896
1 9139119
1 959410
1 2375992
1 1955971
1 314203
1 5754524
1 594453
1 9644677
1 9218452
1 5853941
1 2591848
1 482677
1 570921
1 9069345
1 2524946
1 2507940
1 1646793
1 1539337
1 2175189
1 2675309
1 9330956
1 6300735
1 5937430
1 5599444
1 2488508
1 493378
1 7042960
1 8027415
1 6742677
1 2027680
1 3042547
1 2893980
1 1556321
1 1127729
1 3446007
1 4859847
1 9762357
1 9125952
1 1730732
1 7462693
1 1609700
1 7950739
1 7981482
1 9709749
1 1268344
1 3131477
1 2141001
1 4456311
1 7363980
1 3975293
1 6793868
1 8427641
1 3826030
1 8284420
1 518979
1 419564
1 5366266
1 4098430
1 4412686
1 1201923
1 9760676
1 6506619
1 1646875
1 5436790
1 9738018
1 3515012
1 1650202
1 1572380
1 1348052
1 4044748
1 9508785
1 8529822
1 1973669
1 7754160
1 9594475
1 3101241
1 8580402
1 6455376
1 2217806
1 1644526
1 4152140
1 8355249
1 6260134
1 8132978
1 7596500
1 5672284
1 6171189
1 5242063
1 9042030
1 2026484
1 5753731
1 6652311
1 2652794
1 2636469
1 6390496
1 6200095
1 9956255
1 6547769
1 4790161
1 7124236
1 9714044
1 3366463
1 5058176
1 108975
1 4418707
1 3580855
1 4955184
1 6576101
1 9316376
1 41265
1 6928954
1 2037285
1 6413232
1 4669308
1 9092342
1 2271540
1 8495528
1 4817008
1 6581402
1 371651
1 2675474
1 5177245
1 8698099
1 889403
1 5416898
1 4900234
1 6052870
1 9087904
1 3570335
1 1261764
1 7434110
1 8851271
1 1278410
1 155274
1 1397733
1 3145517
1 9079259
1 5030753
1 4298329
1 6354788
1 6747156
1 2513179
1 1114415
1 1730367
1 9481575
1 7263058
1 911377
1 8981731
1 5330126
1 4173305
1 1061612
1 1147117
1 4895199
1 5751616
1 3036101
1 9251394
1 5783757
1 4295915
1 2143506
1 7045010
1 3607918
1 2236715
1 3970539
1 4668017
1 1832474
1 8277400
1 3019965
1 3236873
1 2492768
1 7086520
1 8967011
1 3682123
1 1979734
1 3330878
1 2308907
1 3533362
1 5832256
1 3899431
1 1462247
1 5241841
1 3772428
1 2180221
1 3972956
1 3983069
1 4564636
1 1475388
1 4409900
1 2730386
1 4877579
1 614528
1 3810494
1 3929536
1 4409848
1 8996045
1 1862612
1 4739539
1 1487701
1 9038190
1 2546078
1 9568798
1 6546028
1 2686863
1 1335741
1 7828156
1 4702738
1 2880071
1 1280743
1 763742
1 3114831
1 4289144
1 2357170
1 3550323
1 9639745
1 5811818
1 9366116
1 9997767
1 1208416
1 7312315
1 8830775
1 9406098
1 7967086
1 9903376
1 9393381
1 5008189
1 7105882
1 4208413
1 6893469
1 7948124
1 5236668
1 8760884
1 4894321
1 2595417
1 3175816
1 6223576
1 4607061
1 8339699
1 6780090
1 9881130
1 9443366
1 8432115
1 6566535
1 181646
1 9043019
1 6448545
1 8729223
1 9240268
1 8338329
1 3377268
1 7468704
1 5319528
1 264268
1 7800880
1 1719
1 7015935
1 245724
1 6210474
1 7025152
1 5206593
1 5728570
1 6391053
1 6604658
1 7983299
1 3384551
1 2438795
1 4887081
1 6424302
1 9356462
1 6967653
1 644403
1 9226139
1 3115268
1 8589690
1 989116
1 206903
1 1978881
1 9584273
1 4015243
1 6721900
1 6298504
1 8153967
1 4616239
1 9347099
1 2888237
1 9335606
1 2329656
1 4560223
1 9890426
1 6992916
1 5539591
1 4556495
1 5162603
1 5448382
1 4784578
1 4183961
1 1181419
1 1755100
1 5467722
1 7293852
1 6384670
1 9082657
1 88076
1 9165227
1 4808477
1 2167552
1 4806293
1 1133262
1 4235872
1 1464210
1 6188654
1 2406873
1 7218025
1 1457023
1 6663323
1 2598950
1 6834567
1 2138658
1 8360281
1 4188696
1 6911026
1 467907
1 1106093
1 2792136
1 8313311
1 3243415
1 506348
1 9553291
1 6947683
1 3817488
1 7052776
1 3581264
1 7699420
1 4759265
1 1918013
1 271249
1 6491057
1 6112752
1 379556
1 9667051
1 2678668
1 1517067
1 8228836
1 2655473
1 9720551
1 2104366
1 8157001
1 1170643
1 6501962
1 9414036
1 8140253
1 930512
1 746844
1 5729411
1 9098899
1 7611319
1 9266771
1 7496452
1 5284936
1 2595150
1 4504779
1 9953540
1 557011
1 9291483
1 3751888
1 5826532
1 2362111
1 2948764
1 5916746
1 38462
1 9265128
1 8611223
1 7074245
1 3850492
1 1001850
1 1818666
1 5535267
1 7193058
1 916135
1 8941944
1 5307126
1 2738566
1 4089865
1 9678181
1 845877
1 4493905
1 3064541
1 9768238
1 1680063
1 3453424
1 1963717
1 2411281
1 7844741
1 5324206
1 2037822
1 3712975
1 9787203
1 7540587
1 7936180
1 6854831
1 1089293
1 170016
1 5745118
1 2965673
1 2331263
1 3904440
1 6339882
1 2391012
1 3034227
1 2040342
1 4401873
1 5488877
1 3329665
1 577014
1 6706543
1 4274862
1 2527117
1 665317
1 1635602
1 7197408
1 2973387
1 5350732
1 1517219
1 84463
1 1229883
1 1278931
1 4262434
1 9033640
1 598902
1 6441576
1 2926306
1 1157981
1 6328226
1 8616501
1 5351060
1 759823
1 6249045
1 2687428
1 843837
1 127450
1 901789
1 2267158
1 3235346
1 5787092
1 4517857
1 92427
1 1987188
1 7293537
1 9532011
1 4946086
1 2099118
1 9299146
1 1819643
1 5317605
1 3437603
1 8489152
1 9136611
1 30381
1 9889080
1 1616962
1 4826282
1 8294201
1 3770212
1 7304431
1 3027716
1 8179681
1 5597702
1 5211545
1 7072942
1 1580475
1 3687828
1 8974778
1 11039
1 3646450
1 8727599
1 9415129
1 6189913
1 4491623
1 3726256
1 3225072
1 1915199
1 6402308
1 3241926
1 5237648
1 3185378
1 5686526
1 5087194
1 2105518
1 6401238
1 6912319
1 1962533
1 9499063
1 3190427
1 2998718
1 101450
1 5213089
1 9379467
1 8838171
1 2385447
1 3029124
1 4970679
1 7445846
1 1166226
1 425941
1 4214923
1 8679198
1 3112763
1 4155008
1 1194750
1 8287789
1 5480893
1 9359561
1 1961770
1 850863
1 5619688
1 3277247
1 6740658
1 269389
1 8531877
1 3217921
1 7620789
1 2183301
1 350948
1 4170592
1 8215635
1 6172385
1 5356973
1 7239165
1 6552458
1 5848582
1 6943702
1 2931490
1 8341764
1 2414437
1 1011100
1 4056647
1 2507566
1 5421615
1 8739081
1 3501973
1 75169
1 7093842
1 6778547
1 5710711
1 5772583
1 406049
1 1835823
1 1005065
1 3275418
1 3673737
1 6275552
1 3732648
1 1015407
1 9956465
1 4954915
1 2645988
1 4785539
1 779772
1 6177753
1 4282376
1 6427631
1 6105162
1 9248171
1 962279
1 3435692
1 3921584
1 9460588
1 4278396
1 4901342
1 4376523
1 3553798
1 8390262
1 2561289
1 4349804
1 3332590
1 8433787
1 8675139
1 1012371
1 257057
1 4605906
1 8281558
1 9342860
1 3969320
1 8535670
1 3022134
1 5461835
1 6235335
1 9555701
1 4919738
1 2785035
1 7056069
1 4777807
1 7869184
1 4780511
1 6938747
1 6108442
1 3085298
1 4751856
1 7791048
1 6162793
1 7412959
1 99627
1 5191365
1 6732937
1 4931549
1 1105772
1 6122029
1 7531689
1 4145068
1 8189499
1 5112613
1 8557795
1 5762669
1 6639437
1 2461270
1 6405390
1 288594
1 7398064
1 2379740
1 1535441
1 5686431
1 6007390
1 5669723
1 6004661
1 4519541
1 4233193
1 4704152
1 4558720
1 8049686
1 6671867
1 6552379
1 5927760
1 3035447
1 8906792
1 678927
1 3119202
1 2190419
1 5999773
1 9820525
1 1303543
1 758815
1 8087825
1 4519436
1 4421139
1 2264506
1 2111826
1 9069853
1 6052497
1 3415190
1 1780360
1 8005076
1 1485083
1 4012452
1 2140835
1 5842226
1 4597818
1 4251368
1 714523
1 6850392
1 6019816
1 169373
1 5466496
1 8577241
1 3140629
1 4169049
1 3009022
1 7818124
1 1460180
1 354818
1 5722723
1 47159
1 883649
1 6720606
1 4481815
1 4963149
1 6625208
1 7690569
1 9758259
1 4816472
1 6114292
1 8203445
1 7027094
1 9494622
1 4490834
1 4468266
1 2864965
1 7685040
1 6575370
1 6032001
1 4550918
1 167120
1 5409844
1 8611117
1 4187636
1 3153672
1 5746513
1 7889830
1 5768149
1 4174698
1 2482594
1 3057621
1 5953311
1 4626369
1 642546
1 4801754
1 7924501
1 4137351
1 7957260
1 3039429
1 6697025
1 2185875
1 7508273
1 5431689
1 2034445
1 1863787
1 3081655
1 318645
1 7686503
1 3647933
1 6180447
1 691012
1 8290394
1 4732195
1 9196480
1 6736943
1 4694886
1 2425462
1 6382220
1 8550366
1 4142612
1 350265
1 2803458
1 9713016
1 4454955
1 4574720
1 7640180
1 5183191
1 7262385
1 2479708
1 17742
1 3598566
1 4367851
1 3245699
1 9939435
1 6673
1 8407973
1 2718742
1 1013199
1 394100
1 4982597
1 8316449
1 3106206
1 3501198
1 2835629
1 1079901
1 4938858
1 2563125
1 3125457
1 4762094
1 5952988
1 7029046
1 5665535
1 5778606
1 3381575
1 991492
1 4698348
1 7035255
1 3900437
1 2162300
1 7349092
1 6540497
1 3006104
1 255425
1 2540572
1 9717200
1 1504916
1 3667516
1 7979735
1 453139
1 441040
1 8092877
1 6192947
1 6872161
1 9528046
1 5986558
1 7196023
1 849583
1 5058454
1 9545829
1 1690760
1 6691564
1 5605582
1 2799952
1 1276895
1 1891000
1 4495544
1 2292602
1 9621499
1 9488798
1 3960946
1 1808293
1 1369024
1 1118714
1 7477096
1 260432
1 3344962
1 6545
1 5440130
1 9966531
1 9619088
1 4818386
1 7074643
1 2037291
1 6137045
1 2287535
1 8831664
1 6134867
1 3491845
1 4569407
1 8660373
1 869779
1 441376
1 1692344
1 3059013
1 5884318
1 9806169
1 8542095
1 1692518
1 210052
1 8897015
1 2143531
1 5220458
1 1550327
1 7232417
1 387522
1 1175132
1 4238117
1 8525617
1 8198412
1 3855052
1 9457955
1 9598563
1 9109323
1 5679106
1 5800808
1 4026011
1 787037
1 4350920
1 4643413
1 1531249
1 6854932
1 8782418
1 6222581
1 3755904
1 1994995
1 6380522
1 9477912
1 6776790
1 4679176
1 8784138
1 4271982
1 6243362
1 550028
1 49812
1 9839705
1 1341212
1 5368226
1 3246679
1 3362124
1 2750965
1 5205729
1 3406313
1 8443479
1 5276144
1 6801769
1 5044912
1 6787563
1 3873248
1 5193311
1 2800333
1 6998672
1 8296467
1 2726309
1 8356872
1 7010536
1 6842017
1 5566617
1 6037718
1 1280539
1 4922055
1 4395804
1 1240775
1 4191042
1 2254516
1 7459273
1 2484579
1 6924503
1 5661327
1 6949822
1 5569214
1 2954078
1 3732576
1 3254468
1 4801439
1 8937117
1 7105513
1 1994023
1 9601600
1 6290945
1 5690893
1 8095315
1 6975953
1 5258531
1 379983
1 5244888
1 1726220
1 6005692
1 183303
1 9038402
1 7744182
1 4736506
1 9763537
1 4392466
1 6009124
1 5917381
1 9086787
1 554969
1 1523549
1 159522
1 5481153
1 6042793
1 6292362
1 9693209
1 7851279
1 3463846
1 9349475
1 3600097
1 5709169
1 9969081
1 664256
1 3565444
1 2835039
1 8768789
1 7642922
1 9821858
1 9098146
1 9417751
1 6631001
1 3248129
1 8907543
1 4666742
1 6179509
1 6217949
1 5368404
1 6939099
1 3564788
1 25631
1 246982
1 2372055
1 6495720
1 1010674
1 8854448
1 1687805
1 6313938
1 5179212
1 828159
1 67
1 9268620
1 7267777
1 8295655
1 1037025
1 6725409
1 4823934
1 9125096
1 1608318
1 6837220
1 1319203
1 9468486
1 1524403
1 1383582
1 3665730
1 5143975
1 1971014
1 1049831
1 683934
1 4624133
1 9511122
1 4783846
1 8756222
1 8781961
1 4599778
1 9892082
1 4756402
1 8571770
1 6650684
1 8952661
1 3189920
1 5141671
1 1122996
1 2992712
1 5754981
1 415233
1 6320337
1 9676386
1 3123982
1 8043707
1 4285910
1 1649469
1 2799017
1 1862219
1 5477442
1 2372545
1 6653733
1 2695713
1 8700653
1 1718898
1 1758838
1 8457688
1 2624205
1 9260765
1 5827017
1 1796229
1 2427034
1 5279091
1 6539519
1 4803421
1 2594489
1 7869653
1 9317569
1 5974285
1 1400818
1 5161229
1 5275313
1 4374735
1 1986379
1 3610997
1 9093069
1 5233756
1 5383218
1 6458068
1 325191
1 9910967
1 6668414
1 3043224
1 8563433
1 2542608
1 3677853
1 2252798
1 3271650
1 7736322
1 9995925
1 3665344
1 2538625
1 5601190
1 64451
1 6539975
1 1609523
1 6849120
1 3350035
1 4960321
1 8899263
1 4730868
1 7151526
1 3487047
1 4585858
1 9509914
1 4903161
1 4661837
1 5972680
1 2564268
1 9882761
1 4649952
1 9077150
1 574765
1 5100341
1 5180081
1 7059631
1 4641793
1 5443908
1 3395123
1 2685916
1 1343838
1 8961524
1 644599
1 1342355
1 8330920
1 6386234
1 924916
1 3428439
1 2507556
1 1744160
1 2867035
1 3283496
1 4901782
1 6258178
1 4361735
1 2419361
1 3889868
1 8284418
1 1298021
1 5082061
1 6910313
1 2501554
1 8079352
1 8727149
1 8955879
1 8393952
1 5100359
1 7987375
1 2860721
1 2794235
1 7447189
1 5766089
1 7077394
1 9962851
1 6348643
1 4989385
1 5845722
1 5857765
1 9938980
1 9028005
1 8484693
1 7454957
1 3183744
1 6286837
1 7450584
1 1253559
1 7452069
1 4038425
1 1680069
1 6713501
1 4866960
1 9586015
1 4355165
1 2730950
1 4619337
1 4239556
1 2174803
1 5915710
1 8904783
1 2626760
1 9475431
1 8558412
1 3957858
1 162485
1 7571858
1 5066651
1 1019412
1 6148984
1 3365141
1 6252248
1 1034671
1 2611378
1 4041442
1 1009935
1 3845323
1 4055393
1 7652828
1 7702854
1 9653919
1 1264668
1 6134549
1 5106341
1 3115447
1 3043068
1 7676094
1 8781109
1 4291225
1 6177115
1 8025750
1 4156474
1 8057104
1 1439536
1 3823300
1 1665224
1 3435975
1 1325704
1 7185004
1 7382776
1 3096448
1 1169536
1 9972876
1 747856
1 2165732
1 4478804
1 8816636
1 2949618
1 9055734
1 5571541
1 4778336
1 2731240
1 4256448
1 9263087
1 9870545
1 8332665
1 6339534
1 4189274
1 7927240
1 9194347
1 5697707
1 1920093
1 3785834
1 1292114
1 3985076
1 5789830
1 5126491
1 932037
1 3621266
1 7744566
1 32526
1 1171994
1 8154646
1 1797903
1 6445478
1 255288
1 3395484
1 6813785
1 5591970
1 5960079
1 7741672
1 8539295
1 4063932
1 4868518
1 5419257
1 6724263
1 2955874
1 3947448
1 8385148
1 3039569
1 3802506
1 6938898
1 3116155
1 2844861
1 3124138
1 7067893
1 6775862
1 4425129
1 6827471
1 5392027
1 9477150
1 6920780
1 3679234
1 4675555
1 2237747
1 6872385
1 8598363
1 8459773
1 2954896
1 824541
1 1430597
1 2706747
1 9758614
1 8986176
1 7113320
1 9783380
1 2377687
1 1659739
1 2957106
1 9826629
1 853007
1 7431985
1 7942452
1 2506350
1 3339489
1 723398
1 93849
1 1833136
1 9292304
1 2105392
1 3717274
1 4267228
1 624826
1 7895976
1 2161249
1 2215206
1 1620635
1 1370334
1 791827
1 5892558
1 9040182
1 1743260
1 8807048
1 2778129
1 9670211
1 559913
1 1200344
1 8830157
1 7777982
1 9201367
1 7128668
1 559852
1 6838113
1 8929133
1 3253493
1 3572375
1 5114269
1 923347
1 4593460
1 1724797
1 9834183
1 1219288
1 9815936
1 8332709
1 2255659
1 2358219
1 7954610
1 5247197
1 9562631
1 2241452
1 9720382
1 6728481
1 3024084
1 8587843
1 8977233
1 2273789
1 1860098
1 7402432
1 3107074
1 9455676
1 902056
1 3488721
1 3511251
1 577377
1 9935911
1 2444492
1 412744
1 3801148
1 1831595
1 9857593
1 2898168
1 9801219
1 2817172
1 4013441
1 18083
1 8501734
1 8725519
1 7841223
1 448790
1 576614
1 7834678
1 887054
1 6401984
1 4969735
1 2735673
1 8961622
1 2387063
1 5024049
1 6182257
1 9506480
1 7849798
1 1918045
1 615430
1 2767716
1 8958686
1 5570645
1 6955162
1 6092062
1 6954819
1 8530390
1 11135
1 6321347
1 6098099
1 7558801
1 8437702
1 1942617
1 2974662
1 4658321
1 6032969
1 7159131
1 1393085
1 1715727
1 2744170
1 1708062
1 5576676
1 8579654
1 9882289
1 9223156
1 9833968
1 992807
1 9423692
1 43137
1 3493176
1 7736994
1 9378628
1 824711
1 1885912
1 8944829
1 8486850
1 8874599
1 7494276
1 7406627
1 4573096
1 6162326
1 1780974
1 7928910
1 301073
1 8690107
1 6538594
1 722718
1 1336106
1 9140118
1 7990255
1 5855620
1 8725989
1 3539994
1 5374846
1 1862265
1 6353103
1 430963
1 6127404
1 4679456
1 4388143
1 9279676
1 6877146
1 3111363
1 4355221
1 9203360
1 7874541
1 622097
1 9232665
1 7964064
1 6081934
1 8355137
1 2033583
1 2797178
1 8735927
1 5619565
1 3578504
1 2991055
1 4831321
1 9148925
1 3555090
1 1491743
1 781852
1 394723
1 6239966
1 6989704
1 145516
1 5247666
1 6550708
1 6175700
1 3986300
1 7666381
1 4117308
1 1166255
1 6798959
1 5959243
1 9384149
1 555798
1 3123826
1 2782874
1 7589576
1 6027272
1 7732474
1 9674140
1 7630084
1 5561727
1 8502661
1 8796328
1 6937005
1 1543260
1 2005256
1 6771605
1 9670549
1 9860765
1 331000
1 4904234
1 8066406
1 9125775
1 1911465
1 4506459
1 8436410
1 1196371
1 675874
1 3330502
1 2730432
1 9328251
1 6936718
1 3764222
1 2890800
1 7837420
1 4363222
1 2378984
1 9893318
1 388722
1 6292785
1 1363949
1 6913811
1 8267067
1 8591937
1 5474356
1 3389623
1 8184688
1 8398509
1 6023235
1 617055
1 9697281
1 7621254
1 4109308
1 1909425
1 7206370
1 5563198
1 2148641
1 8647285
1 7877099
1 6727703
1 3797983
1 2899813
1 6290414
1 387341
1 3062421
1 9293564
1 1784715
1 2255098
1 2845815
1 5111759
1 3389827
1 3066649
1 7835042
1 1452325
1 5959647
1 5679243
1 2833042
1 7069611
1 3739694
1 8028953
1 4158764
1 5944898
1 3964779
1 6945459
1 5398938
1 695369
1 5123172
1 7748020
1 1912879
1 2081447
1 8432527
1 6587081
1 2233886
1 6492620
1 4983492
1 8558288
1 7893913
1 1510383
1 8644727
1 8602102
1 9383977
1 8428486
1 4284002
1 2033390
1 7466608
1 1703391
1 8251321
1 2776453
1 484288
1 4147129
1 2033739
1 8559749
1 8136438
1 9626104
1 427549
1 786265
1 4419699
1 7068188
1 1420950
1 2094863
1 4443272
1 6364786
1 2694908
1 2900690
1 7085902
1 7379457
1 1295926
1 6322343
1 53119
1 8632640
1 4458039
1 1480778
1 7717902
1 3766579
1 5508266
1 4368488
1 9764661
1 1395308
1 8192260
1 542100
1 6209662
1 9289695
1 3867072
1 194500
1 8603427
1 2994628
1 9533364
1 436939
1 848421
1 939495
1 4253917
1 734342
1 4264908
1 6514104
1 8440742
1 6076423
1 9252252
1 5506963
1 8253141
1 1407065
1 6819948
1 5222792
1 8165550
1 6021770
1 3996444
1 7004791
1 9854297
1 3901716
1 9686653
1 5633225
1 6828678
1 1516811
1 4521172
1 9159022
1 9432286
1 1688033
1 2768778
1 528177
1 7475473
1 9034745
1 1654628
1 9631193
1 4469543
1 7163810
1 4188117
1 7108692
1 5466264
1 8486393
1 276514
1 9581127
1 6404531
1 4375618
1 4398383
1 5044405
1 6216011
1 1772403
1 8304253
1 4331763
1 8353197
1 2395349
1 1984476
1 6921047
1 7957960
1 5239676
1 226005
1 9017905
1 9052798
1 1929629
1 7102312
1 4209183
1 5306926
1 8970663
1 8817035
1 7623101
1 2671752
1 437338
1 5152051
1 5906544
1 7750238
1 1110880
1 4368180
1 2460992
1 6350900
1 2531417
1 1149
1 4799061
1 1677618
1 445585
1 5247172
1 1832336
1 6231456
1 5669767
1 174922
1 6167027
1 8813125
1 1077841
1 2378262
1 128815
1 8106014
1 6666989
1 3690833
1 2972547
1 5371083
1 135459
1 307562
1 4291582
1 8104248
1 6450688
1 3857697
1 408682
1 6648317
1 1221135
1 2141229
1 2455094
1 7184401
1 8477042
1 652276
1 180616
1 8772095
1 5970290
1 2836893
1 5660157
1 4595998
1 2754663
1 6732997
1 9521363
1 6395619
1 5708350
1 536939
1 601039
1 4952885
1 8313136
1 6571355
1 8862081
1 5819679
1 1232189
1 6070348
1 5437018
1 6686003
1 9856277
1 3597904
1 3449211
1 9425923
1 5530315
1 3422121
1 8495051
1 3279289
1 8800035
1 7874483
1 5131114
1 8280338
1 7966107
1 6092825
1 5816459
1 8277673
1 2449996
1 4076743
1 3404859
1 7701468
1 5568449
1 556364
1 9303705
1 8480497
1 6905684
1 9392057
1 6177995
1 161282
1 3849336
1 5418071
1 1705142
1 6937117
1 6552678
1 1908041
1 3358923
1 991255
1 5554838
1 1528631
1 2873886
1 3987768
1 6244851
1 6176596
1 1208643
1 1599997
1 969883
1 128052
1 4737983
1 6507670
1 6312184
1 4467772
1 3072542
1 8954325
1 1604373
1 7292009
1 5472038
1 4332140
1 3890167
1 5244695
1 5525416
1 5397857
1 4436312
1 6439395
1 117135
1 8787319
1 9205792
1 5745652
1 588807
1 6963492
1 7346671
1 9590519
1 1537076
1 3159037
1 9366047
1 9027041
1 5976010
1 5079730
1 2863627
1 3947985
1 5590898
1 4421640
1 2034112
1 6796633
1 8387511
1 6605611
1 7601948
1 6055153
1 9774772
1 4442283
1 7782904
1 8797122
1 4314181
1 1889467
1 6523968
1 3968282
1 7420582
1 8552091
1 8397067
1 9637225
1 5146583
1 8161023
1 7979800
1 2676295
1 7067018
1 8147333
1 8703902
1 9112577
1 9504432
1 2266755
1 6301547
1 404002
1 4145769
1 4954525
1 230075
1 8450137
1 1351935
1 5958351
1 6592405
1 2846367
1 7679254
1 2617590
1 5474380
1 3536179
1 2276574
1 5079954
1 6822187
1 8094256
1 9713088
1 5530807
1 3374580
1 2419070
1 1427200
1 145287
1 1554114
1 8436926
1 9147204
1 6879404
1 4878146
1 8825465
1 7193172
1 2298568
1 4133213
1 5554621
1 6620728
1 8132871
1 9244518
1 2068389
1 7495250
1 8744513
1 3222893
1 9628562
1 6882407
1 1548737
1 7501350
1 2452451
1 7722507
1 7267734
1 7217806
1 9286399
1 1955892
1 1671551
1 9519690
1 5315225
1 5471325
1 570638
1 703193
1 8988304
1 6325775
1 2114255
1 546422
1 186518
1 5807569
1 837587
1 5460735
1 3344833
1 678880
1 2721574
1 2350137
1 7119500
1 9991906
1 6463405
1 8364049
1 8144619
1 9898978
1 5009835
1 8660841
1 4839595
1 5174779
1 9097741
1 9537239
1 2999402
1 7475923
1 656510
1 4769454
1 9557957
1 5978424
1 8007997
1 681106
1 8241292
1 7058355
1 5246765
1 3668777
1 2060765
1 3438949
1 8292872
1 7655555
1 2691451
1 6902814
1 9746854
1 9921401
1 1778517
1 1861195
1 1345975
1 1129068
1 3929771
1 8147953
1 8944870
1 5991001
1 3418633
1 8764369
1 2966212
1 2686097
1 1353749
1 4078051
1 1101471
1 4647169
1 611704
1 7333586
1 4354514
1 6457949
1 7976868
1 6508794
1 1052183
1 9423586
1 8205754
1 8882576
1 7319301
1 6270549
1 5013286
1 5090421
1 8608846
1 8325896
1 7007988
1 8154378
1 631388
1 5799457
1 470916
1 5334868
1 7681043
1 9854657
1 7907201
1 6987633
1 5015802
1 6111798
1 8039739
1 8570055
1 1518196
1 2826207
1 4925057
1 7163783
1 9176972
1 4059776
1 3003354
1 7506063
1 9693501
1 1927987
1 6133141
1 6038221
1 7596301
1 6208616
1 7647844
1 613378
1 4280056
1 7396176
1 2607609
1 4632201
1 1052689
1 4007883
1 542313
1 3574000
1 2146367
1 6976524
1 1758410
1 7018798
1 2804779
1 1500716
1 6563561
1 6901031
1 214811
1 2354300
1 3098136
1 7491375
1 1292386
1 2931912
1 6302859
1 384598
1 7887293
1 641157
1 4427342
1 4824096
1 111644
1 248820
1 1400217
1 9969360
1 4338823
1 1456551
1 7545355
1 418145
1 5842668
1 1414182
1 6171717
1 6736379
1 8141181
1 732199
1 4755271
1 7951910
1 2972234
1 9571451
1 8465480
1 5567305
1 1517002
1 8669517
1 5293128
1 23094
1 4906521
1 2309115
1 2719746
1 4819248
1 4926252
1 9443698
1 8008503
1 8750794
1 245697
1 269645
1 1443772
1 961364
1 1531860
1 5522027
1 7839376
1 2269775
1 9278948
1 3881626
1 2678516
1 1467943
1 2418648
1 2541935
1 4229957
1 1560608
1 8419971
1 5814124
1 3932889
1 1414747
1 1619009
1 4063398
1 6290800
1 4801204
1 3546090
1 5595931
1 4875445
1 1655616
1 4243316
1 584039
1 3659855
1 6305125
1 1706123
1 708299
1 7690538
1 3690205
1 4458384
1 7107923
1 3115579
1 8561595
1 156836
1 9583279
1 5278776
1 3068463
1 445738
1 6684411
1 1236673
1 5516378
1 9828423
1 1993016
1 8967307
1 598449
1 4762397
1 6151892
1 1582642
1 1645173
1 1955651
1 3666494
1 9279611
1 4113466
1 558954
1 402537
1 1229386
1 74498
1 2213426
1 3899296
1 1258260
1 4518800
1 2141353
1 4599870
1 1820903
1 9881074
1 6203643
1 5082804
1 162541
1 5587445
1 7288086
1 9878756
1 5381136
1 8621683
1 8206342
1 9976835
1 6028503
1 9829000
1 3448796
1 8951868
1 4243130
1 2187985
1 8387267
1 7500928
1 5164766
1 137184
1 4391877
1 9848403
1 5182721
1 6847783
1 7067152
1 6544941
1 2609799
1 3882867
1 8714762
1 9871890
1 4908122
1 3862938
1 2305823
1 940118
1 5170707
1 3243484
1 6674728
1 5895427
1 7457214
1 2317185
1 1255888
1 4750013
1 8321706
1 7168345
1 4533105
1 3930047
1 1608387
1 9024301
1 8385895
1 3262499
1 1176449
1 9116440
1 7835609
1 3408901
1 29742
1 3629323
1 6483456
1 3953486
1 2330245
1 589640
1 4940837
1 9009543
1 3209072
1 4813958
1 5760039
1 2519434
1 5897041
1 786207
1 9032987
1 5817992
1 2287935
1 9201926
1 7644876
1 7461031
1 1953000
1 1169747
1 7164348
1 3012518
1 5332408
1 6260539
1 9863087
1 9001251
1 7364190
1 1877537
1 4147164
1 2611054
1 3678194
1 3243892
1 1390316
1 1542867
1 8355677
1 5254924
1 3832704
1 6469090
1 6551411
1 9803879
1 6233901
1 6737186
1 484994
1 4046107
1 6456265
1 941724
1 2874869
1 6523869
1 3614435
1 1590435
1 6134122
1 198273
1 6022168
1 951761
1 2571180
1 7991000
1 1144383
1 368558
1 1864792
1 9360842
1 6705845
1 8433145
1 241102
1 5423491
1 8625865
1 4719448
1 1021074
1 3167193
1 9479425
1 780267
1 686501
1 5146497
1 7249266
1 2247928
1 4495745
1 12837
1 2481471
1 4348206
1 3135968
1 9512595
1 5375211
1 8517798
1 7616545
1 5424870
1 9798721
1 9250576
1 6022984
1 387608
1 7204665
1 3873100
1 7917638
1 252784
1 8145803
1 4999318
1 4937933
1 5033554
1 1018237
1 5465522
1 2612812
1 5627760
1 5299316
1 4804706
1 6288292
1 231502
1 2801040
1 7492377
1 6001549
1 4733512
1 3610628
1 6979158
1 7818631
1 137052
1 4503113
1 2155615
1 5632726
1 8001067
1 828931
1 2539541
1 9451342
1 6725350
1 6148581
1 6592009
1 9191328
1 8072847
1 3758198
1 4155912
1 80947
1 8291809
1 9410539
1 4882471
1 8105065
1 1777393
1 2659796
1 9401237
1 3225647
1 7689909
1 770479
1 5491298
1 975355
1 6568023
1 3101173
1 1574635
1 3695953
1 7809664
1 8155582
1 3834572
1 387565
1 6224150
1 5217651
1 3363743
1 939308
1 271500
1 6911642
1 312020
1 7943177
1 2911556
1 6467920
1 3777418
1 6163030
1 6243318
1 9309652
1 6317238
1 4079170
1 7410083
1 8544342
1 2489618
1 2646713
1 6196461
1 2111405
1 5756005
1 8941189
1 9696663
1 3460604
1 6565817
1 6183157
1 3986792
1 7456153
1 1225399
1 6886684
1 6223697
1 8381849
1 2865390
1 6222006
1 2057057
1 8909156
1 4271115
1 3240784
1 4794038
1 6188876
1 1229904
1 2113256
1 9590231
1 1546964
1 4789792
1 4486761
1 5855349
1 4860564
1 7960479
1 5301673
1 2177234
1 7848191
1 8960653
1 7165881
1 7234279
1 102418
1 7578107
1 7090938
1 149723
1 4615630
1 4394131
1 9327554
1 8999664
1 1524990
1 6799944
1 4677576
1 2779434
1 9159179
1 4813637
1 7464822
1 4712181
1 8614257
1 1480408
1 32104
1 265626
1 1662919
1 4518942
1 8071388
1 6614517
1 9784495
1 2802771
1 9642791
1 7981620
1 3193569
1 5238632
1 5535953
1 6828422
1 2412550
1 1191327
1 5648211
1 5799405
1 2721740
1 6237874
1 5853953
1 577811
1 9331577
1 8574492
1 7896707
1 288272
1 7397072
1 5324224
1 5291461
1 4115513
1 6524886
1 2057517
1 4451380
1 7437616
1 9819892
1 3527614
1 1830262
1 3869292
1 845728
1 267618
1 6100947
1 187217
1 8475317
1 5888318
1 721190
1 4959515
1 4007277
1 583573
1 9312842
1 6262435
1 7675025
1 9161720
1 4177143
1 1191137
1 1859369
1 9796007
1 1281702
1 7529839
1 2368011
1 1262268
1 4878304
1 2482019
1 3344805
1 3489764
1 3619648
1 7389434
1 5369916
1 8230899
1 9909918
1 6168908
1 1230276
1 5404800
1 7816680
1 9448138
1 1727167
1 9275614
1 3376611
1 1039904
1 9406164
1 1327732
1 7449034
1 1109580
1 9798651
1 1454179
1 7094056
1 7102822
1 5613093
1 8774147
1 9371663
1 7055128
1 1037890
1 1518578
1 3294212
1 5080882
1 3174831
1 4851187
1 9053306
1 3991707
1 1455147
1 928963
1 4333694
1 8041700
1 5518081
1 9955516
1 2055374
1 855752
1 244832
1 244490
1 339019
1 9338613
1 216523
1 5791294
1 8627577
1 8229496
1 8559582
1 6259280
1 3939097
1 6807083
1 7180203
1 7545389
1 2561840
1 5951804
1 7363317
1 6588676
1 3401408
1 296376
1 7236754
1 1524581
1 6844150
1 5167360
1 3003876
1 6019010
1 1078597
1 1282118
1 9281244
1 9556116
1 264572
1 109885
1 4083245
1 1282117
1 4934660
1 5831042
1 2847517
1 9743429
1 5580403
1 910692
1 2385698
1 3674406
1 5565102
1 5684779
1 85812
1 9271386
1 9391008
1 773493
1 5522133
1 7325647
1 5486739
1 5609496
1 1561292
1 9802749
1 9921320
1 2142755
1 8113237
1 1291244
1 7698407
1 2788153
1 672320
1 1481494
1 1421347
1 3387569
1 2502314
1 3817123
1 4169236
1 4968063
1 9977417
1 4963650
1 5687076
1 2602291
1 2545536
1 4215012
1 5275880
1 338764
1 944371
1 7444621
1 2469358
1 827708
1 6701071
1 8976252
1 519092
1 4619450
1 8037145
1 9704007
1 1989877
1 1593798
1 2591632
1 5765861
1 4649565
1 4339734
1 1680383
1 791269
1 5747612
1 1570124
1 1935000
1 9020955
1 5825491
1 9194333
1 7107059
1 2278941
1 6183751
1 8680874
1 4166
1 7632073
1 7268315
1 8823937
1 2416044
1 4443650
1 1047097
1 7928471
1 2850552
1 1056454
1 9086463
1 4709524
1 2449009
1 3569298
1 2490749
1 4506
1 2426958
1 8546197
1 7618076
1 6390838
1 3050636
1 8496849
1 6713167
1 6126520
1 2848419
1 1595057
1 8274450
1 9212385
1 634854
1 347345
1 6740415
1 4946375
1 1975842
1 3044998
1 4525108
1 1497857
1 126509
1 1230883
1 5374562
1 6730731
1 888150
1 4711002
1 4284012
1 2563933
1 6304033
1 1502464
1 9306250
1 7930676
1 5019767
1 8356684
1 2399750
1 3590473
1 8568066
1 3303698
1 5434905
1 3448637
1 5896765
1 7021477
1 1964590
1 7724830
1 7956399
1 3482514
1 3815195
1 8624114
1 2304108
1 6189091
1 7557731
1 3811817
1 8364966
1 777435
1 5941745
1 9852131
1 9200879
1 8433565
1 9113282
1 923742
1 4697096
1 5719912
1 5122761
1 8286974
1 8418416
1 9776619
1 6064994
1 8795091
1 2576172
1 2560770
1 4737681
1 7949942
1 9216271
1 5626681
1 3006226
1 6213757
1 3261951
1 530413
1 5989792
1 9837576
1 8807664
1 9577143
1 2357828
1 1871454
1 7874606
1 3504403
1 89493
1 1908356
1 5102666
1 8757667
1 5740937
1 2297455
1 9919521
1 4392237
1 555315
1 7660157
1 5367812
1 8660093
1 9866398
1 1958526
1 3216331
1 1037603
1 3643059
1 4278551
1 4372540
1 4391627
1 3220951
1 1526280
1 5626604
1 8048040
1 9537229
1 6583732
1 1523456
1 6521941
1 2661399
1 5664498
1 3625928
1 6158833
1 1490879
1 5656062
1 3037914
1 6653016
1 7619908
1 62669
1 5562852
1 4111290
1 4419950
1 6731628
1 1254329
1 2765560
1 6491814
1 5917660
1 1529509
1 389653
1 9955198
1 8325921
1 3829062
1 1108556
1 421423
1 7071414
1 62811
1 1421584
1 9880688
1 7152277
1 7197068
1 9898378
1 8290524
1 6358525
1 5689489
1 6318362
1 8878005
1 6794959
1 4133148
1 4490993
1 376438
1 9359477
1 5217520
1 9460489
1 1422514
1 5355795
1 5489652
1 4684811
1 3104477
1 853278
1 1776554
1 9264179
1 9611198
1 368640
1 4614618
1 6202504
1 3814961
1 5261931
1 1835476
1 7893117
1 3718965
1 6257439
1 2109092
1 8716241
1 8312959
1 8591008
1 5701700
1 2102944
1 8264907
1 5194702
1 7211988
1 7917139
1 6408501
1 715121
1 7844463
1 6734188
1 8041101
1 1887605
1 8132552
1 9312558
1 7217774
1 8584630
1 746896
1 4540806
1 7715852
1 7619276
1 33801
1 7929178
1 6963452
1 6590622
1 9579108
1 8650665
1 7230994
1 659245
1 9367910
1 2951619
1 5041780
1 2606793
1 1864885
1 102936
1 2335873
1 4908159
1 5222819
1 9207138
1 7309561
1 8124491
1 568446
1 830709
1 2777699
1 2450904
1 1532312
1 9914040
1 7845632
1 3848946
1 2939819
1 2898357
1 2030667
1 4144447
1 5886916
1 8038774
1 6165930
1 9451828
1 8710471
1 5536300
1 6555133
1 5762801
1 461572
1 6525129
1 7310216
1 7296237
1 7298408
1 3900553
1 7179698
1 3971835
1 3143262
1 1823483
1 5589976
1 178558
1 9090868
1 6638823
1 309810
1 8954164
1 5399471
1 8769622
1 8536033
1 6783272
1 4220894
1 7184557
1 244059
1 9725794
1 5769709
1 9041659
1 16753
1 269855
1 7617039
1 4959270
1 6341535
1 3014615
1 3636195
1 739222
1 4893676
1 1365458
1 3135941
1 2543338
1 8610811
1 9867240
1 2889633
1 5667749
1 5523185
1 5401281
1 6559818
1 3101601
1 204489
1 2732324
1 875848
1 8929983
1 5637494
1 9014680
1 6443403
1 9524659
1 1860925
1 3707943
1 2791275
1 4402569
1 620197
1 7753047
1 1960562
1 4099176
1 9026503
1 4145519
1 3016226
1 476066
1 420524
1 5070456
1 6223885
1 8490250
1 4955233
1 667042
1 4006038
1 1107570
1 531612
1 4387890
1 5104765
1 7297973
1 8519726
1 7186044
1 730607
1 3557684
1 3840183
1 6902441
1 3625515
1 5045796
1 2201929
1 3115185
1 2516777
1 1315559
1 385056
1 9412599
1 2539902
1 7307044
1 8165587
1 7613438
1 9396537
1 2369292
1 8430379
1 1614075
1 5383601
1 179979
1 6649833
1 1830758
1 9843598
1 2212272
1 3689521
1 3418583
1 6587000
1 4230840
1 952076
1 6349663
1 6277801
1 3849615
1 8328662
1 6714294
1 8693950
1 9014699
1 7026322
1 7251517
1 5560412
1 3547474
1 7553313
1 6362434
1 4201854
1 8742063
1 2099726
1 736684
1 8215430
1 13499
1 6573250
1 6009048
1 8475942
1 8684397
1 1297169
1 2664962
1 3628232
1 59515
1 55973
1 6370945
1 7620250
1 2873305
1 1119443
1 2569158
1 5542164
1 6772019
1 708845
1 7617077
1 1336125
1 3274557
1 2067465
1 9265784
1 7360075
1 6112016
1 4654072
1 8488902
1 1209830
1 8683036
1 1543997
1 3418087
1 949601
1 7830817
1 3973729
1 1815040
1 2252385
1 4779073
1 8979766
1 5034682
1 2878843
1 356335
1 2276972
1 7515935
1 7180618
1 6380687
1 1625725
1 1027204
1 8790141
1 6422308
1 7299375
1 9991373
1 1540028
1 1386852
1 796032
1 7312519
1 4152003
1 4826023
1 431173
1 9732161
1 4194129
1 5967666
1 7954464
1 8579374
1 4102494
1 6560781
1 4880516
1 698162
1 3095145
1 1110890
1 2086158
1 7326836
1 1221767
1 5692351
1 1153527
1 9517192
1 3253813
1 9098192
1 4213247
1 3203185
1 6010268
1 5234851
1 7278729
1 5208572
1 3242670
1 8604660
1 8702109
1 6772498
1 2262685
1 8121406
1 9142588
1 9760850
1 6265820
1 7926879
1 8040292
1 9689235
1 8457149
1 7610900
1 6896413
1 5551908
1 5471674
1 4977360
1 1781944
1 2056481
1 4894788
1 3063422
1 283273
1 8943188
1 5676302
1 5005782
1 4840085
1 7761720
1 228079
1 4514510
1 437479
1 5950793
1 5224532
1 1556175
1 1991770
1 1976743
1 8697517
1 367671
1 9305787
1 4824323
1 2369114
1 2495700
1 714037
1 318904
1 4456113
1 1131849
1 3753397
1 6510762
1 1423543
1 7736668
1 5277472
1 4306416
1 832141
1 9993487
1 673189
1 1659572
1 9112793
1 3181922
1 2931744
1 7274755
1 9426600
1 1986703
1 1888642
1 8117406
1 9050601
1 1297704
1 8229975
1 3073785
1 1603352
1 439667
1 7118933
1 5245095
1 9585755
1 2979169
1 2686775
1 2950888
1 9860298
1 4202073
1 8601866
1 4926802
1 1072773
1 904475
1 8693627
1 2149180
1 2536364
1 6295058
1 5942892
1 1672954
1 7699942
1 1673226
1 3270279
1 5842492
1 8044664
1 7736454
1 8447944
1 960616
1 6420841
1 9058998
1 7916547
1 7312524
1 6291053
1 4924107
1 9498676
1 2982799
1 7679234
1 9082505
1 2539793
1 8459442
1 7046015
1 8134350
1 5609341
1 4352041
1 1483583
1 4908738
1 8752410
1 1257205
1 8092652
1 1318595
1 9656634
1 3006882
1 6739422
1 1216636
1 8283019
1 9671753
1 5504064
1 5989419
1 9778174
1 845745
1 7174507
1 7783957
1 8612852
1 9781051
1 8676075
1 6464670
1 5916014
1 6645372
1 6549003
1 3102100
1 5938619
1 5185178
1 6484870
1 9296015
1 7958025
1 3023778
1 8210632
1 9804635
1 7605007
1 9711598
1 3201744
1 8600838
1 5235028
1 4966533
1 7719860
1 8125051
1 9201242
1 2159801
1 7345389
1 3649744
1 6732347
1 5514865
1 5069378
1 2889397
1 533292
1 7607646
1 5379119
1 5142069
1 5852220
1 3652676
1 8498234
1 7781589
1 4695653
1 380138
1 5897118
1 3597253
1 8046599
1 7449318
1 2601077
1 2412144
1 1639848
1 5502886
1 1738059
1 5833840
1 9198411
1 5716514
1 8963229
1 1845173
1 4224252
1 5414508
1 2282076
1 8947255
1 6089830
1 2704366
1 5933163
1 2550615
1 3619011
1 5658901
1 1033261
1 4990090
1 6029690
1 8501597
1 488964
1 5976926
1 5883497
1 6108828
1 4114778
1 3239016
1 7968829
1 4681811
1 2157024
1 9552988
1 109588
1 3990523
1 3351586
1 3325654
1 3288139
1 6565684
1 1147493
1 9752425
1 119017
1 3718322
1 1383856
1 7157382
1 943097
1 8111008
1 8834630
1 3576105
1 1142351
1 8829769
1 6575643
1 8948794
1 5180712
1 5810685
1 1221146
1 3613159
1 9441977
1 562428
1 2517748
1 6078308
1 7110369
1 1710607
1 8592925
1 7630776
1 1994822
1 2333992
1 2691131
1 8782977
1 248136
1 7018769
1 6400290
1 8001340
1 2527201
1 7666961
1 9837445
1 1686261
1 5739195
1 3853351
1 9837914
1 1849881
1 8504778
1 582875
1 4391648
1 1587345
1 7139961
1 8152347
1 2517812
1 827155
1 4805214
1 9815436
1 7991944
1 9333203
1 3599866
1 7357514
1 452466
1 4201346
1 913275
1 2121188
1 131647
1 4820193
1 6888341
1 9457860
1 2836642
1 2352656
1 925209
1 3297027
1 1474064
1 2828893
1 3044721
1 2571171
1 5537520
1 8162170
1 9271300
1 8629598
1 5935759
1 7741043
1 8544229
1 7744863
1 3744032
1 5273665
1 8340020
1 9117531
1 8962414
1 6517569
1 4380345
1 2444036
1 9963201
1 7448148
1 4595382
1 9362250
1 6231723
1 8549326
1 4207799
1 8792824
1 5871726
1 7248267
1 2401582
1 9994425
1 8683484
1 726836
1 5062967
1 7515942
1 699586
1 7533860
1 9702609
1 1269868
1 2212908
1 9167562
1 3034267
1 2146987
1 6623238
1 4166747
1 9353733
1 6499807
1 3942948
1 4928250
1 9095252
1 3879004
1 2964857
1 2525978
1 9223447
1 6848034
1 581557
1 6802810
1 73143
1 3229968
1 9202731
1 8106005
1 4525671
1 1918892
1 6013515
1 9840482
1 2636362
1 4666811
1 2746037
1 9414109
1 2773723
1 4784847
1 9289538
1 8717157
1 8225560
1 4976713
1 5085013
1 3476547
1 6221084
1 9520618
1 8910194
1 8246277
1 4439158
1 8562644
1 4197738
1 2712749
1 3113834
1 7826369
1 3019854
1 3280390
1 2724280
1 2389293
1 3477685
1 535466
1 2313831
1 8137694
1 7497029
1 1356574
1 6795216
1 9231871
1 9804322
1 689596
1 102130
1 7613059
1 7764909
1 1782763
1 7640048
1 7131573
1 9776963
1 7480673
1 5376784
1 5279009
1 547013
1 1587102
1 1416392
1 4365723
1 6261643
1 573264
1 9477929
1 4970580
1 4437510
1 4144825
1 6153437
1 3897448
1 6706450
1 3543369
1 2753408
1 1659225
1 811669
1 7425569
1 2987513
1 273908
1 2296648
1 450919
1 7885735
1 9424878
1 167446
1 776967
1 7366061
1 8760061
1 8955036
1 4185553
1 4044606
1 4332186
1 5306848
1 7041086
1 8393451
1 3889836
1 375284
1 5384120
1 9140059
1 7730469
1 4928527
1 7322930
1 4112512
1 4917354
1 3271649
1 6483384
1 2671771
1 3175337
1 178389
1 1871271
1 1073466
1 5060857
1 7199457
1 3045551
1 7155239
1 7309843
1 3664051
1 2859084
1 8645482
1 8582655
1 7188268
1 7134372
1 5105807
1 9920620
1 9488602
1 6010437
1 1222670
1 3423579
1 6516926
1 7516483
1 3530822
1 8598220
1 1094208
1 5567418
1 3608637
1 5898299
1 541391
1 7766055
1 5752013
1 1410923
1 850184
1 7904631
1 5032747
1 5489410
1 9091089
1 765539
1 9645556
1 1856849
1 5869495
1 7162249
1 9367348
1 8635034
1 8615793
1 6063436
1 4017455
1 5031885
1 6840665
1 3502289
1 3868551
1 4822595
1 6747821
1 2243638
1 8406644
1 8835273
1 5382359
1 4917892
1 5707968
1 2748992
1 4628401
1 4861915
1 7226802
1 3103572
1 8547309
1 1169332
1 1555095
1 9489275
1 1792318
1 429662
1 884629
1 7803150
1 5544104
1 4666236
1 2251151
1 4184607
1 9306202
1 1361266
1 8130218
1 2190368
1 4244666
1 649485
1 2095928
1 1537150
1 5634878
1 4211996
1 9709988
1 7946419
1 7219282
1 1751989
1 706425
1 5564136
1 9096262
1 2127251
1 9800570
1 7647053
1 5292702
1 6266304
1 7792596
1 17265
1 5481375
1 6274322
1 4414248
1 8320882
1 3194942
1 4455206
1 2703506
1 5002835
1 7899438
1 558508
1 4981456
1 1925908
1 3530698
1 7615614
1 8042080
1 710865
1 1153678
1 3171183
1 4680074
1 6927155
1 4510904
1 3711442
1 997389
1 8215850
1 3373850
1 1967896
1 1244247
1 8786163
1 9443980
1 7510191
1 6845341
1 5239851
1 1480508
1 1561872
1 7476748
1 5961003
1 223482
1 5910964
1 3877520
1 9574885
1 5332596
1 5751175
1 6768541
1 1740014
1 3767859
1 4756903
1 5818168
1 1985332
1 380861
1 2740593
1 8078493
1 2300766
1 5803869
1 7626825
1 9337957
1 8919684
1 2711169
1 5616893
1 8033731
1 7867293
1 7835802
1 6985844
1 7349035
1 5101413
1 2963170
1 6985452
1 3085228
1 7292202
1 5248758
1 5848460
1 2395684
1 5673244
1 2314348
1 268629
1 1605080
1 7083136
1 5418605
1 313636
1 8567434
1 8174519
1 7833447
1 4569294
1 3156582
1 3428217
1 507814
1 3160838
1 5471896
1 9180811
1 9926837
1 7919898
1 8716588
1 3991208
1 954358
1 4498561
1 4443654
1 6321388
1 362703
1 2180162
1 5972529
1 8196593
1 6946396
1 2207635
1 9535368
1 8774163
1 6935623
1 76624
1 3495371
1 4809178
1 5877564
1 7549844
1 9586368
1 8948676
1 4610405
1 506580
1 3007269
1 5700989
1 2545112
1 2804510
1 9552793
1 5675734
1 4147615
1 4471312
1 9894926
1 5310475
1 4746232
1 6390846
1 8873167
1 5080364
1 4325370
1 456959
1 7681959
1 5920369
1 3897382
1 4659318
1 2825840
1 7279886
1 9584472
1 5381864
1 5729327
1 6670362
1 3037336
1 6351102
1 4618500
1 4712993
1 4228770
1 5807863
1 4798584
1 2273135
1 8094121
1 8965142
1 9886928
1 5655607
1 6172769
1 2043027
1 1232469
1 4204473
1 3568504
1 7632271
1 3164795
1 6545261
1 7521366
1 6405370
1 7692638
1 6618071
1 182715
1 8773969
1 4167698
1 21712
1 7259695
1 8057523
1 7103766
1 7768985
1 4832399
1 7899168
1 5330917
1 5721449
1 7750309
1 3175652
1 7798388
1 527972
1 31654
1 443108
1 4141059
1 8761364
1 527793
1 2760247
1 3722565
1 2017139
1 3339462
1 2388456
1 4905176
1 5922590
1 6244491
1 5933794
1 8512793
1 3983778
1 8058492
1 5999300
1 3629234
1 2968219
1 3586460
1 4882250
1 4025108
1 2285313
1 637373
1 8890374
1 6188355
1 5063307
1 2056368
1 2191337
1 1357640
1 6817452
1 3774978
1 8797392
1 4238602
1 9066369
1 1414334
1 264633
1 207475
1 8396028
1 3532518
1 1081878
1 9075913
1 9147738
1 7455814
1 1090313
1 5154849
1 7218943
1 3312208
1 9979539
1 3848641
1 4740168
1 2681253
1 1149847
1 8455047
1 9655646
1 9205416
1 6213261
1 1303546
1 1617588
1 7575345
1 4820752
1 8258185
1 5792503
1 6115873
1 7853877
1 2367628
1 4910048
1 8022815
1 7036696
1 9630713
1 8721431
1 3143079
1 1785817
1 8050511
1 7268557
1 2025943
1 9865036
1 4459811
1 3461314
1 6020472
1 5190918
1 4714735
1 8070035
1 2983961
1 5141874
1 20214
1 7404639
1 4687102
1 6521602
1 9908826
1 3067481
1 7837251
1 8288677
1 2449332
1 4519816
1 2566970
1 1450609
1 7302358
1 8096562
1 2196088
1 9281088
1 5085959
1 9817698
1 4967013
1 6139097
1 6518879
1 1245374
1 460746
1 4297351
1 5757012
1 741524
1 6700213
1 9309565
1 4599833
1 7238915
1 2677120
1 6612317
1 161001
1 5258260
1 9381770
1 7104015
1 9909141
1 1438202
1 5581812
1 7818709
1 9131079
1 5574917
1 8254861
1 4028740
1 7566910
1 3380035
1 9492282
1 3068215
1 6893703
1 2048690
1 8610103
1 2073764
1 4277133
1 7918431
1 9176359
1 1133882
1 3499905
1 8208383
1 6765964
1 9007555
1 8059232
1 2161111
1 9679602
1 4399963
1 5775174
1 6756649
1 9964392
1 8653594
1 6919254
1 90353
1 4404298
1 7132008
1 4273788
1 3118740
1 3801377
1 6295767
1 3058947
1 9065971
1 8524574
1 4625350
1 1204203
1 6468259
1 6024007
1 9421511
1 4905604
1 2917373
1 3363381
1 6721306
1 828113
1 7249954
1 6903808
1 1388819
1 5180554
1 2704363
1 7203413
1 1858744
1 255936
1 6264440
1 1198345
1 1003702
1 3562028
1 492385
1 4229012
1 1147151
1 9002864
1 5655280
1 379278
1 2125680
1 8513705
1 3208157
1 9259077
1 477094
1 3282347
1 3945815
1 6826899
1 7695203
1 8763250
1 8856294
1 9311278
1 9407115
1 7539315
1 5555562
1 6596921
1 1943039
1 5238582
1 8020326
1 369711
1 1808077
1 6274173
1 9855144
1 4224417
1 7160069
1 7092912
1 5343594
1 7316591
1 8201850
1 1851583
1 8304593
1 6506919
1 9850495
1 7524105
1 6471990
1 8364850
1 1880480
1 3421037
1 5474486
1 8554525
1 6921734
1 7512663
1 3766762
1 7804195
1 9810193
1 4853079
1 7210402
1 2922599
1 1674871
1 1568870
1 356984
1 1006878
1 4281710
1 7593030
1 2108072
1 7402697
1 6569401
1 5264084
1 4074319
1 1371097
1 1568849
1 5251680
1 894466
1 7811187
1 5178814
1 527452
1 8401169
1 1617091
1 1719949
1 3562775
1 6827859
1 7284390
1 3206192
1 6832527
1 5324671
1 1280212
1 679827
1 841887
1 9783042
1 7810769
1 7397552
1 9074007
1 1795685
1 4285258
1 826517
1 5487522
1 1826913
1 87886
1 4767011
1 3487544
1 3700411
1 2545160
1 3305250
1 6392666
1 2519644
1 3515928
1 7285105
1 5219691
1 4820333
1 6113785
1 7624256
1 8745443
1 228946
1 2215757
1 1255277
1 6394512
1 9257868
1 6421344
1 3856763
1 6356703
1 4959551
1 2146740
1 171454
1 997560
1 7224543
1 1365465
1 5256596
1 5653691
1 6825810
1 6106412
1 6585729
1 3506884
1 3653373
1 6985876
1 2675805
1 1166829
1 2737792
1 6087129
1 9519858
1 306320
1 966606
1 492792
1 255957
1 5783790
1 9936585
1 9676910
1 8438405
1 643760
1 6414578
1 6816844
1 9621808
1 8751754
1 6788724
1 9908563
1 8612049
1 6832739
1 7660863
1 2699521
1 876803
1 2140716
1 496819
1 5758135
1 7095195
1 3218812
1 2345611
1 8038845
1 3326317
1 7175630
1 3933323
1 3383226
1 2768222
1 6469011
1 9108356
1 8984813
1 387479
1 809957
1 2355267
1 2422560
1 7795613
1 883798
1 5393261
1 2870815
1 2750260
1 7074619
1 7850490
1 8122532
1 373018
1 4368436
1 3446261
1 8022461
1 7235475
1 8571612
1 4006388
1 5346387
1 3694602
1 5142878
1 1619413
1 4555936
1 3093595
1 398812
1 7009742
1 265631
1 2446070
1 7034491
1 2203313
1 6632074
1 2852142
1 7478694
1 9300626
1 4202957
1 5541889
1 9473644
1 1282510
1 7092809
1 8923409
1 9220624
1 6138903
1 9044773
1 3216231
1 3828228
1 7355973
1 516629
1 7390788
1 9387433
1 5866810
1 6718365
1 5325535
1 3472561
1 2693598
1 9133328
1 2334453
1 2049700
1 252386
1 888784
1 1470422
1 5971977
1 6632927
1 4132615
1 7254285
1 4561378
1 5029347
1 2305740
1 4695863
1 8486681
1 1980898
1 4951362
1 5170902
1 3523154
1 9605548
1 3988660
1 4948290
1 4515579
1 4258426
1 6401435
1 1486102
1 2901443
1 4400276
1 4830018
1 5413493
1 4335521
1 6367587
1 3943723
1 2750919
1 9248762
1 926091
1 9584820
1 5738963
1 7745276
1 9583395
1 7655854
1 2285579
1 7470487
1 3099182
1 1776914
1 5714978
1 9959132
1 869387
1 8836036
1 3214495
1 9508091
1 681838
1 1409362
1 2235551
1 3537070
1 1652186
1 8767158
1 879572
1 1917025
1 5206027
1 4396009
1 6150026
1 7669708
1 8324614
1 5708365
1 4318070
1 6150838
1 2019548
1 1048854
1 5396148
1 8104395
1 115923
1 103411
1 3274971
1 8670184
1 1380639
1 3129732
1 5158346
1 9725081
1 6281548
1 3079433
1 9259713
1 8067237
1 6012667
1 9300151
1 3862180
1 4034289
1 4499228
1 2174550
1 1572211
1 7542488
1 473077
1 5772653
1 3494587
1 8365830
1 9313028
1 3846843
1 584343
1 1083411
1 1430557
1 4795781
1 5148685
1 2984196
1 4812180
1 839792
1 6681373
1 4397218
1 7210520
1 4459928
1 3646346
1 6476356
1 2533868
1 1651318
1 1067868
1 3400104
1 4583135
1 3557801
1 9928241
1 132882
1 4499868
1 4328022
1 6479660
1 7594345
1 1054194
1 9382523
1 4430707
1 9596272
1 179138
1 2915474
1 2037790
1 375653
1 2358346
1 1315440
1 4649078
1 3341003
1 265693
1 8471122
1 5191200
1 5779373
1 9028008
1 9432595
1 6283279
1 484385
1 5164006
1 5916445
1 4016515
1 6782340
1 4285583
1 450048
1 5528259
1 1569030
1 9956566
1 60912
1 8381643
1 9298586
1 7039035
1 8591166
1 9894319
1 2370432
1 7334256
1 6056213
1 4339046
1 1345974
1 8590927
1 4217576
1 8767021
1 5627781
1 6846237
1 5385236
1 9487630
1 7448151
1 1208104
1 4446062
1 1027100
1 2196911
1 4085645
1 8660864
1 313924
1 8578089
1 3921374
1 792704
1 68812
1 7543565
1 8823829
1 3169541
1 4456304
1 7081755
1 967993
1 4511570
1 1824811
1 3799873
1 3285391
1 1504653
1 3870281
1 3660888
1 9454095
1 7752924
1 6413143
1 2839878
1 3496134
1 8165368
1 4469179
1 9235741
1 2877342
1 8160448
1 1797588
1 9443668
1 8724718
1 5951909
1 45713
1 6437352
1 5922972
1 3613849
1 2285371
1 3848126
1 4251918
1 1003962
1 5069430
1 5739125
1 7293915
1 1410009
1 4599655
1 9359841
1 8269591
1 2929382
1 2269876
1 9255314
1 383338
1 4620146
1 7787103
1 802913
1 6441657
1 7856556
1 3584759
1 7048735
1 4584406
1 2390006
1 555505
1 1004560
1 4026494
1 1925260
1 8160065
1 3009656
1 9282457
1 7241274
1 8909230
1 6859918
1 324554
1 28476
1 738209
1 5233724
1 315098
1 7776582
1 9329682
1 3985386
1 56459
1 8379209
1 280152
1 8602445
1 294197
1 950575
1 2392829
1 8694190
1 7090602
1 807194
1 6742557
1 3625832
1 2685123
1 9873872
1 5180850
1 3032379
1 9902821
1 5711773
1 2395198
1 8689346
1 8319573
1 3150194
1 3933079
1 2697293
1 7725769
1 5868708
1 7691226
1 22806
1 4506082
1 3987632
1 255407
1 4361978
1 5345402
1 8722372
1 9752923
1 2707783
1 6185528
1 7767937
1 3860901
1 3842576
1 4016936
1 3375058
1 6122872
1 3228892
1 4942748
1 3919413
1 7069428
1 181697
1 1059982
1 2033864
1 1293186
1 3575355
1 1137801
1 7247919
1 9718882
1 8774954
1 7827689
1 3654574
1 5584613
1 9091362
1 8951567
1 4164829
1 8579960
1 5374896
1 6108318
1 6551061
1 8366540
1 946672
1 9691405
1 9083552
1 1234906
1 2736952
1 9932171
1 6837093
1 2252371
1 7096498
1 1339810
1 8842535
1 1968212
1 9281527
1 44417
1 2826790
1 2638423
1 4536055
1 2538511
1 8073372
1 1222411
1 338935
1 839210
1 9908632
1 2158108
1 7140779
1 9779688
1 20131
1 1697173
1 5098756
1 9145023
1 4068117
1 9413327
1 6260310
1 7792844
1 9291518
1 1723553
1 3960800
1 7750475
1 5935657
1 5714996
1 7828489
1 8147110
1 1104035
1 4415099
1 9673241
1 5528043
1 8736851
1 2688156
1 59861
1 9468192
1 8148641
1 6483859
1 500367
1 780274
1 1791457
1 1635347
1 6731900
1 4076339
1 6317237
1 7304541
1 3640317
1 7877426
1 4788107
1 2345325
1 4153998
1 6126200
1 7304704
1 6435336
1 8861769
1 3899901
1 2109281
1 7078636
1 672727
1 3183614
1 4219419
1 515993
1 6529150
1 3128853
1 5526040
1 7808547
1 9411606
1 7978802
1 204942
1 1881930
1 4908767
1 3642240
1 6910079
1 1257316
1 3421396
1 2175927
1 4721076
1 1782672
1 6935534
1 7346630
1 1353468
1 1303268
1 1624582
1 3676647
1 4364362
1 503599
1 8456390
1 4556234
1 2201410
1 8071467
1 4518821
1 9673132
1 1081360
1 8038233
1 8490476
1 5759897
1 4142809
1 9647302
1 8667089
1 7816995
1 22892
1 4709773
1 9517646
1 743796
1 864793
1 32896
1 9369924
1 1326384
1 4051917
1 2226024
1 7360717
1 3319674
1 3899789
1 3524993
1 1809041
1 7908622
1 3067321
1 3792134
1 6481258
1 4798164
1 5551131
1 3285494
1 9468424
1 1487052
1 5554271
1 4642414
1 7100767
1 462269
1 4476195
1 1831785
1 4359697
1 6885592
1 7293089
1 8738251
1 6772313
1 8410223
1 9212707
1 4557669
1 3482781
1 6178003
1 8175768
1 5260515
1 5235092
1 3420508
1 5478654
1 938702
1 494727
1 7125676
1 2414334
1 9161530
1 3458130
1 6610201
1 8198820
1 5897052
1 6631236
1 9698672
1 505663
1 9229065
1 1142559
1 5253937
1 5703892
1 6275570
1 6623185
1 322368
1 2662770
1 9224329
1 8212110
1 3425605
1 9641334
1 6190123
1 9476118
1 2758880
1 3539675
1 9004621
1 9420266
1 7352989
1 7153003
1 396698
1 9160724
1 6719554
1 420875
1 9797269
1 2404432
1 6197269
1 3164153
1 1938567
1 4614229
1 6999479
1 4159054
1 4340383
1 596399
1 1801810
1 300564
1 5574689
1 8420158
1 7067809
1 2796089
1 1378643
1 8910759
1 6304058
1 9034926
1 2241777
1 2814209
1 1201551
1 2668624
1 7468039
1 3972743
1 5584997
1 5877604
1 5319301
1 6395864
1 3550780
1 2852953
1 958229
1 5544316
1 8027346
1 6829425
1 8824289
1 3792645
1 3709589
1 4736646
1 1042244
1 1653184
1 7072854
1 1812418
1 8726892
1 1240334
1 7816729
1 3836255
1 5323947
1 659845
1 7863068
1 8015877
1 9774460
1 1452211
1 1671957
1 9893607
1 4848875
1 9966596
1 8291400
1 9054183
1 877625
1 7221701
1 2083203
1 2705899
1 6511845
1 5850542
1 98689
1 8312560
1 4553878
1 5089304
1 5222527
1 6547751
1 1986569
1 4049268
1 1709428
1 7759847
1 3535049
1 4230068
1 1271
1 9559810
1 3735967
1 5934162
1 1590719
1 3893640
1 7912141
1 3533929
1 8431663
1 6211769
1 54012
1 9495028
1 3172139
1 4499108
1 2778751
1 1231856
1 1581495
1 8888006
1 3642078
1 3960444
1 6607258
1 7817519
1 8144094
1 2762856
1 5602398
1 9861862
1 6819277
1 4865318
1 2888569
1 4656354
1 4574265
1 4226313
1 2769496
1 2389262
1 3138012
1 7925828
1 2815994
1 1232011
1 9453974
1 1676434
1 8527360
1 9824661
1 9351990
1 105886
1 4348896
1 9746718
1 5989725
1 2819709
1 342022
1 1675376
1 2579796
1 3428172
1 5488888
1 7731448
1 5802451
1 6955403
1 1054064
1 2516535
1 4236089
1 1302431
1 6189548
1 4787319
1 9405947
1 1490152
1 4125911
1 8802366
1 213953
1 1837035
1 5325782
1 182230
1 6943809
1 3151406
1 782223
1 2494463
1 9035284
1 6970232
1 6375930
1 3630950
1 6793491
1 9596842
1 2113626
1 2007837
1 2236409
1 215351
1 9325329
1 866638
1 1599581
1 1861399
1 9160412
1 400941
1 5920723
1 3689250
1 1136939
1 55652
1 8330037
1 1745768
1 4480944
1 3284346
1 9531081
1 5613421
1 811625
1 1376220
1 2850128
1 5437334
1 1581175
1 3747772
1 4351325
1 6139691
1 5854738
1 7037659
1 3099512
1 778065
1 9966125
1 319552
1 4520853
1 8685874
1 8652881
1 4214592
1 2496089
1 6259787
1 1379756
1 6945290
1 3517810
1 5328962
1 8323638
1 9627182
1 5201863
1 7183251
1 4799717
1 4212657
1 1224621
1 7102383
1 3284962
1 759798
1 3718616
1 4113988
1 335210
1 8287796
1 288062
1 3312729
1 6512390
1 2401325
1 7817498
1 1314162
1 5083724
1 33016
1 6080394
1 400649
1 9628147
1 7287670
1 5888897
1 9358758
1 7403328
1 4388819
1 274939
1 6794262
1 5941569
1 6534603
1 4519229
1 8985489
1 3765474
1 4520370
1 6584449
1 2585913
1 2619507
1 1052114
1 7120607
1 7479693
1 4161819
1 2481211
1 428254
1 10496
1 8630557
1 5095136
1 3081179
1 9549610
1 9659933
1 9793626
1 656711
1 503115
1 3763432
1 8728324
1 4452502
1 1962504
1 6241238
1 6160291
1 2830501
1 276269
1 7259836
1 8838901
1 411158
1 2403997
1 49664
1 2711148
1 9475030
1 4212838
1 5441157
1 6950277
1 5117274
1 9924192
1 8976855
1 3058529
1 5406474
1 9845304
1 3340425
1 8174341
1 3516431
1 7275069
1 5214101
1 5027299
1 3878515
1 5871075
1 983797
1 8629622
1 901552
1 6146541
1 4490076
1 2749730
1 776514
1 3720528
1 4122030
1 421367
1 4004987
1 7026080
1 8562407
1 197496
1 1673004
1 6445571
1 1781761
1 5394109
1 4124099
1 635519
1 9122240
1 2577747
1 3644942
1 7852712
1 4081760
1 2499069
1 4789094
1 8174030
1 2470004
1 917524
1 9117350
1 9081340
1 4368048
1 7401906
1 4817648
1 9786716
1 8874218
1 9194343
1 664153
1 7166433
1 4574614
1 9996664
1 3169256
1 5221012
1 5711366
1 5841140
1 4128623
1 5084756
1 2261015
1 2179852
1 3639459
1 672460
1 8698758
1 1157942
1 4979930
1 1211977
1 9658752
1 6267833
1 1702876
1 1252053
1 4107940
1 2592740
1 9873163
1 2238977
1 3240773
1 1418434
1 9871881
1 4455848
1 8432953
1 5968898
1 6923734
1 9168455
1 6964120
1 5583781
1 3292775
1 1000013
1 320410
1 7564055
1 392714
1 9542223
1 417374
1 5881600
1 785658
1 7628586
1 7991429
1 2720155
1 5626238
1 6357827
1 5884319
1 3736315
1 9000555
1 2745851
1 9420239
1 6530477
1 5352406
1 4818847
1 9217857
1 7125607
1 798672
1 1816440
1 4615394
1 1909551
1 9600308
1 8065985
1 876515
1 1972354
1 5113650
1 4143781
1 8751949
1 2975338
1 3686382
1 9214999
1 6930011
1 1614850
1 9022028
1 4517740
1 721985
1 2730290
1 1890635
1 5345015
1 2584474
1 254332
1 6306737
1 3305191
1 6902976
1 9931133
1 3701488
1 958856
1 1448759
1 1883395
1 934317
1 1044100
1 158429
1 7608490
1 1752819
1 6216642
1 3510867
1 5653160
1 9113233
1 2724157
1 1271900
1 9661918
1 4896302
1 795119
1 2457243
1 1406341
1 6921862
1 2946887
1 4484481
1 6857512
1 318314
1 9682648
1 4172636
1 4320565
1 2584531
1 7148809
1 8211695
1 8213781
1 652364
1 7700410
1 9002968
1 9265053
1 2837035
1 6872225
1 4455203
1 5793122
1 4152680
1 2217023
1 8406016
1 2031280
1 5081640
1 249343
1 4326664
1 9048213
1 9884951
1 8907280
1 7325463
1 3557351
1 1462833
1 9927774
1 698438
1 7465806
1 6999329
1 1363298
1 6488003
1 4388434
1 748662
1 5525924
1 8186891
1 3884867
1 6724197
1 1438597
1 3203981
1 9146022
1 3430542
1 6868359
1 9311474
1 579847
1 4007910
1 6566082
1 8074239
1 2651356
1 4221522
1 1358242
1 5215398
1 3602643
1 8902558
1 1439394
1 3114474
1 4962805
1 9052321
1 5758028
1 7925972
1 6958939
1 1137383
1 5394125
1 2319982
1 10763
1 7755094
1 4721674
1 5033434
1 5845570
1 6175764
1 1013077
1 9331703
1 2051617
1 251158
1 9835253
1 6260185
1 5067211
1 6032531
1 5637535
1 2839651
1 4814916
1 1912019
1 2206314
1 5382205
1 2312540
1 8990247
1 2643241
1 91191
1 7633235
1 9355734
1 9278388
1 955294
1 6535763
1 420794
1 6210032
1 1884723
1 7476485
1 2522219
1 7861324
1 5059399
1 7206355
1 67204
1 2042773
1 2416344
1 5454321
1 8118810
1 4756141
1 5270853
1 6612798
1 7906973
1 3390936
1 3783515
1 3311687
1 2544754
1 2688555
1 7828604
1 354924
1 7070043
1 5141339
1 4694713
1 3694684
1 5445113
1 7791997
1 7252004
1 4417275
1 4069057
1 8297221
1 3752995
1 7040355
1 6442651
1 4270569
1 5489541
1 6516762
1 1570014
1 318730
1 4740358
1 1422898
1 5556087
1 3439776
1 1140499
1 8141985
1 1759348
1 7323531
1 2883605
1 5550480
1 6944914
1 9778419
1 8304935
1 6013964
1 5659875
1 9344100
1 6064307
1 6536046
1 3118851
1 5797536
1 3091907
1 9438813
1 3016470
1 981243
1 445467
1 138814
1 9093194
1 3303437
1 5677490
1 4061447
1 9735416
1 4322677
1 4496174
1 7172814
1 5968814
1 7137088
1 7841811
1 9536624
1 2042240
1 2370280
1 3889117
1 5165527
1 2945517
1 8986419
1 774061
1 3822035
1 2005096
1 2906246
1 5847803
1 3923025
1 9205402
1 3253148
1 9401611
1 2075050
1 6504067
1 5520136
1 9407799
1 9807169
1 7750384
1 8844587
1 9453948
1 4510212
1 7638014
1 2062260
1 4615721
1 8933904
1 2464829
1 5735625
1 1532248
1 9658936
1 792240
1 9237256
1 5981462
1 7536478
1 687857
1 8395321
1 107214
1 7771480
1 7008678
1 5266405
1 8527491
1 6540505
1 5963127
1 3246421
1 6815479
1 812902
1 8761651
1 5023653
1 5506450
1 7831489
1 851662
1 5190653
1 5276333
1 4490056
1 8798540
1 3471698
1 6219954
1 5003155
1 1669926
1 4973680
1 8279567
1 3269860
1 1485920
1 2304196
1 4826441
1 8490475
1 7735415
1 7473785
1 6075373
1 9706118
1 2942467
1 2815525
1 6233527
1 2467490
1 841415
1 1243044
1 5012427
1 4616567
1 4546003
1 7963875
1 8967848
1 5352875
1 5063192
1 7343204
1 7212823
1 1236286
1 7922871
1 9411620
1 9698552
1 5615741
1 4411384
1 9002575
1 8082379
1 4685850
1 1205940
1 5392196
1 7491062
1 5652496
1 2945904
1 4182971
1 7364792
1 8433368
1 6215434
1 1508743
1 7539780
1 9150145
1 8232464
1 9929835
1 9667308
1 431632
1 1360333
1 6516666
1 2457419
1 6741281
1 6768757
1 7198747
1 6671420
1 6054142
1 297689
1 2830428
1 7519114
1 2617187
1 9504458
1 5803086
1 2469098
1 7122596
1 2215644
1 495950
1 907157
1 6406223
1 9951888
1 3286548
1 7678472
1 7103380
1 6391259
1 4865701
1 937039
1 3189538
1 4794041
1 4532283
1 7071975
1 3569152
1 3067378
1 63944
1 8020903
1 8588135
1 774902
1 2501906
1 9257783
1 6691233
1 5998823
1 666811
1 3249793
1 7253012
1 5003297
1 3886002
1 9136701
1 2973590
1 130572
1 9609964
1 3919017
1 8593805
1 1998130
1 270294
1 9965155
1 9372482
1 275183
1 3239471
1 5836873
1 4760503
1 4738020
1 6648006
1 3226522
1 9606296
1 9152946
1 615173
1 9035929
1 9383842
1 1474251
1 4096824
1 8920874
1 457363
1 145771
1 8957306
1 1885025
1 9079270
1 5681348
1 4640581
1 8483221
1 8733176
1 5315030
1 609290
1 9085472
1 3153597
1 4044968
1 491713
1 3295099
1 7963871
1 246325
1 5346768
1 3387162
1 84014
1 902304
1 8977806
1 9438140
1 4045596
1 9427758
1 4708128
1 6863780
1 1978778
1 9421669
1 6076383
1 2232436
1 2512509
1 6235301
1 8122170
1 1290740
1 6199029
1 9321942
1 70624
1 7703298
1 5006750
1 8208360
1 1939653
1 1867764
1 5012687
1 367168
1 9268254
1 3102484
1 5924733
1 9514469
1 8710081
1 401142
1 9055699
1 4739708
1 3103212
1 9834366
1 1888229
1 3469168
1 7420596
1 8821065
1 4685117
1 3574093
1 4871660
1 6663512
1 6594995
1 7610645
1 398168
1 4376327
1 6526994
1 8937709
1 5591645
1 4795435
1 6230263
1 1770173
1 6755795
1 7867421
1 8462598
1 6054633
1 269752
1 1084691
1 2536780
1 6612112
1 5351884
1 3832469
1 2423218
1 6356573
1 123271
1 3176524
1 138550
1 5752903
1 117943
1 6524287
1 3637069
1 3230954
1 1366560
1 616189
1 5191709
1 6316936
1 2639513
1 9573039
1 7685723
1 6146432
1 6754750
1 3009641
1 7130253
1 4188382
1 7667098
1 7015419
1 1268138
1 9843130
1 1207578
1 2646396
1 2209968
1 6304983
1 6604164
1 1234925
1 2528347
1 3808628
1 9797926
1 2367856
1 9832149
1 442840
1 1466221
1 9549448
1 9283745
1 9070813
1 8215994
1 5805667
1 5662071
1 1022520
1 5217357
1 1273741
1 1345706
1 3487643
1 3474711
1 2930618
1 8096748
1 7834505
1 7801540
1 369216
1 8973102
1 3034995
1 4119017
1 4340107
1 959432
1 2104235
1 534536
1 2908585
1 9154984
1 9057988
1 4207414
1 9271544
1 8366637
1 4011296
1 9581471
1 2534689
1 9305386
1 30433
1 5972842
1 8191529
1 5671277
1 4464622
1 9910025
1 1097165
1 2883736
1 411533
1 9348642
1 7544191
1 6630630
1 7223449
1 4686274
1 1957758
1 2228800
1 3210191
1 4548809
1 390504
1 7201494
1 4765943
1 2893245
1 1599369
1 672124
1 3886960
1 2539524
1 7433000
1 8698291
1 4618484
1 6354984
1 3137702
1 1176979
1 6059565
1 2570550
1 6117252
1 6053894
1 7831339
1 1164486
1 8502887
1 7470659
1 2457443
1 1877415
1 5966491
1 1410616
1 1279427
1 1821375
1 624885
1 1652998
1 6788204
1 4191688
1 7711848
1 1642669
1 616348
1 7057055
1 3519675
1 586966
1 9631832
1 1954982
1 5749338
1 4646107
1 9539645
1 2591709
1 4179092
1 7671738
1 7039987
1 5011003
1 108314
1 5985813
1 5472645
1 3992376
1 5563033
1 8103561
1 1194746
1 1194765
1 7163448
1 9528276
1 6578351
1 9444172
1 127107
1 177218
1 5630080
1 9937432
1 6399505
1 617955
1 1381403
1 2638159
1 3705725
1 951698
1 6556335
1 3671934
1 7512470
1 7511148
1 7659647
1 1228373
1 5292733
1 2066996
1 3803639
1 95144
1 1328912
1 5353820
1 8887647
1 2571252
1 841581
1 1962475
1 4624249
1 8867567
1 3256677
1 8414489
1 7670226
1 3732115
1 5721818
1 5408353
1 4473800
1 4505401
1 2104201
1 6669135
1 4413437
1 5636627
1 4099799
1 4528071
1 7998307
1 2425237
1 9899127
1 7885236
1 2797244
1 6698476
1 1090001
1 9568399
1 3565629
1 9457179
1 136545
1 6061498
1 5871294
1 5773227
1 8981373
1 3754510
1 708598
1 5338090
1 4401004
1 9074225
1 3402439
1 2203900
1 8085820
1 1091876
1 5283670
1 8997372
1 5691517
1 7991283
1 1489472
1 8704473
1 4687682
1 8408545
1 3835786
1 7505909
1 8945385
1 723096
1 8770541
1 4776939
1 4440308
1 4931867
1 7150951
1 5301921
1 5891585
1 8795124
1 4180824
1 3685768
1 9970420
1 5978333
1 2228893
1 2493144
1 6310636
1 9586110
1 1872820
1 2702252
1 3346921
1 8910261
1 5062575
1 1676454
1 9903921
1 339131
1 7890609
1 8006106
1 4312729
1 2782173
1 7952566
1 7011614
1 4972815
1 7807936
1 1920266
1 4649646
1 4788773
1 5967277
1 3196566
1 8501434
1 4680529
1 2912062
1 6018332
1 2661244
1 1265379
1 1461988
1 3196228
1 2581682
1 4369422
1 2205203
1 1158405
1 3728369
1 2898082
1 1371283
1 4251919
1 9123809
1 9917949
1 9620594
1 6189904
1 2183631
1 8898581
1 7419654
1 2424259
1 2131482
1 6448062
1 1957112
1 1135349
1 1947406
1 9894555
1 8595934
1 3973768
1 3215875
1 4278767
1 5279348
1 930607
1 4077876
1 1060733
1 7675096
1 6657641
1 3059433
1 5246177
1 826155
1 6490574
1 2477312
1 6736335
1 9947914
1 5063689
1 6920185
1 732284
1 2207642
1 4716093
1 8401348
1 1046833
1 3857708
1 9830586
1 3271612
1 1992583
1 9436735
1 8900353
1 3824680
1 3271619
1 5312340
1 1366946
1 6863453
1 5893670
1 4196912
1 230959
1 6180210
1 2129046
1 5201928
1 3757828
1 9968255
1 1053902
1 6130858
1 9025949
1 7329397
1 4077348
1 2161962
1 4036202
1 8451433
1 2504705
1 2365342
1 1393312
1 4639160
1 5247659
1 3653504
1 4549387
1 5334661
1 6710845
1 3437549
1 3530643
1 2186119
1 891752
1 2736068
1 8479355
1 8146547
1 1004992
1 7183389
1 9383617
1 6284513
1 2189089
1 2807196
1 9379309
1 6658194
1 9619550
1 1924960
1 2488682
1 7774036
1 5034196
1 512942
1 621332
1 5065337
1 5867349
1 4259791
1 2845205
1 6271531
1 8266669
1 963146
1 1724229
1 3704472
1 8342924
1 6085921
1 3910871
1 5313644
1 7209988
1 1799022
1 5202309
1 9632230
1 4780306
1 9117112
1 8063869
1 2761017
1 2356239
1 3938694
1 9403991
1 696479
1 818877
1 4649771
1 7728704
1 9680745
1 2613867
1 5053582
1 6174253
1 5393405
1 4696565
1 1324379
1 1841268
1 8765741
1 6431248
1 8369371
1 8999378
1 4335800
1 7765477
1 3701554
1 3085902
1 9571597
1 3151523
1 4639013
1 8366566
1 7062808
1 5046746
1 3371753
1 7255005
1 7289841
1 5859136
1 4162480
1 953324
1 6385336
1 9567168
1 5626317
1 9983648
1 8512818
1 7952597
1 5177588
1 3781203
1 4579259
1 657658
1 907865
1 6320029
1 4843109
1 1460579
1 2926857
1 1303427
1 5558280
1 5447869
1 9456439
1 1477275
1 5931379
1 2522384
1 4469613
1 5418111
1 4444221
1 2494148
1 9023868
1 3364
1 564937
1 7250687
1 9702412
1 508234
1 2608751
1 4477913
1 4689375
1 1452592
1 5536287
1 2513727
1 5915012
1 8733031
1 5802035
1 6775158
1 4323077
1 1793749
1 4453667
1 8832488
1 1585204
1 8236493
1 1299084
1 7876387
1 6516672
1 5623255
1 5549893
1 6031586
1 7725980
1 8450679
1 4975264
1 773013
1 7584053
1 549215
1 3103739
1 2994137
1 2361953
1 1334617
1 1827682
1 7455066
1 2058938
1 9938985
1 5389341
1 5405013
1 3862803
1 5837591
1 9587617
1 5844656
1 3989188
1 6850459
1 6335773
1 5916036
1 8149754
1 1723803
1 6624932
1 2552283
1 4464223
1 1241399
1 6974287
1 589765
1 8330695
1 1473707
1 7848579
1 513492
1 2127772
1 1805331
1 2220952
1 240608
1 4772392
1 905107
1 5926391
1 647359
1 3339580
1 9342931
1 1240872
1 878138
1 291307
1 246795
1 192391
1 8547667
1 3232126
1 1005075
1 6334288
1 3121767
1 9050476
1 2749775
1 2300474
1 8941203
1 1331788
1 583171
1 4290912
1 3806907
1 5155709
1 388803
1 7632650
1 1244378
1 3671729
1 1747538
1 2881839
1 8240136
1 425005
1 1908231
1 8059333
1 5756099
1 5030610
1 4410461
1 7336272
1 6561513
1 5685823
1 1635218
1 9824806
1 2276889
1 5816795
1 7852503
1 7269692
1 9087722
1 9261774
1 8664370
1 1672088
1 749198
1 8189310
1 9663709
1 4767032
1 9139424
1 2060258
1 2554748
1 6935454
1 1533478
1 7567717
1 877786
1 1900313
1 5836273
1 9223127
1 790400
1 2908378
1 3636717
1 8185454
1 7873181
1 4500615
1 2950361
1 9428650
1 6041485
1 1468039
1 6873347
1 4012549
1 2528165
1 2941345
1 4354263
1 1953856
1 9376531
1 3227958
1 3353040
1 9094746
1 7044923
1 1017951
1 37208
1 1584812
1 8183453
1 9960813
1 6361875
1 7711018
1 2247656
1 6495714
1 8261879
1 717026
1 2307437
1 8685447
1 9504902
1 6676271
1 5346975
1 9816419
1 5153997
1 5954729
1 3234742
1 4437880
1 6640052
1 7260238
1 1054261
1 6183577
1 3241915
1 9724402
1 2640515
1 862273
1 454652
1 4160487
1 8090245
1 1965401
1 8540291
1 4708154
1 3309035
1 5349172
1 3591656
1 7900292
1 576669
1 7032697
1 3155749
1 3133868
1 4882712
1 9123558
1 9368801
1 8617527
1 3388138
1 1888154
1 1641819
1 4334692
1 9921466
1 8509975
1 7354323
1 6911096
1 9170241
1 2570449
1 8783784
1 8973749
1 7172379
1 1505843
1 8527257
1 2407542
1 9144939
1 9814117
1 89717
1 886031
1 2919513
1 4552189
1 6603467
1 5356882
1 6849250
1 7233487
1 2784912
1 8784650
1 8709651
1 4642186
1 7345093
1 3424934
1 2113668
1 3886584
1 9441258
1 4471311
1 8690416
1 3028403
1 1153977
1 4511914
1 214798
1 1358862
1 7355721
1 4544595
1 4543292
1 7251470
1 382609
1 7634321
1 3706426
1 5474182
1 7953053
1 1230038
1 6889804
1 4584366
1 7607495
1 7067508
1 1449613
1 6332275
1 7886541
1 7796235
1 9356255
1 8601656
1 9492110
1 6336426
1 110696
1 405726
1 9956428
1 7560624
1 8534358
1 9741635
1 50782
1 8569144
1 8739391
1 4235624
1 2810465
1 2512358
1 275878
1 6260695
1 6414530
1 555588
1 1626735
1 1543110
1 2611607
1 8108624
1 297444
1 9236224
1 3716919
1 5869648
1 1680421
1 2567933
1 461900
1 5542629
1 2816380
1 8897112
1 7200255
1 8417789
1 8608403
1 6344325
1 8373107
1 339786
1 9756847
1 8773997
1 8042120
1 8432037
1 3665483
1 5943785
1 9871565
1 4870628
1 1099423
1 5695017
1 6273557
1 6377643
1 82943
1 4525506
1 9901749
1 1586486
1 3617364
1 296184
1 6547926
1 6388832
1 2679250
1 8447024
1 8423471
1 1353749
1 253674
1 9755235
1 2677740
1 3993563
1 4471263
1 5925190
1 3718277
1 2708944
1 8119495
1 8728963
1 8933129
1 7915563
1 5512326
1 355971
1 5257341
1 8405642
1 1813596
1 9402939
1 1058818
1 7702884
1 3041713
1 8957682
1 9652059
1 9813655
1 1806250
1 9898364
1 4756750
1 6995492
1 5867971
1 8447780
1 5880658
1 2591330
1 9534902
1 5038734
1 2067503
1 1425617
1 6632002
1 9939261
1 5007442
1 1552294
1 8247523
1 7339511
1 5045555
1 3341911
1 459791
1 3039873
1 518948
1 9802313
1 4847687
1 7320309
1 7541328
1 8537478
1 9284837
1 9428403
1 7196013
1 4112757
1 5718581
1 4820501
1 9182674
1 2267527
1 3964067
1 4231789
1 8875401
1 1130879
1 9666770
1 9476156
1 1469795
1 1746480
1 237067
1 5694593
1 814729
1 1439207
1 640631
1 6237193
1 2412474
1 7687994
1 1243678
1 6283277
1 5223456
1 1635647
1 6597785
1 8207766
1 4246666
1 3696923
1 3576450
1 6066706
1 1036046
1 791867
1 7579766
1 3470138
1 9981373
1 459797
1 6802065
1 7654089
1 3948630
1 8452440
1 7582915
1 8506546
1 5234240
1 5354982
1 1362977
1 2643022
1 943198
1 2406537
1 6602514
1 8244340
1 391792
1 8528731
1 9656317
1 6629784
1 7063281
1 8154395
1 9724831
1 4302113
1 7664794
1 489869
1 6868883
1 5291218
1 2046195
1 6491874
1 5499840
1 7894044
1 6058371
1 1101824
1 5044455
1 9374889
1 1111534
1 5110208
1 7721780
1 4606004
1 6996220
1 3532530
1 9705258
1 5433971
1 5038138
1 5706860
1 3245142
1 9407909
1 6592989
1 4307307
1 7450232
1 137159
1 8563513
1 1134817
1 1140061
1 8716899
1 4527884
1 4817780
1 1672106
1 3784645
1 2533082
1 2057350
1 5488330
1 5578541
1 8967219
1 7715923
1 7689716
1 9746473
1 7244036
1 5627656
1 177008
1 6260724
1 609821
1 8220197
1 5863798
1 1026035
1 5357286
1 4652550
1 8517972
1 4849235
1 2372545
1 6943149
1 4579940
1 6375916
1 5094329
1 6246001
1 4753177
1 4253002
1 2723088
1 8601901
1 6809490
1 3409499
1 8353092
1 723444
1 9607525
1 8166156
1 2903630
1 7962747
1 6678674
1 3212923
1 8975431
1 5736785
1 3863075
1 3050416
1 4422317
1 427014
1 9522458
1 1009873
1 2144299
1 2308889
1 8520809
1 6297451
1 2073606
1 2510514
1 8989957
1 584398
1 9945172
1 9539874
1 9459031
1 8668081
1 6436323
1 2554016
1 5806686
1 445562
1 7794225
1 1004221
1 9417769
1 8406312
1 7222812
1 4542380
1 8994886
1 8979668
1 4992048
1 551264
1 250483
1 1942396
1 4612877
1 1705846
1 3689507
1 2505230
1 8623662
1 6321538
1 5061699
1 3244956
1 1697013
1 9164219
1 2217364
1 8735137
1 8449342
1 210122
1 3663763
1 4159153
1 6799414
1 3399475
1 2611171
1 825404
1 6496118
1 5738329
1 6591130
1 8784136
1 9763607
1 4723240
1 6918729
1 801616
1 3696123
1 4680028
1 568763
1 1514538
1 8295319
1 8607960
1 5149161
1 2189495
1 7530388
1 9703468
1 475768
1 6597589
1 8236407
1 3194849
1 4977026
1 8944980
1 3170930
1 7397443
1 707094
1 4967636
1 2707063
1 153496
1 285855
1 7446657
1 1259969
1 3040004
1 2259522
1 8522177
1 9515015
1 9360123
1 5696579
1 9997293
1 1798704
1 7440041
1 3127389
1 8804286
1 8022850
1 9665058
1 6853671
1 4511209
1 2069546
1 9504978
1 4230144
1 3119053
1 5587619
1 7673872
1 457349
1 3103727
1 1673982
1 2730768
1 7975763
1 8616896
1 4966272
1 4059323
1 5645483
1 8284235
1 1499320
1 3738327
1 796084
1 7573878
1 1867684
1 4403614
1 4540655
1 6384091
1 4292056
1 6387085
1 2032911
1 3814441
1 849589
1 2645613
1 3999321
1 4495861
1 1906865
1 8255677
1 3463653
1 5541833
1 3910860
1 8807615
1 351185
1 5721746
1 5313973
1 370104
1 6638138
1 1018260
1 894946
1 1701390
1 3944612
1 9800603
1 6662357
1 9119670
1 2202304
1 9324592
1 8656435
1 2298201
1 5642992
1 7568675
1 1376732
1 603083
1 7944427
1 1912746
1 6672767
1 7039652
1 7174638
1 4548227
1 6160342
1 1979520
1 9657454
1 8612687
1 6692071
1 5269156
1 8679389
1 8649093
1 2157678
1 6261801
1 4523313
1 3377046
1 1894290
1 3618340
1 2064782
1 1503393
1 496626
1 8986601
1 3519036
1 5557297
1 6516668
1 6532598
1 2320797
1 3920632
1 7581391
1 3481314
1 9541422
1 1163818
1 6711202
1 508597
1 3574981
1 5669703
1 4074042
1 8861070
1 6668369
1 2009636
1 7705994
1 8122057
1 185469
1 89187
1 3908239
1 7982703
1 3558746
1 6387443
1 9448753
1 2464938
1 7518025
1 6087129
1 6135756
1 4578740
1 7420039
1 9303377
1 3048539
1 7841292
1 1259615
1 2040886
1 1667300
1 3625920
1 6186232
1 2984668
1 6861297
1 7463301
1 4957352
1 4147739
1 4840373
1 33887
1 3221140
1 87506
1 3603554
1 7163718
1 4046757
1 5436193
1 4613035
1 5220864
1 1413551
1 6069371
1 7879267
1 9218818
1 3081098
1 2908273
1 8921266
1 6997243
1 9929266
1 6203806
1 1474659
1 5122026
1 377741
1 2643388
1 4355973
1 1241238
1 8062951
1 5626460
1 9546181
1 9093085
1 8728322
1 3022748
1 2700871
1 1979759
1 8287469
1 7997304
1 7122207
1 1506557
1 8709085
1 6947229
1 3596529
1 5193128
1 9479327
1 5993648
1 4941171
1 7349709
1 4529184
1 4615655
1 6737030
1 7377002
1 9609199
1 3568727
1 2222876
1 9733577
1 5275724
1 2305964
1 6617510
1 932164
1 8441535
1 253280
1 9151456
1 3456262
1 3923635
1 6096722
1 8812942
1 2628259
1 4126443
1 6966137
1 7435336
1 1645576
1 4251773
1 8177420
1 6393307
1 9806529
1 5200734
1 2073484
1 3447833
1 7517326
1 3175528
1 515536
1 8931423
1 9564396
1 3891532
1 10194
1 4612505
1 7166480
1 8626169
1 6174233
1 5174199
1 2053666
1 8875615
1 6732253
1 103378
1 8629582
1 5092590
1 4584378
1 7741535
1 194805
1 1188795
1 1774526
1 2288957
1 1427683
1 8508462
1 4547875
1 4795042
1 7283932
1 4783351
1 1312497
1 3433739
1 4563790
1 2956435
1 8667984
1 3730713
1 7927997
1 9218314
1 3484807
1 2596545
1 5578176
1 1738960
1 5916263
1 1654042
1 6081723
1 2157012
1 8280917
1 8829192
1 9071704
1 4736008
1 3435141
1 3980990
1 6745847
1 47087
1 6733633
1 6027727
1 2153925
1 9279257
1 9222365
1 3371874
1 1097590
1 7958239
1 5186974
1 9837665
1 9905894
1 1408320
1 4326225
1 2473046
1 6759301
1 3944686
1 853943
1 3979464
1 2400580
1 5027871
1 2939183
1 1252478
1 9782563
1 3131754
1 2729603
1 3129094
1 3163426
1 2696179
1 7123250
1 591694
1 7705044
1 4461602
1 363711
1 4280208
1 4248607
1 6986434
1 7361312
1 2258350
1 8730854
1 4608623
1 971152
1 9278716
1 9117007
1 822289
1 9544120
1 179155
1 8928384
1 6599570
1 8335676
1 6546005
1 7065941
1 5679507
1 4409229
1 8896083
1 5414554
1 3237068
1 9264695
1 7769475
1 2879392
1 8439806
1 9940937
1 9952133
1 3470273
1 341544
1 6303878
1 7404144
1 46961
1 8215523
1 7968560
1 5247204
1 9200144
1 7304135
1 2049510
1 2327181
1 7395495
1 2141179
1 18223
1 4307541
1 8682378
1 8609686
1 5581008
1 8791807
1 5161000
1 1790738
1 7377972
1 3973192
1 1779827
1 8696199
1 5429525
1 8146327
1 8324035
1 9576739
1 7760933
1 7161629
1 6011610
1 5022611
1 4619660
1 4826343
1 1569191
1 4820696
1 625740
1 8033965
1 408936
1 1074984
1 3959418
1 309121
1 2309653
1 8979385
1 3566987
1 9981081
1 1918791
1 8508310
1 6279046
1 6999658
1 4750061
1 864661
1 9575079
1 4078809
1 5482001
1 6133728
1 79925
1 2903072
1 1526273
1 9628308
1 4660798
1 180000
1 7184088
1 7780279
1 6520526
1 3934301
1 3769939
1 6853958
1 6904023
1 5717243
1 372201
1 2780499
1 1118102
1 8005910
1 8018462
1 2586160
1 5234906
1 6183311
1 613566
1 6712629
1 4091946
1 6527308
1 9133155
1 6929946
1 8036439
1 4549011
1 573707
1 3885569
1 8538083
1 8769704
1 7066442
1 5327346
1 4564085
1 5123591
1 2433207
1 2445272
1 122185
1 1600273
1 3188593
1 9452878
1 4026664
1 3825270
1 464321
1 8116597
1 2857667
1 878579
1 846750
1 5383556
1 1433208
1 599507
1 4972795
1 2006587
1 5237727
1 6042045
1 207533
1 9667622
1 451704
1 3226020
1 501367
1 4847906
1 5319786
1 515516
1 6656383
1 1588471
1 8713294
1 5799706
1 1235897
1 3587188
1 1716806
1 2815559
1 7233400
1 4232960
1 8012100
1 7016298
1 2972915
1 4184249
1 9454432
1 6910074
1 8883534
1 4957614
1 3908003
1 4042223
1 3324762
1 6778774
1 3661990
1 9549935
1 5417491
1 7828899
1 7978407
1 6670975
1 6533259
1 5526320
1 4059829
1 9966090
1 2468072
1 1729232
1 3305399
1 5209031
1 143371
1 7973549
1 4684772
1 2150688
1 8123289
1 5201873
1 4137339
1 2019200
1 624000
1 3452415
1 5291205
1 8423194
1 2310967
1 332102
1 7858449
1 3775991
1 2400345
1 4323900
1 7987450
1 590007
1 5610394
1 5011110
1 8890055
1 1956426
1 6299810
1 4427341
1 9587479
1 8370112
1 8048279
1 5069052
1 7243703
1 4549759
1 6160218
1 60561
1 4036384
1 6683708
1 9716870
1 2575424
1 2404031
1 7626722
1 3733497
1 4189179
1 4524115
1 9776653
1 1064749
1 5213882
1 1846010
1 7858091
1 8617422
1 9106641
1 7802103
1 6618675
1 4680270
1 8406073
1 4678496
1 796749
1 1287147
1 5025201
1 7772302
1 2397704
1 8234679
1 4398004
1 5574094
1 209691
1 13366
1 5228076
1 7522229
1 2676220
1 9398216
1 3961652
1 2562526
1 8103645
1 7116677
1 753740
1 9777957
1 7976846
1 2719858
1 2911614
1 9536744
1 4953991
1 1524755
1 7333508
1 325657
1 8701269
1 2262741
1 9503611
1 6140490
1 9660999
1 8056911
1 3467548
1 5287307
1 122035
1 3936218
1 3472790
1 4675042
1 3842274
1 1565211
1 2711348
1 2633567
1 3589499
1 4609049
1 7419604
1 3681376
1 9006289
1 5252727
1 8807273
1 8681050
1 4822744
1 6451559
1 9551002
1 868299
1 8980341
1 5726576
1 8841781
1 6345408
1 4629183
1 7381987
1 4320975
1 9543687
1 4384807
1 1312712
1 1608539
1 722834
1 4536150
1 7437616
1 7151567
1 3144513
1 9433925
1 18818
1 1298859
1 2517246
1 1720307
1 2952788
1 1981016
1 4389601
1 5738404
1 8360618
1 5997437
1 7462017
1 9849904
1 7348855
1 4885833
1 2310268
1 6501987
1 831456
1 2223334
1 4573075
1 2582929
1 948676
1 2560998
1 7578985
1 9423857
1 2237050
1 6169531
1 3739894
1 6941454
1 4401699
1 4214917
1 6239625
1 3980855
1 3334921
1 4459176
1 6624296
1 8445327
1 5417410
1 6210988
1 5828156
1 298580
1 780429
1 273328
1 8413777
1 186199
1 1565084
1 3984492
1 5543353
1 3379705
1 9682442
1 7795522
1 5938834
1 1769778
1 1472568
1 167161
1 9484045
1 5487869
1 4865377
1 2598383
1 1764920
1 2775781
1 8983741
1 3189867
1 4364506
1 8756070
1 8266841
1 3907792
1 8794638
1 4077183
1 7575869
1 2806165
1 207116
1 3652650
1 3953202
1 9441433
1 3977561
1 3824265
1 9059376
1 7828432
1 7173208
1 4894292
1 6095844
1 4792522
1 2207863
1 7037152
1 6595238
1 9703137
1 8342891
1 2935569
1 9690007
1 952973
1 9328754
1 2495157
1 2674693
1 631283
1 8168717
1 2724970
1 2162084
1 9837909
1 515874
1 5331936
1 6822147
1 6241772
1 8255820
1 3711517
1 1513717
1 3149705
1 7098956
1 6650590
1 2150820
1 6693240
1 1005303
1 2221375
1 8121468
1 5456807
1 3737675
1 4198937
1 2939424
1 5531656
1 3318397
1 7995440
1 1820231
1 2542255
1 6127253
1 3488870
1 3932182
1 8524861
1 3501176
1 8880251
1 7943343
1 4054101
1 6694079
1 6810287
1 9776460
1 2489928
1 1424886
1 7706762
1 2636164
1 7271221
1 7982444
1 3453164
1 9894111
1 9182015
1 5620157
1 4042057
1 8912916
1 2979748
1 4752553
1 2908415
1 7565699
1 5330221
1 8519845
1 5217701
1 2803516
1 2760033
1 6292327
1 6666100
1 3644674
1 68746
1 9221200
1 1292413
1 8249132
1 2276290
1 4782284
1 4660169
1 4377813
1 6200386
1 6135210
1 2310996
1 4781115
1 5889806
1 431306
1 2969444
1 9592944
1 1264877
1 4685525
1 4397177
1 1656306
1 1861841
1 6469733
1 9888803
1 7270170
1 8687641
1 2035556
1 8749861
1 6500333
1 8164586
1 9092001
1 5805844
1 7272845
1 1582382
1 2519340
1 4157722
1 6652737
1 5448097
1 1357182
1 9521456
1 5577383
1 6340079
1 8431730
1 2583972
1 1115762
1 8167839
1 7864806
1 9107454
1 8179815
1 1724741
1 5504877
1 5471540
1 5520417
1 3215996
1 2303928
1 4943598
1 2692650
1 7733161
1 1277808
1 7775396
1 9370627
1 7150902
1 6033801
1 9366447
1 5293365
1 7966868
1 4847704
1 9430745
1 6215092
1 1882957
1 9325707
1 1546990
1 7115213
1 5642412
1 8396158
1 5705483
1 511839
1 7423065
1 4731982
1 2945138
1 2087123
1 3674363
1 6991876
1 6805352
1 7034549
1 1172639
1 9116618
1 2722619
1 3703553
1 2626089
1 1298359
1 4402652
1 7800215
1 1458314
1 1638906
1 1662303
1 9466887
1 5366853
1 881435
1 7282412
1 5959260
1 7679972
1 2631884
1 386347
1 3488844
1 6999435
1 6182740
1 9247270
1 6790597
1 5148098
1 9937296
1 3755577
1 3350307
1 7970605
1 1378620
1 7638102
1 8221797
1 1433337
1 5113928
1 7540596
1 6072459
1 7640161
1 1074316
1 8309945
1 7661244
1 8414345
1 6456978
1 7411083
1 8696546
1 6253861
1 109819
1 8425111
1 4431061
1 5165682
1 1819594
1 2034473
1 1967278
1 8371522
1 9615873
1 9699511
1 9514510
1 2146613
1 9748450
1 4712071
1 2715024
1 8607767
1 7736494
1 2706303
1 319990
1 8246400
1 3249570
1 3798273
1 8732259
1 8942559
1 4975712
1 8787560
1 9428531
1 5129183
1 8089214
1 6577670
1 6125767
1 7330518
1 8699940
1 7759794
1 9100314
1 6827076
1 1875162
1 1651700
1 7106316
1 2067509
1 2458484
1 8036581
1 542915
1 6769359
1 2897209
1 1534902
1 2766094
1 8269835
1 5502491
1 2347874
1 7716188
1 3541566
1 8975248
1 5069082
1 2949959
1 6705312
1 4214203
1 5466250
1 5260280
1 5026122
1 2030362
1 2079048
1 609259
1 8030352
1 6170676
1 1611844
1 457068
1 7612691
1 561167
1 7991075
1 1985272
1 5012949
1 4956366
1 7405162
1 9339264
1 4388374
1 4733656
1 9349318
1 127460
1 5225903
1 154364
1 4055679
1 6854709
1 6176782
1 6837050
1 5748226
1 6413277
1 7037640
1 3245617
1 8016711
1 1521658
1 2912661
1 1974510
1 7287498
1 5397432
1 9730529
1 3550620
1 6298795
1 6152513
1 2710230
1 1598283
1 5916894
1 8158322
1 4595618
1 449838
1 3748156
1 4508283
1 8755453
1 7097998
1 9238002
1 5463186
1 1294590
1 6359295
1 2739969
1 7485177
1 6184964
1 8858639
1 9189327
1 828301
1 5982489
1 5454426
1 2381474
1 6354038
1 3765473
1 1304348
1 3512485
1 8329000
1 7327723
1 2562897
1 9050320
1 200253
1 6842872
1 9406071
1 5639966
1 1219350
1 6427067
1 8137826
1 593075
1 6841973
1 5175503
1 8259877
1 383188
1 7262722
1 1966070
1 9371086
1 6222812
1 3235630
1 7546292
1 5978017
1 8126084
1 1590227
1 3240455
1 3263847
1 5590457
1 2077523
1 3441856
1 8200288
1 152146
1 9537818
1 9875242
1 7097880
1 6164366
1 6589011
1 7425843
1 4524739
1 1394432
1 7026994
1 1029699
1 1174547
1 6428652
1 7170610
1 745610
1 8861199
1 2001625
1 9857598
1 6678364
1 8925381
1 9630268
1 3257740
1 4530094
1 6697959
1 6382397
1 9396226
1 12578
1 4634946
1 17933
1 4631859
1 4974062
1 2181828
1 984149
1 4727096
1 1388288
1 4027266
1 3898845
1 1665445
1 1615485
1 4443178
1 3292180
1 1343556
1 7077851
1 7851991
1 2981537
1 4411872
1 6434205
1 3906876
1 9483749
1 8150262
1 3671655
1 7184849
1 5503888
1 8551740
1 8234872
1 5439002
1 6342027
1 9038467
1 698824
1 3444037
1 3638010
1 4168150
1 725312
1 4266976
1 1751285
1 9513263
1 8187786
1 8614333
1 7015582
1 7108515
1 9498266
1 1258354
1 2630578
1 1333945
1 8422501
1 3725684
1 2199917
1 3979788
1 7124862
1 2065365
1 1292373
1 6894374
1 3681402
1 4085989
1 763498
1 7310070
1 8771901
1 6383885
1 1225626
1 3282072
1 7640354
1 6119116
1 1798365
1 4515734
1 7343703
1 6611372
1 5545539
1 4957056
1 2255958
1 8283237
1 8233764
1 6478159
1 8204345
1 4170462
1 8525466
1 4843263
1 7854761
1 4761647
1 9078246
1 5733537
1 5992365
1 16111
1 4428561
1 5514213
1 2234552
1 2377078
1 5680921
1 1057922
1 8352237
1 1362662
1 9243874
1 9756650
1 7328949
1 9217071
1 5842425
1 4683298
1 3367366
1 8545260
1 2322878
1 2800346
1 1817935
1 5345526
1 4453285
1 6739215
1 1117073
1 1463279
1 3966731
1 5655615
1 2557075
1 2121840
1 4933465
1 3026207
1 4762274
1 2826539
1 1479245
1 522557
1 8013554
1 7209693
1 570497
1 9991228
1 4028365
1 1280940
1 9456327
1 5510429
1 2593889
1 9184120
1 5318879
1 7135825
1 3214078
1 2765993
1 5125074
1 2466452
1 5753180
1 285066
1 7540900
1 7726604
1 2708524
1 5173917
1 378062
1 8792322
1 9156424
1 7412227
1 4498945
1 6371174
1 7109997
1 5802406
1 8855603
1 1315127
1 6474479
1 2888206
1 512507
1 4436629
1 2232671
1 9869270
1 8726115
1 6869533
1 8167123
1 7451332
1 5405832
1 908912
1 3565467
1 7262562
1 5389975
1 9104799
1 5587810
1 3639490
1 1140703
1 5073373
1 3572458
1 4961758
1 8511148
1 7458078
1 4507554
1 8793038
1 1923201
1 9207242
1 2155215
1 3783747
1 9807182
1 5897795
1 619087
1 7315624
1 8229782
1 5349813
1 4956311
1 2715870
1 3541389
1 8261599
1 6018673
1 3188604
1 4111641
1 1300385
1 6327805
1 8033955
1 6836657
1 3109785
1 2452340
1 4784051
1 3663131
1 4595263
1 9233478
1 3999366
1 5890915
1 4628682
1 8731804
1 6084920
1 3015971
1 6594673
1 5997932
1 9948164
1 9998977
1 9118534
1 2891953
1 6339922
1 8192490
1 8385631
1 8478047
1 4477130
1 6956574
1 375325
1 4980965
1 4606271
1 1417080
1 7022019
1 913078
1 4565554
1 8345548
1 2162236
1 2207377
1 6206140
1 8875509
1 8278778
1 4711580
1 9760895
1 5622481
1 4806440
1 897971
1 1593625
1 6895290
1 474491
1 3999936
1 2149860
1 504273
1 460052
1 6815013
1 6467660
1 2347523
1 9297682
1 1607385
1 5242812
1 797997
1 3340252
1 338683
1 7454374
1 7625128
1 2251489
1 4634096
1 8900863
1 789214
1 6443927
1 193112
1 3221750
1 6932543
1 7470493
1 2643534
1 4715895
1 8070883
1 2783917
1 9209440
1 4270585
1 4213531
1 448585
1 2251423
1 513785
1 9522402
1 7988472
1 1544078
1 2326208
1 508794
1 8159425
1 7993886
1 1197536
1 3226829
1 3949674
1 1859823
1 4673484
1 3805400
1 7925236
1 5789642
1 8038510
1 7374539
1 1149784
1 6731910
1 2110013
1 9756520
1 6928927
1 6764211
1 8139650
1 1574822
1 2528671
1 9535239
1 9290805
1 4896932
1 7083889
1 2944795
1 2845397
1 5307312
1 2742303
1 1215268
1 9102796
1 3795979
1 5365893
1 4955439
1 6463002
1 6837454
1 3890673
1 3868953
1 2268251
1 5486994
1 6435750
1 1660782
1 1225303
1 6379736
1 9989537
1 6997153
1 1600774
1 3906630
1 2783637
1 9015582
1 8474151
1 7800269
1 7556187
1 1868313
1 7815446
1 9502586
1 7361081
1 7755989
1 9642834
1 3588416
1 522565
1 796705
1 6259601
1 1117598
1 7734782
1 9035552
1 6201393
1 6581101
1 9307233
1 568120
1 8930648
1 429581
1 7070092
1 3026362
1 3607879
1 9141233
1 872090
1 7503928
1 4620175
1 6003107
1 3201327
1 1351773
1 4885708
1 9789033
1 5026702
1 2158925
1 2663735
1 1383765
1 2391858
1 1432979
1 2949248
1 5180134
1 3454300
1 2751080
1 3495519
1 5742203
1 8636874
1 3100739
1 81812
1 603195
1 395709
1 8900889
1 4705776
1 9128444
1 2587325
1 6723945
1 8600414
1 7027561
1 4636669
1 9325098
1 1813882
1 6096884
1 3475022
1 7384587
1 9369877
1 1180406
1 9334066
1 4954346
1 2401517
1 4100445
1 9226110
1 3420423
1 5185469
1 6040922
1 9331181
1 5489164
1 6980008
1 6956875
1 2487264
1 737224
1 9392036
1 560065
1 115205
1 1277120
1 7468919
1 7710444
1 1602369
1 229069
1 4726705
1 3045091
1 3836546
1 2946467
1 2946358
1 3599981
1 6502565
1 5426595
1 2201367
1 1845448
1 8148430
1 9923348
1 4118274
1 8593687
1 9786653
1 9365823
1 7974703
1 1468866
1 2935840
1 7869586
1 3830419
1 2750912
1 3575584
1 4172442
1 5639118
1 3125476
1 4465208
1 3580352
1 5978333
1 4712704
1 5042403
1 2862526
1 9373103
1 397452
1 372039
1 4214452
1 9106795
1 9696471
1 450694
1 1581210
1 7329812
1 4639629
1 5585037
1 8701207
1 7634671
1 4128757
1 8171356
1 7402104
1 1289318
1 6669671
1 7266769
1 34986
1 197781
1 6228991
1 5921446
1 556707
1 4791016
1 3771523
1 1625930
1 7210935
1 4604160
1 2363460
1 1422438
1 8434582
1 1354792
1 6018700
1 1728733
1 9706207
1 8280616
1 6272928
1 8288831
1 6607345
1 4845922
1 2238533
1 2524273
1 8391414
1 6603290
1 3486626
1 8979374
1 8407499
1 2392854
1 7144959
1 2384824
1 4307832
1 729092
1 8922541
1 4389922
1 4917879
1 9011153
1 4515205
1 4247484
1 4361351
1 6079980
1 3873460
1 1386430
1 998898
1 4319025
1 6850434
1 7302262
1 4838918
1 2900737
1 4507501
1 3412700
1 5544710
1 6551016
1 7229355
1 9668943
1 9396015
1 4535371
1 2895026
1 3150637
1 6748204
1 3094418
1 541972
1 2028905
1 6908586
1 2346583
1 1125311
1 2587605
1 787413
1 2326530
1 6122764
1 9886945
1 9188694
1 1095068
1 3585135
1 8270301
1 746164
1 1212977
1 3994115
1 9053752
1 5708575
1 6084182
1 3812908
1 2022092
1 8234877
1 8109514
1 4522991
1 8171618
1 2599400
1 4640888
1 7966507
1 7998463
1 4487063
1 9008762
1 1290807
1 1503076
1 9999982
1 6971405
1 855502
1 3369086
1 6218981
1 2819254
1 3394865
1 7355692
1 9134503
1 3753435
1 2771365
1 7407146
1 8939353
1 9289916
1 3458653
1 6889269
1 4700128
1 4032807
1 9147305
1 6865092
1 4242571
1 2394763
1 3103775
1 302222
1 7205129
1 7016798
1 2334574
1 8953993
1 5556096
1 3236905
1 4104535
1 7698197
1 6882415
1 612458
1 3919848
1 2716848
1 7008865
1 1138342
1 710337
1 7078042
1 4590610
1 5909036
1 696608
1 1897732
1 201557
1 7084155
1 9926826
1 9027377
1 6992055
1 9630577
1 9544173
1 1768281
1 9183191
1 1813538
1 1380108
1 5281418
1 2698122
1 5847677
1 4686773
1 6478350
1 8053125
1 1783162
1 2846596
1 3323264
1 6029590
1 8394753
1 485322
1 6497294
1 4053334
1 3934822
1 7019622
1 9424024
1 9667305
1 3480485
1 1451308
1 900445
1 9797150
1 3525512
1 4763793
1 2391739
1 5519432
1 1173636
1 430934
1 81183
1 4175400
1 5977115
1 1145917
1 3157699
1 5384755
1 1545529
1 5564807
1 1015377
1 8228796
1 7942999
1 5207067
1 267998
1 6045105
1 9912631
1 2221995
1 6116254
1 1645054
1 9421439
1 2950359
1 7022490
1 7616444
1 7869536
1 6870422
1 2703737
1 9322985
1 3543689
1 8709741
1 9104395
1 8020728
1 9828885
1 1475994
1 6111432
1 9685879
1 2693662
1 89713
1 7570334
1 7128060
1 6858571
1 2290647
1 3244276
1 258603
1 5887455
1 2502197
1 6332302
1 6940599
1 2758206
1 2828347
1 1792987
1 3337278
1 5577608
1 4228959
1 9119254
1 313525
1 9093907
1 9605032
1 9985282
1 3415562
1 4222062
1 5559101
1 4827379
1 7996721
1 4857634
1 2299801
1 6747129
1 4222985
1 5241752
1 3097476
1 2346124
1 3686094
1 9137868
1 4655660
1 9286721
1 6994006
1 288851
1 9050031
1 8967376
1 9346531
1 1682713
1 5285062
1 588740
1 3367559
1 4824083
1 5785852
1 9012335
1 9549435
1 4675714
1 3265297
1 445754
1 7576311
1 2553609
1 8839769
1 145671
1 205768
1 6812367
1 6710925
1 6568783
1 5898246
1 4702307
1 5768279
1 1776029
1 5063492
1 7576787
1 955187
1 5503468
1 3742348
1 2379867
1 5696027
1 4369894
1 7415829
1 6130899
1 3067717
1 6461203
1 5536825
1 8871215
1 4985675
1 4756840
1 6669616
1 2600900
1 5313759
1 5295518
1 6950397
1 3350940
1 5442488
1 7198299
1 5110263
1 2832954
1 9984056
1 4869873
1 2723114
1 7934224
1 1864882
1 4057654
1 2626460
1 3003162
1 4614133
1 9695179
1 6020787
1 2663349
1 4718902
1 8336074
1 1000649
1 3477172
1 9092745
1 6399493
1 2011817
1 5111172
1 9613869
1 1810173
1 5959671
1 4608664
1 458875
1 8680621
1 7331549
1 8229168
1 8723939
1 479895
1 8145324
1 4098238
1 2473202
1 8511522
1 9907933
1 9070630
1 8824352
1 6017770
1 3911980
1 4611261
1 8479529
1 4961559
1 5778237
1 7658864
1 6371030
1 7863753
1 7405164
1 7767795
1 509622
1 6113329
1 8582972
1 857383
1 5458139
1 641217
1 4232520
1 8154328
1 3567970
1 1659518
1 2552216
1 2402000
1 3376863
1 498394
1 2890486
1 2120753
1 8606361
1 8399409
1 8766882
1 7404032
1 5837889
1 5535245
1 4175306
1 9377462
1 715125
1 7662074
1 7044603
1 7108625
1 7820099
1 6007688
1 5810110
1 1925818
1 1440640
1 2379869
1 840906
1 8433467
1 7661933
1 17133
1 7122543
1 6496070
1 9954526
1 7794568
1 2430819
1 8096113
1 5351711
1 5173603
1 4300468
1 3703016
1 221428
1 2290899
1 3237232
1 3213045
1 9715209
1 4381207
1 4716770
1 7884065
1 9962462
1 5587269
1 3941408
1 6202146
1 7297074
1 5873376
1 776914
1 4995837
1 7891730
1 2298231
1 5161353
1 3401007
1 8518130
1 9331279
1 2112316
1 8709877
1 625643
1 3932557
1 554064
1 785041
1 8895190
1 6582489
1 7559103
1 9887126
1 7013364
1 4066286
1 4832086
1 9837197
1 6393691
1 1738429
1 1943009
1 102291
1 4508616
1 3334971
1 211016
1 3422930
1 1473900
1 9438698
1 1991498
1 9930972
1 2087532
1 2065833
1 950690
1 7779082
1 1824117
1 6651839
1 450096
1 682390
1 9509189
1 1366262
1 5200738
1 3094776
1 9959464
1 1838776
1 8298489
1 2952487
1 8568401
1 5220960
1 4658273
1 4215218
1 7854124
1 6500781
1 6361762
1 8347129
1 8120727
1 4167574
1 400695
1 2728757
1 6939961
1 5677096
1 9108714
1 4583519
1 4795385
1 6945475
1 9314761
1 9830663
1 9117149
1 1774323
1 5028959
1 3974537
1 734839
1 3155264
1 7593833
1 6934654
1 5729125
1 6669064
1 3641306
1 9929014
1 2139879
1 1502796
1 3608225
1 5338965
1 6389787
1 7625359
1 1392063
1 2490352
1 337283
1 9081863
1 5411521
1 2341687
1 730186
1 6911457
1 2410286
1 4251444
1 7695327
1 3063961
1 3363174
1 7493037
1 3806198
1 299810
1 5754527
1 8372708
1 9799481
1 8016761
1 7497999
1 90785
1 2340412
1 4471938
1 6967962
1 4171281
1 1029204
1 7118261
1 5048403
1 1768880
1 4147686
1 9141413
1 6252411
1 6502982
1 2625929
1 1181037
1 3718887
1 4577012
1 3555200
1 794262
1 7862443
1 8945468
1 9091325
1 570254
1 5063541
1 2054792
1 1315161
1 1408443
1 2031230
1 876424
1 797818
1 5451095
1 7161513
1 753368
1 3327811
1 2062298
1 9745916
1 7148267
1 6238718
1 7850694
1 2553246
1 956451
1 5353920
1 9456483
1 7841946
1 5053425
1 8170469
1 7341364
1 2285730
1 6837138
1 7552462
1 372745
1 6343928
1 533728
1 2356465
1 2828447
1 8269112
1 9050878
1 5826170
1 8724426
1 7592363
1 2913115
1 5729322
1 5089091
1 3932518
1 7208088
1 6220928
1 8529132
1 5147933
1 8201132
1 3496048
1 1932452
1 9590579
1 3993893
1 9739242
1 246999
1 3686968
1 2167393
1 2780018
1 5517174
1 9405985
1 8977032
1 4494533
1 2498232
1 2272470
1 3711933
1 833654
1 651937
1 3986891
1 2623147
1 4491726
1 341195
1 7918140
1 7727951
1 1036268
1 8064884
1 5753164
1 6458317
1 8933774
1 6417276
1 3474202
1 5125850
1 9679435
1 6260620
1 2567262
1 8141998
1 9221037
1 6806642
1 2174301
1 7319706
1 8253813
1 2344497
1 2932371
1 4925879
1 3829912
1 4770570
1 7415394
1 3569275
1 1847704
1 3367004
1 70322
1 5930799
1 9471877
1 3664837
1 3030036
1 8416777
1 7323530
1 8336558
1 8575937
1 8650778
1 857139
1 7995291
1 4096416
1 8196825
1 6835087
1 5522291
1 136650
1 4580005
1 5665698
1 351210
1 6945255
1 4332511
1 7483396
1 7708960
1 7823628
1 2668669
1 9933732
1 3059498
1 1042461
1 7019703
1 4187938
1 1498731
1 9320005
1 2520713
1 3229218
1 7618772
1 9027150
1 4959460
1 6159458
1 2855371
1 7617640
1 7650079
1 9071239
1 7084166
1 2837060
1 4327225
1 2638532
1 2560403
1 3559110
1 3792634
1 370377
1 6470786
1 1572569
1 7803515
1 4776178
1 6594992
1 6384539
1 7102469
1 9849350
1 3202418
1 5456777
1 7600936
1 3109394
1 3340787
1 261545
1 6649639
1 5473102
1 4175131
1 8756576
1 2769288
1 8604235
1 1003006
1 9932328
1 7753879
1 1202468
1 2798469
1 1429202
1 4818455
1 2825811
1 5295601
1 8045661
1 5408665
1 2714756
1 5406786
1 8277372
1 9411749
1 5251441
1 872733
1 9223196
1 3531557
1 9206984
1 2308784
1 8373916
1 9544683
1 2904948
1 3385953
1 6016276
1 5040222
1 383383
1 2032935
1 9619073
1 8757549
1 6540056
1 7078717
1 6006424
1 3473147
1 4668011
1 71752
1 5899803
1 981059
1 4552952
1 3111045
1 3570484
1 4620971
1 5864447
1 510320
1 5394782
1 5994613
1 2277911
1 399365
1 2153450
1 1960484
1 7988431
1 4076265
1 8951395
1 6870839
1 1195068
1 9331450
1 222418
1 2655626
1 3964252
1 4998255
1 6949344
1 9152184
1 3709150
1 7454216
1 9836216
1 6127466
1 9215657
1 3791702
1 5615749
1 8323090
1 216553
1 7793366
1 7414568
1 3569828
1 2459807
1 7498261
1 2183433
1 6553038
1 5624309
1 4241346
1 3790272
1 4563201
1 7371449
1 6549252
1 1030616
1 4392228
1 799859
1 6048016
1 6333192
1 6402505
1 5721313
1 2047398
1 9326993
1 4868410
1 4487518
1 9476683
1 8317883
1 3796501
1 7617389
1 7947478
1 5915406
1 6577774
1 4189074
1 9555452
1 1321801
1 463814
1 9221731
1 265598
1 9772806
1 9633097
1 3548143
1 2989533
1 7796236
1 2448967
1 8313792
1 9940400
1 7110249
1 4825985
1 2647510
1 6341024
1 9589791
1 4308360
1 144309
1 1630327
1 9906241
1 7268370
1 7319157
1 7967952
1 6695135
1 6674647
1 2082931
1 4371950
1 7601353
1 120221
1 5552178
1 9668978
1 4239443
1 6481776
1 3564446
1 4432866
1 6659007
1 9341599
1 6711881
1 7404086
1 9325117
1 9052241
1 248244
1 4409464
1 9135450
1 8941173
1 538428
1 5108605
1 1657419
1 778563
1 7981252
1 1319791
1 3120192
1 8523363
1 3360463
1 5394745
1 6042329
1 4951447
1 3989085
1 4406631
1 8622680
1 2774844
1 6625386
1 4780236
1 9181952
1 2014051
1 8385800
1 2637677
1 5094231
1 9110230
1 1355551
1 3492427
1 4461738
1 9434505
1 4470478
1 5533877
1 2496536
1 7123863
1 6978238
1 8398750
1 881668
1 7844046
1 1987870
1 600824
1 7496615
1 530705
1 4188149
1 8488653
1 4688032
1 2208293
1 1575428
1 619061
1 1917025
1 8084242
1 8596664
1 2963137
1 4128426
1 9140664
1 5151509
1 3853070
1 5932617
1 5598777
1 5647593
1 2152674
1 163272
1 6631438
1 7896975
1 8678523
1 2409044
1 6430660
1 3211376
1 9527731
1 2020075
1 8472072
1 8354464
1 7425168
1 3934648
1 12938
1 9937565
1 7057607
1 5855737
1 2466342
1 3956166
1 549507
1 4484115
1 2784250
1 47764
1 9118482
1 2227012
1 6586824
1 919311
1 1852732
1 5039834
1 9882636
1 6524762
1 7684347
1 3801512
1 5115930
1 5629283
1 6243357
1 9388883
1 7176922
1 8277762
1 3688938
1 3816096
1 7055423
1 3828665
1 1201227
1 7251755
1 608148
1 2083539
1 3243141
1 3681708
1 9018591
1 921433
1 9123628
1 7126861
1 4779928
1 5526715
1 9974038
1 3898028
1 3369642
1 3475856
1 3760508
1 6980786
1 2269821
1 9921969
1 9166583
1 4193923
1 8746358
1 3544238
1 686582
1 7195068
1 649648
1 2661691
1 9581667
1 1894443
1 5644586
1 315337
1 687353
1 4172982
1 8090091
1 9660189
1 1720162
1 360589
1 9970915
1 6764204
1 8587050
1 5368719
1 3506353
1 5576418
1 4507495
1 7488820
1 7753207
1 4202827
1 9371812
1 3244565
1 7176757
1 2607342
1 9848799
1 7278215
1 8316988
1 2949374
1 2228306
1 7871257
1 655711
1 6225386
1 4955932
1 7757363
1 6710593
1 3492359
1 7690749
1 3506811
1 557424
1 7412161
1 4749566
1 945007
1 2111204
1 9566497
1 5822134
1 3225241
1 2773546
1 2661987
1 2740637
1 9700226
1 3292468
1 8249993
1 8265083
1 8133974
1 8807835
1 9537801
1 7333204
1 5151916
1 1547060
1 5827538
1 8161360
1 2540657
1 4533748
1 6420545
1 8815009
1 3375959
1 8035641
1 3016553
1 1132588
1 7420602
1 2993120
1 9247951
1 5422635
1 181855
1 4065312
1 4308885
1 229874
1 1795978
1 4279441
1 4321884
1 5995199
1 608326
1 5413119
1 6241153
1 7223149
1 6903439
1 2760865
1 6879992
1 2741619
1 6778228
1 3254954
1 7126401
1 6370965
1 2920852
1 8771626
1 4381160
1 2977763
1 6286028
1 5484675
1 7208272
1 4959571
1 8988491
1 9346693
1 6672282
1 5482402
1 4153944
1 4635199
1 7793476
1 1353392
1 8388506
1 403072
1 4080844
1 2714182
1 798980
1 4433071
1 6556522
1 6300717
1 2120925
1 1819915
1 1929294
1 3259878
1 9730973
1 4340717
1 1787713
1 6552387
1 830710
1 7872093
1 4500552
1 7671369
1 2946912
1 9496731
1 1629446
1 4454530
1 6384761
1 8228089
1 3146335
1 4703343
1 218079
1 6142750
1 4371241
1 6561270
1 5804437
1 7958402
1 142578
1 5854348
1 1812234
1 3134308
1 5306668
1 1833371
1 5258301
1 1408184
1 9603414
1 6320357
1 2113558
1 6758357
1 9914851
1 6023580
1 1310387
1 9223485
1 2790296
1 2463981
1 1096160
1 2665581
1 5400889
1 7857261
1 8270064
1 9044263
1 8672228
1 1611421
1 1564875
1 9187702
1 7794214
1 8084221
1 7123030
1 8163531
1 5274025
1 6893684
1 6839919
1 3330414
1 4483039
1 2121539
1 6986024
1 7288814
1 500695
1 793786
1 3067344
1 2992397
1 8574749
1 6792162
1 3952769
1 19489
1 9246370
1 8538854
1 1465469
1 8565456
1 1823204
1 2460761
1 1810442
1 7174208
1 4290120
1 3361407
1 6844198
1 2737523
1 7533073
1 2277838
1 2163785
1 6941381
1 1873452
1 4761148
1 5413542
1 9723280
1 5770598
1 4419354
1 585847
1 1631266
1 8101959
1 6643648
1 4794784
1 9591958
1 376914
1 2486369
1 8787168
1 2634512
1 9146272
1 3420187
1 9061649
1 1248236
1 7356946
1 3231399
1 1124363
1 6133505
1 7217155
1 4813096
1 5504410
1 2378217
1 6111107
1 270279
1 2152346
1 2232818
1 8263059
1 2346418
1 8742394
1 7757860
1 8890890
1 4786038
1 7708967
1 4142996
1 6590323
1 9602833
1 5347469
1 8597109
1 5299833
1 782146
1 1104080
1 2291007
1 4427233
1 2826216
1 2701806
1 5313825
1 4705900
1 1784520
1 2288227
1 2758614
1 5749801
1 6781548
1 9145084
1 1460225
1 9532667
1 5959019
1 6380539
1 4339071
1 9447728
1 7826637
1 258616
1 7420015
1 2644442
1 8016969
1 4216954
1 3978285
1 3470953
1 5370773
1 2177993
1 7435716
1 6577051
1 3582621
1 9658633
1 7631568
1 8392735
1 5439318
1 2060720
1 7617719
1 5155624
1 2665293
1 6298727
1 4618910
1 6581653
1 7535430
1 7632861
1 1758579
1 9898479
1 4810619
1 220821
1 3009962
1 8208738
1 9989268
1 8920339
1 6729416
1 9131211
1 2171469
1 102606
1 3709967
1 1022985
1 7270081
1 4748544
1 1640719
1 7049752
1 7953910
1 5571369
1 8645801
1 5871734
1 800827
1 6763837
1 2325178
1 365825
1 5287789
1 2470382
1 6816886
1 55740
1 1784069
1 2491504
1 5640016
1 6201843
1 2236079
1 4426345
1 4780373
1 1756238
1 6275685
1 6161376
1 4102491
1 8238579
1 4929451
1 3370153
1 6434185
1 1789128
1 9112394
1 681019
1 5941318
1 2781052
1 4280991
1 7795484
1 2549920
1 949212
1 7774783
1 6833256
1 754830
1 9765852
1 8938245
1 2926689
1 261503
1 4538221
1 874872
1 4646357
1 2576529
1 840611
1 8242411
1 9992098
1 8167756
1 5445559
1 2430911
1 5721592
1 7744390
1 7488656
1 7963007
1 3755628
1 8883244
1 7963182
1 9109213
1 2639866
1 1936897
1 2568064
1 7138165
1 9075558
1 4978579
1 7815998
1 2710229
1 6415186
1 4864286
1 4470877
1 3858332
1 359187
1 8596863
1 9273972
1 1798180
1 9756369
1 2733759
1 4491309
1 7347285
1 62173
1 3937368
1 8391550
1 2072211
1 7895087
1 8712946
1 3471768
1 6267380
1 5680107
1 116966
1 5944994
1 9029445
1 28334
1 1882649
1 8281387
1 3954009
1 1231271
1 2834672
1 4713484
1 291281
1 1951637
1 8495460
1 688187
1 8764425
1 3223638
1 8859891
1 7408170
1 1929736
1 1991571
1 3662996
1 7735804
1 424959
1 8591169
1 4294915
1 8578458
1 4344581
1 7218488
1 6107453
1 3168777
1 2564025
1 1754420
1 4684555
1 2729008
1 8381629
1 9144716
1 917955
1 4532119
1 670633
1 2517757
1 7602553
1 1310600
1 3745160
1 6071357
1 9159876
1 9718862
1 9372321
1 8838094
1 3924962
1 833614
1 5438123
1 5451810
1 4161510
1 2982851
1 7473058
1 4347546
1 1067549
1 9796955
1 2879924
1 1958338
1 6188057
1 1489951
1 3917955
1 9485098
1 6672402
1 7242472
1 95550
1 934406
1 6720541
1 7102893
1 33306
1 5425593
1 6712691
1 1798147
1 7505138
1 3550176
1 6051081
1 5537216
1 951579
1 5914099
1 1974410
1 5184061
1 641166
1 3945193
1 7721020
1 9454640
1 7463101
1 8623979
1 2464117
1 8089315
1 8414094
1 9282018
1 3628061
1 1167943
1 1647188
1 1742614
1 946444
1 8189632
1 7761112
1 244559
1 423172
1 9890525
1 2761583
1 1063975
1 4462361
1 82566
1 2627430
1 755259
1 6553886
1 605427
1 2116775
1 2809891
1 617676
1 7504265
1 651589
1 3496571
1 2522093
1 7506105
1 793465
1 2308088
1 863339
1 6364705
1 7310148
1 1945447
1 635637
1 817774
1 3826249
1 8045753
1 8370891
1 4090563
1 50456
1 1680610
1 9176152
1 9357089
1 1788945
1 3254106
1 3618696
1 1416963
1 9374415
1 4618273
1 5840132
1 6891794
1 7467003
1 2864497
1 9506218
1 8115131
1 3009069
1 9734845
1 5644052
1 415710
1 7708280
1 2383985
1 9165740
1 1534030
1 4059564
1 4226172
1 8687708
1 9919123
1 4021195
1 7226528
1 483663
1 514863
1 7669470
1 9746819
1 4774871
1 6064350
1 5618712
1 7956118
1 5207391
1 4480905
1 4923521
1 5129394
1 6477887
1 6177367
1 5858001
1 7967423
1 9939483
1 2115245
1 6934266
1 3044588
1 8466715
1 2350619
1 921726
1 3692262
1 7044604
1 8546948
1 1195770
1 8588101
1 495750
1 5640339
1 859409
1 9338601
1 1796173
1 8089277
1 5068994
1 9143710
1 2914973
1 209159
1 80731
1 4038872
1 4667137
1 4737443
1 7222668
1 814094
1 1825589
1 49843
1 8786558
1 6321743
1 9278061
1 2930917
1 7816382
1 4271876
1 9681293
1 6629684
1 1259651
1 6761163
1 2116865
1 2964390
1 9549947
1 4584954
1 6113717
1 8083350
1 5027741
1 3453386
1 3982956
1 1576873
1 7175828
1 2874551
1 1783020
1 3645237
1 7655872
1 8378088
1 7068641
1 8446609
1 1550010
1 185672
1 1246683
1 8956425
1 5205686
1 1605822
1 7712333
1 6755343
1 1501450
1 5852321
1 4656972
1 196829
1 9592804
1 1396056
1 5108795
1 9377130
1 4171917
1 9457261
1 5264743
1 9799107
1 4178763
1 9135347
1 8000551
1 6462825
1 8198009
1 2306220
1 4085387
1 8031717
1 7415696
1 1730565
1 8797861
1 9658105
1 7134698
1 4101152
1 1149853
1 5884262
1 689381
1 4379670
1 7734624
1 2958190
1 4931383
1 8737171
1 5522828
1 8578656
1 3428610
1 8323850
1 2211247
1 9205307
1 6747734
1 5128293
1 7948513
1 4972402
1 2466692
1 8546360
1 6275956
1 5891010
1 7974813
1 2514873
1 7437102
1 3856625
1 2058840
1 479269
1 8686110
1 3114624
1 7812609
1 6407516
1 2008337
1 1105967
1 328138
1 838202
1 9396806
1 1342585
1 5010228
1 7899466
1 3526105
1 583469
1 118027
1 1666695
1 8944223
1 8553757
1 5985645
1 9577560
1 8733071
1 1862114
1 5840342
1 2070558
1 1742782
1 7430811
1 8372915
1 2535979
1 3396237
1 5207506
1 5676334
1 7329601
1 7073960
1 2644839
1 7642108
1 4465938
1 7240530
1 1069504
1 5127354
1 1510423
1 1019723
1 3623980
1 1364060
1 5596086
1 4374314
1 579338
1 2029974
1 3432353
1 3567973
1 7059025
1 3843605
1 6655407
1 3865605
1 7439903
1 5393350
1 9686460
1 7432435
1 237558
1 9015805
1 4743009
1 4514743
1 8216850
1 359421
1 6692623
1 2802977
1 3227865
1 3962387
1 770900
1 7117348
1 1858371
1 9543203
1 9016054
1 7305241
1 3673508
1 9740721
1 1224493
1 5211329
1 2600268
1 7673734
1 46167
1 2166106
1 4319140
1 4901052
1 5963848
1 6516811
1 249612
1 7986992
1 1324318
1 9312085
1 1167630
1 1399180
1 2098535
1 5795281
1 828434
1 4157444
1 1147786
1 388249
1 6817038
1 5008164
1 6392839
1 813067
1 5811435
1 8794454
1 7926946
1 3347878
1 7170321
1 7702060
1 1438450
1 7114606
1 2688432
1 3580435
1 1282447
1 1984942
1 9017325
1 9010741
1 9200464
1 7760892
1 3985145
1 2194953
1 4736350
1 9752081
1 3497168
1 6324448
1 2262707
1 5930089
1 9931584
1 5861237
1 8576403
1 5958661
1 3860228
1 1810676
1 6510657
1 2948056
1 305452
1 3982634
1 6371302
1 4621432
1 3937292
1 6921991
1 3628895
1 733899
1 6008597
1 2415951
1 8207467
1 5990526
1 6521484
1 9674692
1 5953519
1 1516963
1 7456068
1 9004192
1 482605
1 9888594
1 4182808
1 3246378
1 1847932
1 3314110
1 6354564
1 5572734
1 821706
1 1481208
1 924649
1 7948688
1 2442299
1 4065980
1 5419968
1 8449113
1 8618215
1 6254100
1 4804464
1 8985655
1 7708789
1 8334865
1 9196163
1 9302384
1 3623388
1 7351155
1 669451
1 4135353
1 245360
1 7552884
1 5143968
1 7021993
1 9532037
1 3135118
1 5052044
1 9774343
1 8575139
1 3069507
1 2936244
1 8981421
1 9659144
1 4737381
1 3982761
1 9150919
1 8325143
1 2240471
1 5953586
1 4432979
1 596547
1 8172674
1 7415989
1 7219142
1 5986141
1 8778070
1 1086118
1 9560536
1 6426927
1 8957719
1 7785490
1 6572568
1 3174540
1 958312
1 5188100
1 3854740
1 8471819
1 211370
1 3486218
1 2731434
1 3673998
1 7619356
1 2747779
1 3436216
1 9412819
1 1524331
1 1874283
1 9820761
1 9527567
1 309262
1 1247610
1 2229024
1 4600579
1 6410913
1 86366
1 4886731
1 3702726
1 4739416
1 7923689
1 1450561
1 1218421
1 8937431
1 8551754
1 6585855
1 3356673
1 445348
1 5917914
1 9912087
1 3613881
1 1713880
1 9709778
1 3137385
1 2201693
1 4888909
1 4069539
1 2401013
1 6732957
1 659277
1 2951250
1 8156354
1 877142
1 5022231
1 7820864
1 6740149
1 7448419
1 1228639
1 3496321
1 2874269
1 5348521
1 4800934
1 209703
1 7811272
1 2725082
1 8676696
1 5893430
1 2220016
1 6689937
1 7497906
1 9475539
1 484604
1 1346683
1 7127752
1 8762539
1 6357710
1 6824617
1 9033788
1 3627539
1 4222453
1 1921090
1 2904868
1 1154247
1 4795543
1 3474945
1 4517917
1 3216596
1 8916290
1 1445761
1 8206037
1 793477
1 6168724
1 8510817
1 9538331
1 2285731
1 2649834
1 1952590
1 2167613
1 7608618
1 471097
1 2643736
1 264090
1 6454873
1 1458037
1 5523055
1 7403468
1 9434319
1 6239123
1 1375459
1 7113778
1 6580191
1 8236427
1 1500409
1 1080894
1 847581
1 3387129
1 8493233
1 1154057
1 6736611
1 8198101
1 1659828
1 32900
1 8756767
1 8938348
1 5533549
1 9951735
1 8211797
1 8951253
1 5713331
1 496211
1 6078223
1 7058294
1 1646303
1 9744176
1 2097578
1 1238132
1 8287328
1 797778
1 6158849
1 9300766
1 4759037
1 4682979
1 2071677
1 203489
1 1074069
1 9439179
1 7728507
1 7093282
1 2067125
1 2025453
1 6233092
1 9327047
1 5841950
1 5466937
1 7984853
1 4644756
1 4094805
1 3719223
1 4499927
1 7616655
1 6515242
1 4500329
1 3182737
1 5969970
1 7293861
1 5672725
1 4223926
1 5834888
1 9148857
1 8766216
1 6015259
1 4879067
1 2774461
1 7814160
1 8731947
1 9679723
1 9097685
1 905213
1 5107751
1 4990358
1 2232950
1 3441972
1 6491018
1 5667096
1 802861
1 4735227
1 3028226
1 2571267
1 3175538
1 8898837
1 8782409
1 9581200
1 7106181
1 4418229
1 6274494
1 1387307
1 6092448
1 2394163
1 1878647
1 1754842
1 3898374
1 94279
1 9280119
1 1104516
1 7988148
1 1004128
1 1205411
1 5528321
1 6282732
1 1659249
1 8485070
1 5048472
1 857315
1 8344621
1 3633220
1 8151714
1 486233
1 8662076
1 6553211
1 1017
1 7806255
1 5301145
1 6215312
1 1750737
1 6849189
1 7025341
1 719950
1 7477830
1 444115
1 6821731
1 4454614
1 7087897
1 5851123
1 4728692
1 2729876
1 6009906
1 3445414
1 8415745
1 9992775
1 183689
1 1395144
1 5538608
1 6816328
1 8206859
1 5687110
1 409828
1 6796658
1 7268117
1 8427448
1 9861166
1 8703418
1 5425009
1 7862354
1 9774658
1 5111925
1 5667470
1 1293050
1 2388386
1 1610676
1 2041098
1 4051799
1 8714656
1 6881251
1 4082933
1 2279896
1 4759107
1 9422902
1 4125784
1 6378366
1 1025691
1 4147378
1 849716
1 4782963
1 6032210
1 2889399
1 1926824
1 1514613
1 1442515
1 8208213
1 8925188
1 3122273
1 3161684
1 1550108
1 5642107
1 7422351
1 8319300
1 7484070
1 4484940
1 6515554
1 5004895
1 3415717
1 3844011
1 1347527
1 8217998
1 184893
1 6594088
1 8444668
1 1622305
1 4118956
1 7245935
1 4435085
1 7198829
1 5288728
1 6013945
1 8371562
1 6168323
1 110868
1 522476
1 2411189
1 3666910
1 1001690
1 3585126
1 739198
1 8032221
1 9752374
1 3035644
1 6563578
1 9268444
1 1473380
1 3800949
1 8599163
1 4866398
1 631012
1 913016
1 8505089
1 9181446
1 7999814
1 6181403
1 6868602
1 1047226
1 8801175
1 8508385
1 8687206
1 3838853
1 4728848
1 9785158
1 6307915
1 1054551
1 6751176
1 457379
1 2024064
1 3319263
1 3269834
1 2417119
1 1221766
1 3955683
1 9683632
1 3548578
1 7326042
1 9011902
1 1286125
1 4473375
1 4014320
1 7995968
1 9465542
1 6529512
1 8216720
1 151254
1 9875128
1 1067650
1 5401534
1 6248860
1 5782980
1 920966
1 7227902
1 2871925
1 6159435
1 3231208
1 9513440
1 5640400
1 6366
1 9852083
1 713034
1 2703276
1 2166796
1 8322615
1 717722
1 3035431
1 3486014
1 9273851
1 4938110
1 44751
1 2642517
1 7688975
1 7299507
1 9965655
1 2005658
1 2187024
1 6454871
1 7470214
1 2572017
1 8297774
1 1374287
1 5155288
1 3703137
1 4298778
1 6436019
1 1093745
1 352967
1 4171383
1 5701829
1 9078512
1 9588049
1 8532308
1 711713
1 420951
1 2692835
1 7246169
1 2594296
1 2641515
1 4003567
1 8190372
1 3261098
1 2732621
1 197764
1 2476189
1 189293
1 8352811
1 1505562
1 7798123
1 869143
1 7609730
1 9002984
1 8180545
1 3288623
1 3327764
1 2272454
1 4497433
1 8936329
1 1511880
1 7364883
1 9620909
1 8615393
1 6961585
1 457664
1 8065132
1 7186443
1 1555940
1 2825890
1 7147730
1 8923
1 8007131
1 5333288
1 2172052
1 9303533
1 2779240
1 5619153
1 402755
1 7534430
1 6051784
1 8609253
1 7381918
1 9553602
1 3997884
1 7459909
1 335013
1 7780838
1 3846615
1 4108624
1 9035739
1 4345355
1 2107050
1 2562198
1 5005077
1 4948389
1 521335
1 3876826
1 7255414
1 2275322
1 316494
1 4748036
1 7798640
1 1188478
1 4070538
1 8420981
1 1087433
1 1777603
1 8510543
1 6572075
1 1560836
1 1274763
1 5976389
1 802876
1 2772402
1 1480183
1 5165446
1 5642479
1 6458585
1 9015842
1 9417422
1 8370270
1 38829
1 4978015
1 9694018
1 4315475
1 7963929
1 2054320
1 1737846
1 134203
1 1336319
1 214930
1 3707442
1 9521315
1 4486719
1 4502541
1 9849942
1 8280684
1 9863092
1 7968090
1 1872034
1 4488508
1 8793351
1 8275993
1 3606070
1 3114039
1 9810052
1 2406163
1 5695723
1 599840
1 3536146
1 7985498
1 1495250
1 2505913
1 6892631
1 9655116
1 6776984
1 9315411
1 446028
1 1877048
1 7977689
1 757555
1 8581215
1 4116642
1 1801842
1 1260234
1 7461292
1 2065335
1 1016330
1 3563246
1 2055428
1 2652954
1 3964567
1 2835212
1 7233641
1 1003717
1 3731355
1 9829950
1 8202164
1 7112616
1 2855643
1 8253337
1 7693201
1 3653073
1 1007615
1 9229599
1 6851971
1 6763119
1 4404663
1 833393
1 6821253
1 7805689
1 3514643
1 6577614
1 2049927
1 7248104
1 7903051
1 6930902
1 956357
1 2653004
1 5886880
1 7657663
1 4505354
1 7888668
1 8434580
1 585063
1 4552059
1 3054980
1 2653996
1 2401519
1 9814051
1 4515459
1 5668456
1 4588585
1 4788083
1 5288608
1 3127286
1 2781252
1 760473
1 8618512
1 6584686
1 6977699
1 5354008
1 5061765
1 5134053
1 2018384
1 6896982
1 1121395
1 2449516
1 617428
1 4048701
1 4160878
1 561360
1 7040427
1 1669940
1 9573779
1 9775275
1 4651630
1 2006785
1 315137
1 9122219
1 8726939
1 3729002
1 1498453
1 1835490
1 2635302
1 7363604
1 8563341
1 1902075
1 5354554
1 5672048
1 9656757
1 9482709
1 8502622
1 1219176
1 5346802
1 8717326
1 4702288
1 2345079
1 4301892
1 3903087
1 5889845
1 1043095
1 9333908
1 8019885
1 8617930
1 9754626
1 9693937
1 3839918
1 2309814
1 5065491
1 309517
1 8893130
1 370925
1 2428160
1 8064412
1 8694467
1 4102168
1 8347271
1 6932048
1 1261066
1 3570456
1 7337103
1 8407946
1 4149213
1 761430
1 3937955
1 4485065
1 8264463
1 5404983
1 7731832
1 8388221
1 1994397
1 8255888
1 9161670
1 3419265
1 9849942
1 5848414
1 6975032
1 7070399
1 7183513
1 1118508
1 7716087
1 4429893
1 308982
1 3868961
1 2620835
1 9647724
1 8158422
1 4034093
1 6690368
1 7530035
1 7044027
1 7327277
1 1934101
1 9402372
1 6216292
1 5070868
1 8212295
1 1126941
1 9632606
1 2871366
1 9656349
1 488349
1 1849624
1 149406
1 3009053
1 2244599
1 9626176
1 801669
1 1552712
1 2777228
1 4862161
1 5423372
1 2480563
1 3491261
1 4703078
1 1018301
1 8498405
1 901266
1 911574
1 3320366
1 9804833
1 4127021
1 6160933
1 5988643
1 4883296
1 8391158
1 8133302
1 4109933
1 3983990
1 4461594
1 4352039
1 5105340
1 4347937
1 3246079
1 9747289
1 2431231
1 2264562
1 9236271
1 464245
1 2685516
1 5163659
1 8917477
1 8278946
1 7892840
1 276279
1 6394716
1 2442725
1 6648619
1 2470223
1 3462384
1 75253
1 1576571
1 6540692
1 7380928
1 952936
1 459295
1 6427888
1 8365339
1 9680105
1 5841188
1 7702246
1 7847967
1 5623228
1 7997473
1 4363608
1 5485056
1 4424094
1 8074256
1 949450
1 9402160
1 9766693
1 2452043
1 1549406
1 5103143
1 106901
1 263523
1 8828283
1 5473954
1 2182476
1 7610572
1 9162005
1 3729754
1 707750
1 5132900
1 8157866
1 198111
1 700642
1 3036267
1 1274120
1 9218466
1 1803553
1 5501281
1 6814300
1 1962536
1 3612603
1 2583979
1 9570747
1 9824221
1 2172580
1 5032695
1 9867026
1 4471005
1 3366822
1 1972482
1 3478403
1 7448771
1 148501
1 2251133
1 8473577
1 931664
1 2038485
1 4003497
1 3262466
1 4835666
1 1616392
1 4610786
1 8661922
1 6662494
1 3516776
1 6536456
1 7191759
1 1794420
1 4488258
1 9345025
1 8719823
1 5732388
1 6789835
1 8851907
1 3044935
1 4172084
1 8308883
1 6778994
1 1414334
1 8483492
1 3454962
1 8495337
1 7734947
1 2880110
1 6729493
1 6997703
1 6543607
1 8867619
1 9297093
1 4131275
1 5023814
1 3434915
1 7325898
1 539306
1 6238498
1 5598024
1 4396476
1 6593765
1 7403280
1 179134
1 9856890
1 7730537
1 3094985
1 355059
1 1830779
1 7166349
1 3927825
1 7610429
1 4663223
1 1787289
1 2335648
1 7654387
1 8150496
1 3134308
1 9054489
1 5299350
1 8193337
1 5331776
1 9669038
1 2253830
1 2258235
1 1192912
1 4792380
1 286289
1 6152293
1 5891377
1 2408940
1 1651952
1 3098538
1 8337518
1 1934002
1 4592890
1 5111561
1 3614741
1 6452406
1 2208732
1 768379
1 4740438
1 4627068
1 5752416
1 5434203
1 3573693
1 4573036
1 5019109
1 4535802
1 8268377
1 2331976
1 2701181
1 3044416
1 1361012
1 3295672
1 3799981
1 9833633
1 2491843
1 7634819
1 2849494
1 4241400
1 9224367
1 117165
1 6858169
1 3158238
1 1609859
1 8746218
1 8362259
1 1585109
1 6567132
1 2929408
1 9770142
1 1221794
1 1358450
1 6869554
1 3813743
1 432293
1 7519567
1 6121934
1 8273902
1 9612666
1 7450344
1 6164837
1 1116373
1 9961811
1 6403200
1 651286
1 6918932
1 9030522
1 697419
1 7342435
1 5060093
1 5981947
1 8252569
1 4754940
1 254347
1 1614296
1 3205248
1 6026499
1 6989999
1 4619669
1 6678866
1 3414714
1 9580360
1 3204520
1 4555298
1 818786
1 4442762
1 7219515
1 7606264
1 3722112
1 514899
1 1656008
1 2698267
1 380623
1 2044613
1 513534
1 7304677
1 8348990
1 3057646
1 2773154
1 2032754
1 9840604
1 5837320
1 9765496
1 2977471
1 8020007
1 9120500
1 1644238
1 3296405
1 9346986
1 6249224
1 5669836
1 1276426
1 7050752
1 8597204
1 225290
1 7024199
1 413377
1 3305280
1 6171832
1 8058396
1 8945563
1 9999627
1 3999998
1 2218675
1 4269033
1 7592555
1 7528626
1 7116194
1 1130563
1 6480139
1 5646369
1 45923
1 9114778
1 2705036
1 6686167
1 923626
1 6729555
1 357599
1 9756613
1 3989021
1 5057248
1 8347128
1 9318346
1 4209594
1 618093
1 4168259
1 2059050
1 6772476
1 4244307
1 1837938
1 3593908
1 399599
1 3289189
1 9426058
1 3675871
1 6096371
1 877377
1 8972420
1 3736142
1 9032469
1 283126
1 4272459
1 2752850
1 3925608
1 1683550
1 2754813
1 5163822
1 8341041
1 2963682
1 8875757
1 4822774
1 1056853
1 7587326
1 2454719
1 6052739
1 1416431
1 6977123
1 9850151
1 1512063
1 8557768
1 1899621
1 5392760
1 7178317
1 5690611
1 5615810
1 3743023
1 1470976
1 6161369
1 3942611
1 5961026
1 9054111
1 7282414
1 1788752
1 3440109
1 9884107
1 2385382
1 8675972
1 4050167
1 6945136
1 8828162
1 9183474
1 3395989
1 4380856
1 2299107
1 7435096
1 4810053
1 2975424
1 3278645
1 2272715
1 4396420
1 4152929
1 1609591
1 8896689
1 1440942
1 1551131
1 1775598
1 5778593
1 7761589
1 498432
1 6077756
1 6025504
1 253973
1 2974120
1 6309211
1 26555
1 1617680
1 9777577
1 2922731
1 3191737
1 2421719
1 8476317
1 5404617
1 5860803
1 1532897
1 9474966
1 5513973
1 1355220
1 7668948
1 3699556
1 6383419
1 8490838
1 765988
1 4353596
1 5290490
1 1150910
1 8565722
1 3689862
1 8894258
1 3968323
1 6512886
1 455381
1 5968816
1 6832383
1 2057865
1 3160911
1 7263890
1 6843727
1 3016893
1 3698608
1 7637199
1 9738653
1 6551784
1 3531037
1 9918728
1 5422663
1 6037721
1 9912769
1 9728980
1 7212603
1 3574217
1 4760904
1 2609005
1 8577227
1 2993063
1 9927970
1 6615254
1 7632708
1 4790511
1 4775938
1 4017447
1 3879920
1 1703763
1 4365832
1 1156489
1 4557360
1 6633549
1 7126242
1 5641752
1 9101028
1 2885377
1 8186289
1 8833964
1 7125885
1 179950
1 3768005
1 9044689
1 7200899
1 5350512
1 1175116
1 6840054
1 5117515
1 7122578
1 7267227
1 440082
1 832890
1 6250084
1 775188
1 5401575
1 8891272
1 1429686
1 3328889
1 2141507
1 8940128
1 8465388
1 7532405
1 5671193
1 1263971
1 628775
1 4771660
1 3399035
1 5592070
1 768908
1 2176826
1 2704304
1 3514295
1 6065219
1 6206153
1 8967578
1 8201099
1 8293017
1 2818017
1 2643646
1 7414705
1 4533708
1 2788616
1 1882526
1 1722832
1 1520809
1 1993021
1 7842037
1 4632005
1 1375252
1 9190805
1 4984441
1 1728090
1 1527279
1 4217586
1 1137552
1 5224439
1 8670801
1 7682745
1 2534762
1 4490356
1 1061689
1 9579454
1 7550893
1 8063398
1 4326008
1 8644210
1 7449459
1 1715103
1 4543952
1 5886540
1 5145720
1 4356033
1 6896524
1 31369
1 9434954
1 1495432
1 1551463
1 583587
1 3208642
1 798332
1 611288
1 5425326
1 2285584
1 2160987
1 2036163
1 8774139
1 3519472
1 9574205
1 2729053
1 7807406
1 9891144
1 1507681
1 6396087
1 8318571
1 4826837
1 9734805
1 2254992
1 4038052
1 9759829
1 3182182
1 5541472
1 3664941
1 6855586
1 3304945
1 3198482
1 8448130
1 9681829
1 2746496
1 5711232
1 6908338
1 4002833
1 3214399
1 7640303
1 9247523
1 7569954
1 226019
1 129492
1 5838417
1 3885368
1 7168150
1 1098866
1 8322021
1 9572121
1 377357
1 8792920
1 9459573
1 8319592
1 215176
1 4628060
1 8381209
1 1848036
1 2181922
1 1652908
1 6643236
1 7151489
1 5672358
1 6735800
1 2541100
1 2597507
1 5835848
1 2364207
1 9155518
1 1922052
1 7580428
1 1548430
1 9340149
1 9792747
1 473167
1 6016802
1 8380473
1 3537896
1 7954040
1 9209507
1 9782509
1 6797362
1 477018
1 1840704
1 7836195
1 6885565
1 5736332
1 5572561
1 7409867
1 1177493
1 9803551
1 2637307
1 287052
1 5089978
1 2061581
1 8673685
1 2973246
1 8855632
1 7217341
1 6098424
1 7791884
1 841694
1 5952700
1 5161507
1 6346193
1 2611824
1 2241292
1 664209
1 8273720
1 3748216
1 6333408
1 6104342
1 7630845
1 8126280
1 2175629
1 482384
1 5411948
1 6992017
1 9392342
1 8849695
1 7984538
1 9963435
1 428334
1 8632893
1 6093379
1 1273255
1 93114
1 2860370
1 4842551
1 3648851
1 6482040
1 4510008
1 3905425
1 3597312
1 4262724
1 7355186
1 2657975
1 2326953
1 5794482
1 383568
1 8550784
1 1575545
1 8180007
1 2560712
1 1671783
1 4932257
1 6310403
1 9757119
1 6563978
1 4316491
1 6878327
1 5457627
1 72196
1 6982736
1 7424205
1 4168347
1 56779
1 5317942
1 9142775
1 4035968
1 5379595
1 4008315
1 7906834
1 2417905
1 8096451
1 671758
1 3730023
1 3711328
1 3118207
1 7569884
1 3761000
1 507524
1 4186141
1 766985
1 6686864
1 8472133
1 2481561
1 5985060
1 4596084
1 8740368
1 4627958
1 9732515
1 2892933
1 6454520
1 7769404
1 4657267
1 8796368
1 5921886
1 9003351
1 8070073
1 3584794
1 7792046
1 218093
1 1997426
1 6776577
1 7613439
1 3444021
1 7720929
1 1706555
1 827287
1 3266954
1 8215711
1 5655317
1 3329617
1 3451145
1 239941
1 7512547
1 6089221
1 5117030
1 9964955
1 817124
1 7544563
1 890880
1 7223895
1 1285165
1 3754855
1 7361770
1 5424467
1 2853927
1 9934127
1 5486085
1 9146000
1 1753853
1 6974354
1 1819642
1 2504957
1 1209546
1 6227872
1 5099346
1 4494529
1 8170705
1 5328281
1 3450798
1 9418397
1 5250540
1 7080700
1 8659474
1 3770655
1 2236301
1 2630495
1 7527176
1 862491
1 661825
1 8923034
1 1285548
1 8058320
1 5125133
1 4225700
1 5351914
1 1259286
1 1353773
1 7235896
1 733204
1 4652938
1 1284739
1 8064920
1 736609
1 5619838
1 8134483
1 7843429
1 6221743
1 8828446
1 9149209
1 9733049
1 5601009
1 698063
1 6581497
1 7684801
1 2003733
1 9279210
1 9971691
1 8657326
1 3462779
1 4491462
1 6459490
1 3007418
1 8005971
1 5857928
1 5050587
1 3564874
1 5407609
1 4282040
1 9653214
1 2323113
1 7437448
1 6878699
1 1764730
1 1700412
1 8465478
1 9247824
1 8757729
1 834250
1 443309
1 2321959
1 5570594
1 714525
1 4342254
1 7661268
1 471826
1 7495156
1 6066769
1 982238
1 3117988
1 272711
1 2440289
1 7874055
1 8681024
1 8231614
1 9845055
1 6370749
1 7683266
1 9761940
1 7650425
1 6212607
1 8867832
1 616126
1 1805362
1 9716703
1 5857062
1 2273346
1 108887
1 4672893
1 5259021
1 6370817
1 9728793
1 1809328
1 7430406
1 7671041
1 3533106
1 1075918
1 1249392
1 757519
1 4352210
1 5133656
1 6374890
1 8770601
1 6037170
1 9021965
1 69921
1 5005793
1 2387695
1 5051837
1 4660286
1 9862878
1 8749221
1 2005673
1 8972852
1 1649603
1 4896829
1 3288015
1 3922303
1 5942749
1 5703104
1 9482234
1 26904
1 4938506
1 657857
1 2190077
1 9684508
1 798925
1 6461929
1 9754602
1 1090288
1 4428876
1 5710740
1 9048566
1 650602
1 5695849
1 6780533
1 2940737
1 6653790
1 1535613
1 6553078
1 6550893
1 830910
1 3168752
1 7001267
1 5742256
1 2157433
1 9348966
1 380014
1 2854768
1 3635239
1 2113083
1 4460363
1 1690855
1 8419714
1 2228757
1 2095559
1 5716515
1 1137152
1 1362915
1 3779142
1 134859
1 932443
1 7062462
1 2479416
1 3466626
1 1531805
1 1388934
1 5577387
1 7199826
1 7848564
1 6722992
1 9279115
1 7622180
1 1138663
1 1047229
1 607910
1 7407365
1 5428593
1 352760
1 929436
1 8521090
1 1925109
1 9746066
1 1497391
1 2889372
1 9261619
1 9346707
1 9423618
1 4389621
1 5610198
1 8174960
1 4072791
1 8910851
1 6786258
1 123406
1 7180831
1 6608036
1 6478751
1 4609270
1 6704935
1 4280558
1 9224323
1 9504942
1 7810256
1 6355958
1 6881023
1 7570432
1 9841313
1 5425798
1 6186379
1 7047637
1 398926
1 6843865
1 6035170
1 6019297
1 5809715
1 7581004
1 328836
1 5775950
1 3169263
1 5150599
1 8153195
1 1281709
1 6026912
1 6353156
1 9074499
1 5964069
1 6222999
1 8459194
1 8598106
1 4910057
1 3566427
1 2345643
1 1833778
1 7317583
1 3160318
1 2727772
1 7444884
1 2425738
1 6457398
1 2845163
1 6874203
1 8783781
1 7843379
1 5736729
1 2398791
1 6437402
1 1257800
1 4830357
1 7166502
1 104331
1 7234140
1 893279
1 9220756
1 7225430
1 1722211
1 2937903
1 8886443
1 4526185
1 8893552
1 3293335
1 5825345
1 5972961
1 3427604
1 8276450
1 3353202
1 8855233
1 166827
1 1231449
1 2786121
1 7842361
1 9945575
1 2591333
1 9417082
1 392602
1 3667625
1 2103836
1 5528474
1 1033613
1 851025
1 8223736
1 1466578
1 3522036
1 2950412
1 9600326
1 6638942
1 317013
1 1184188
1 3508563
1 1906385
1 1261219
1 8429782
1 6869814
1 4815602
1 2273244
1 303639
1 1652000
1 1005494
1 5271450
1 5786173
1 5995275
1 3403255
1 2424562
1 551852
1 5208790
1 166108
1 1413931
1 6113137
1 9909187
1 9440915
1 530788
1 9759138
1 2308170
1 958668
1 8194326
1 4408205
1 2835818
1 6317857
1 2873244
1 1987786
1 9238484
1 3820025
1 1475914
1 8111894
1 8643096
1 2984580
1 7515029
1 3476150
1 5887788
1 1039577
1 2203006
1 4789799
1 1135383
1 1156763
1 1659146
1 972707
1 6345118
1 1154449
1 7761020
1 2111321
1 4459163
1 4534367
1 1044392
1 47072
1 56909
1 8779066
1 7881499
1 3646990
1 526893
1 1245784
1 9254924
1 2433665
1 9295851
1 2117668
1 9380014
1 3032108
1 680127
1 4480812
1 5210445
1 751466
1 9907792
1 8088208
1 7828299
1 7169216
1 2999691
1 2866121
1 1197779
1 9440992
1 6815476
1 2195301
1 6520543
1 34249
1 8236136
1 730284
1 1576173
1 9663589
1 5216949
1 5579819
1 1437697
1 5285008
1 182961
1 1446187
1 4233314
1 5708774
1 194160
1 9696265
1 3791178
1 1929305
1 1954427
1 7204830
1 2540385
1 8074911
1 4878119
1 5383487
1 1035761
1 7584313
1 7343179
1 586007
1 6758917
1 887953
1 9747215
1 9109577
1 5252197
1 3985797
1 5845540
1 6005852
1 6214788
1 5189798
1 6145672
1 6104208
1 5470322
1 7700764
1 1014030
1 1231095
1 2253910
1 4266577
1 6671105
1 9844536
1 5291236
1 846400
1 6549697
1 5693468
1 9760031
1 3423578
1 657498
1 5411683
1 9624903
1 251251
1 4556053
1 2960358
1 895933
1 932508
1 8225883
1 6460062
1 1070606
1 3408197
1 3147573
1 124943
1 5306258
1 7867564
1 1555566
1 344554
1 8661538
1 6124456
1 7973612
1 7257131
1 7990170
1 5737407
1 2567956
1 582938
1 4436440
1 1795212
1 7572991
1 1023733
1 2017449
1 322719
1 7012991
1 1622914
1 520697
1 3178184
1 3930439
1 2067234
1 7835329
1 5586824
1 2152908
1 3819670
1 2784471
1 7878375
1 1811677
1 4001283
1 8413488
1 8696731
1 703333
1 6058943
1 3999820
1 758523
1 7321972
1 4096003
1 2137135
1 7239616
1 9471361
1 2696544
1 6142777
1 8568297
1 2859923
1 3781738
1 5824750
1 9487887
1 3180175
1 6638334
1 7962277
1 9970439
1 7601938
1 8115924
1 8635976
1 3083642
1 3851235
1 7972129
1 3071539
1 5367431
1 6880780
1 3932300
1 4958101
1 5375096
1 5429857
1 7117221
1 7738583
1 1327980
1 2725335
1 9329214
1 1876806
1 2691351
1 9391223
1 6425839
1 9342648
1 3317239
1 1784199
1 3921704
1 8061242
1 918321
1 1917803
1 8746846
1 5401980
1 3100093
1 479486
1 232809
1 2519145
1 1646030
1 3150594
1 1528792
1 6093450
1 8165601
1 9961879
1 8537086
1 5999450
1 3212092
1 8355840
1 3467894
1 8045198
1 5666120
1 8596334
1 3665786
1 1556288
1 9511222
1 9763666
1 5124087
1 9649360
1 9795484
1 6588540
1 5420474
1 3686446
1 3301976
1 9227056
1 4837233
1 2618352
1 9081036
1 9922321
1 7798477
1 1868933
1 1682831
1 3168588
1 3412165
1 4327163
1 4612761
1 3868204
1 2171828
1 3804416
1 6006091
1 9294415
1 5173912
1 5846669
1 3155843
1 3454481
1 6891741
1 571449
1 1732725
1 3591621
1 7631677
1 8839390
1 2940674
1 7099222
1 9912762
1 6940767
1 5853793
1 8243360
1 7937457
1 9412328
1 3832030
1 9629868
1 4857230
1 3562648
1 9103028
1 922802
1 9465846
1 5384376
1 4295022
1 7808206
1 5896057
1 181315
1 2615694
1 7285066
1 1863353
1 6662073
1 5597940
1 5929524
1 3475183
1 5706743
1 236067
1 2857663
1 6924578
1 8890012
1 7034511
1 7581609
1 4886662
1 6343450
1 7250832
1 9788322
1 4660248
1 2643632
1 3247897
1 1045075
1 8303264
1 6137516
1 5939473
1 9408283
1 5075332
1 5251376
1 2687006
1 4141576
1 2906262
1 8390461
1 6872428
1 6784068
1 5194966
1 3737749
1 7889341
1 4658261
1 14592
1 2912221
1 528433
1 4847448
1 5268539
1 665864
1 254373
1 9936469
1 7581438
1 1166448
1 5123829
1 9839629
1 158302
1 6680339
1 2744528
1 705897
1 2621439
1 4478224
1 1394206
1 8084074
1 3093997
1 1061342
1 4191162
1 6636514
1 3786100
1 1823993
1 2909577
1 3503750
1 2141023
1 8770057
1 6273879
1 1079395
1 2948588
1 5057855
1 161320
1 7266467
1 1305624
1 4658486
1 8403024
1 9473009
1 8357894
1 9075972
1 570788
1 2881940
1 3176858
1 8368920
1 4319731
1 6782104
1 4171472
1 2686915
1 2415661
1 7363120
1 6553708
1 4054891
1 637846
1 2837097
1 7546146
1 9234531
1 9777928
1 3246908
1 9126522
1 8049692
1 7730245
1 5423779
1 3213643
1 9079261
1 8044160
1 1329201
1 4356626
1 9305903
1 9878677
1 4809194
1 6205175
1 5696214
1 717751
1 6593028
1 9096138
1 9364007
1 5642277
1 7102103
1 636516
1 8552338
1 2261499
1 6810965
1 4771324
1 7487390
1 2177033
1 9987733
1 6522612
1 6762750
1 9589114
1 1407224
1 413960
1 5180482
1 29483
1 144472
1 5484195
1 8787441
1 9274249
1 5209354
1 5741060
1 4144217
1 6934654
1 5490066
1 1236440
1 3773684
1 1012648
1 5178009
1 5599207
1 9220735
1 6454717
1 1297663
1 6003102
1 1611998
1 6765368
1 759551
1 1405657
1 8664029
1 8102359
1 5219325
1 842522
1 673610
1 9986474
1 7576336
1 8215468
1 4329725
1 1481577
1 719294
1 8259852
1 6368545
1 9883699
1 8076699
1 6413593
1 6154932
1 8324973
1 6357793
1 1604246
1 687545
1 4033162
1 5192427
1 765730
1 2258739
1 5954618
1 5071940
1 4583224
1 5779368
1 2567679
1 5869561
1 7978208
1 7905266
1 6137778
1 875904
1 8163499
1 1741417
1 5355258
1 6235450
1 3155542
1 1674651
1 5096416
1 4377996
1 8424199
1 9617321
1 187217
1 4348994
1 1238688
1 843933
1 1322208
1 2533838
1 7168718
1 3053414
1 5038623
1 8651272
1 1705721
1 6684875
1 4510567
1 4759535
1 1584256
1 4849706
1 3410644
1 5910135
1 2196153
1 9342754
1 1068743
1 4346647
1 5895067
1 3924641
1 6260224
1 4467512
1 1618045
1 2552479
1 4343580
1 1255382
1 2130520
1 2213985
1 99463
1 7614593
1 7230684
1 9613369
1 6557702
1 471483
1 494003
1 2413150
1 5854090
1 8251743
1 1139196
1 6714344
1 5067778
1 2818316
1 3374565
1 9775465
1 3697357
1 8370881
1 2346631
1 8701851
1 1669632
1 3923205
1 7761518
1 4752711
1 4108574
1 7667295
1 4267051
1 2784207
1 448461
1 6425051
1 7691514
1 3684285
1 8370545
1 838210
1 1269569
1 4225732
1 1490440
1 8573369
1 4348227
1 867362
1 6615633
1 8935652
1 9068285
1 5769761
1 7109239
1 2912185
1 4828183
1 3256891
1 1118181
1 1035185
1 4291998
1 4317677
1 4580370
1 1065769
1 3358722
1 1339117
1 3711546
1 807535
1 7026553
1 7282493
1 2606625
1 3942904
1 6554291
1 8626133
1 7932693
1 2768446
1 538480
1 4407405
1 2181524
1 7118450
1 565659
1 301303
1 1731757
1 2546118
1 8415719
1 7601778
1 7089998
1 612354
1 1373485
1 864021
1 1425567
1 7424869
1 6567642
1 9453071
1 7213840
1 6069913
1 4400447
1 9690318
1 2198411
1 9265074
1 9539326
1 6161120
1 5314175
1 8762460
1 9742549
1 9083539
1 9610766
1 6196129
1 8332520
1 2573712
1 660891
1 2576014
1 4085467
1 170419
1 3994817
1 9016907
1 6504964
1 7130008
1 6701933
1 5978378
1 3258035
1 1112161
1 1305218
1 4266378
1 6692131
1 5398325
1 3202929
1 4925976
1 6540658
1 6928228
1 4705983
1 6431563
1 3527301
1 8503163
1 5344815
1 3374009
1 4842819
1 6469652
1 3766956
1 8820271
1 8942923
1 1686698
1 29798
1 1960058
1 9658844
1 7833262
1 5088368
1 7232040
1 9710919
1 7256687
1 5712419
1 5772166
1 2603515
1 195397
1 7361859
1 7462046
1 4698813
1 2072215
1 5841180
1 8437370
1 7664310
1 1023710
1 3254341
1 6819731
1 3861952
1 2261990
1 965433
1 4685752
1 1187217
1 1076950
1 4276323
1 7658765
1 675960
1 6019034
1 7697521
1 9653307
1 4351439
1 1358099
1 7095221
1 9122207
1 11780
1 9685902
1 4467589
1 8814395
1 2555962
1 9997234
1 5270613
1 3821269
1 2272628
1 7687471
1 8604175
1 8951370
1 169676
1 9540607
1 5014905
1 6535946
1 4175680
1 6379274
1 3801036
1 7181016
1 1278009
1 1456280
1 3235377
1 6056683
1 7915813
1 1657657
1 2863250
1 3724552
1 3720556
1 6833238
1 4108182
1 7376344
1 3875639
1 1154686
1 7604248
1 4592804
1 8215612
1 5991512
1 5536483
1 5917554
1 7742336
1 9139394
1 118891
1 241158
1 6523845
1 2853826
1 1809136
1 8202158
1 3486989
1 170083
1 5700358
1 6487182
1 7885368
1 9928736
1 3779909
1 2115621
1 1526918
1 6508886
1 2778153
1 7775350
1 8198817
1 3546108
1 3004646
1 5657120
1 5773274
1 4990946
1 8011979
1 1562786
1 3731053
1 393081
1 6120964
1 4469632
1 9300170
1 650814
1 1882103
1 3474596
1 6463093
1 5623388
1 3037279
1 5032636
1 965370
1 4135924
1 9907717
1 3469915
1 4755310
1 2600408
1 6901941
1 5325526
1 5315600
1 1287081
1 8513196
1 3561996
1 1030156
1 7552092
1 7284509
1 1763548
1 6043571
1 1847021
1 7439667
1 2242259
1 5470490
1 7077549
1 9141209
1 9896541
1 2662451
1 43780
1 3335942
1 2385227
1 3462939
1 8440867
1 7815140
1 9529974
1 5976334
1 6690420
1 4979838
1 4363968
1 463082
1 3612623
1 6572187
1 5869699
1 8783042
1 8339406
1 8882146
1 6040193
1 6985889
1 9719853
1 2735673
1 7085086
1 4689553
1 5979529
1 9014159
1 3836868
1 4195537
1 27329
1 617392
1 8174351
1 1105990
1 3510901
1 4676752
1 4294360
1 5390186
1 8739733
1 2164416
1 5199452
1 9865887
1 2500526
1 824457
1 76550
1 4413253
1 3913758
1 2758020
1 4055161
1 4120702
1 7287371
1 3848714
1 4964663
1 7237637
1 3524304
1 6300546
1 3191033
1 3050245
1 2282085
1 6301550
1 1643613
1 6260104
1 9235272
1 8952903
1 9852978
1 7808264
1 2942916
1 1912824
1 4360612
1 2322299
1 7351884
1 272968
1 7770102
1 8931629
1 7973251
1 7897668
1 7529295
1 3764750
1 5738522
1 7275761
1 6389032
1 6454854
1 6387248
1 5491032
1 9918378
1 7534000
1 6511819
1 5887046
1 5344084
1 6302819
1 2924122
1 9223271
1 5593175
1 2882983
1 2106514
1 6845227
1 6461118
1 6393244
1 2229794
1 7214005
1 5795856
1 1608017
1 4249271
1 7274962
1 2546394
1 674673
1 409783
1 2085604
1 4936338
1 7604596
1 5901608
1 8921597
1 7195603
1 3214064
1 4051287
1 6921609
1 4725443
1 2452772
1 9402154
1 8862359
1 6744291
1 9038535
1 3924709
1 8643266
1 9173759
1 5553375
1 4436667
1 4597370
1 1680791
1 3041329
1 3561544
1 5004354
1 2577128
1 3246889
1 1351533
1 8929914
1 6959544
1 4660156
1 4965880
1 857027
1 9797990
1 3008693
1 4448954
1 3125369
1 9398674
1 1961222
1 3636220
1 640187
1 8332606
1 9893999
1 6246204
1 2057020
1 7441307
1 3162625
1 5980541
1 3441133
1 6852
1 500564
1 6099674
1 6813685
1 8072716
1 6688102
1 6278290
1 3496865
1 1615421
1 5723822
1 2115208
1 3496791
1 2084763
1 2784299
1 7722666
1 1971289
1 7801996
1 1039005
1 2864323
1 5523195
1 6903477
1 5730178
1 2237962
1 9126883
1 9979643
1 2614582
1 3870379
1 7695488
1 5646033
1 8209907
1 4290105
1 4350269
1 5223153
1 5717686
1 7379796
1 2084212
1 5776518
1 5951768
1 2651204
1 7956542
1 2631255
1 2990315
1 4414233
1 1290299
1 2872915
1 4893801
1 4663241
1 3903380
1 6587496
1 4610939
1 2927470
1 7000552
1 364525
1 1929227
1 4211213
1 1438054
1 4656486
1 6214171
1 8848316
1 5183198
1 1687106
1 68805
1 4047546
1 4279809
1 1424008
1 3176526
1 6731020
1 9305227
1 4918367
1 6154197
1 1519499
1 4469474
1 6256347
1 2503294
1 6029703
1 5291153
1 6916205
1 7528944
1 5270013
1 4030784
1 6900832
1 6976882
1 5105261
1 8521635
1 3624918
1 6243579
1 5851523
1 1766563
1 6309206
1 4368397
1 4836705
1 41061
1 4022072
1 6233357
1 3271188
1 7024353
1 6685637
1 7804064
1 6529265
1 6522357
1 7130903
1 5710557
1 7219660
1 335111
1 8290817
1 4176006
1 7517160
1 2288803
1 1636390
1 4225573
1 7625668
1 387490
1 432812
1 3770349
1 3044772
1 4811623
1 164354
1 9848133
1 6928807
1 2895428
1 40175
1 110597
1 2278957
1 1454641
1 670396
1 6038067
1 8214841
1 9825994
1 3913392
1 7630797
1 4754171
1 9087466
1 2436724
1 643323
1 7622530
1 4208954
1 1361414
1 9099266
1 9055007
1 6907228
1 2862405
1 1861223
1 5834732
1 9237332
1 8340262
1 3054752
1 802731
1 8696983
1 4593452
1 208670
1 9171339
1 7356561
1 2160688
1 7598383
1 8508260
1 8768306
1 5998040
1 9790425
1 2167659
1 8713484
1 1979551
1 7560646
1 4786166
1 8967158
1 161319
1 7716849
1 9167236
1 1206284
1 5177931
1 4877113
1 3629065
1 1047786
1 3394287
1 4630416
1 1988911
1 1371885
1 6206741
1 6053527
1 9769079
1 3631750
1 5819445
1 6651252
1 7260218
1 9401504
1 3878641
1 136498
1 3602774
1 3261371
1 4237207
1 4511509
1 2126369
1 5897896
1 1782501
1 9965536
1 1134055
1 3843765
1 5462493
1 7768156
1 4576610
1 8122144
1 988955
1 6119099
1 3007289
1 6695493
1 1429876
1 8183119
1 6172480
1 9490360
1 2534913
1 3035955
1 7133416
1 846960
1 6380127
1 9527614
1 2601770
1 5515233
1 3146248
1 764085
1 9295500
1 8522374
1 6830998
1 6788829
1 5432563
1 795427
1 5517811
1 2677866
1 5677510
1 1582737
1 8112148
1 1707258
1 4030963
1 3473848
1 2806464
1 3740041
1 1448668
1 459791
1 1933491
1 1805048
1 1388108
1 6574699
1 7713346
1 538027
1 659961
1 7590982
1 7635840
1 5081642
1 8700361
1 1048140
1 3738075
1 963948
1 9618606
1 6165885
1 1748498
1 3539420
1 1189813
1 1023561
1 1140286
1 5111000
1 7233702
1 5388555
1 3173226
1 3424302
1 1995455
1 7006523
1 3330506
1 4272618
1 8609711
1 6696147
1 694348
1 1091722
1 4219187
1 2195586
1 7839249
1 3408457
1 3026727
1 891031
1 3536519
1 8080583
1 7078142
1 4620201
1 9673969
1 4177079
1 5503154
1 6648088
1 5780134
1 6398468
1 6219420
1 2489710
1 3154189
1 3359150
1 9412172
1 5338393
1 4131578
1 2455503
1 5042407
1 5055830
1 1590836
1 6562334
1 8359413
1 7696460
1 5949564
1 3239283
1 5414533
1 8932355
1 1772488
1 574727
1 7320125
1 7889149
1 27070
1 874030
1 7949796
1 3725095
1 769024
1 7708385
1 4434305
1 9157161
1 8222448
1 1737874
1 6122047
1 1241939
1 2009637
1 2512667
1 7333805
1 9771747
1 2229153
1 942293
1 6339238
1 3340585
1 917658
1 7765704
1 5517492
1 2471706
1 2699797
1 761476
1 9729308
1 6044097
1 3658739
1 9964175
1 2016707
1 49130
1 3047072
1 1880494
1 551051
1 197499
1 3131793
1 7268027
1 2183071
1 8812926
1 2567950
1 7259336
1 4265013
1 5067891
1 9824584
1 9200255
1 7251585
1 4084455
1 498188
1 1150017
1 4394253
1 7947655
1 9201383
1 339107
1 9522784
1 4033682
1 3809186
1 5875871
1 4259876
1 2420476
1 7254429
1 8845884
1 5837907
1 7193447
1 5538886
1 3713517
1 4236686
1 1574996
1 5397504
1 6171094
1 4009031
1 5413223
1 5685640
1 8731268
1 1959553
1 953501
1 9261884
1 7912650
1 7051621
1 2387553
1 5120405
1 6221887
1 5997540
1 399685
1 5982933
1 1174259
1 1662156
1 8127281
1 7447949
1 8481292
1 9150695
1 1844268
1 912679
1 3065669
1 5416665
1 5596731
1 8961116
1 7196502
1 448099
1 3112419
1 6428832
1 35293
1 4247743
1 729648
1 5014232
1 4403497
1 2052477
1 2414331
1 1298227
1 7176696
1 9660182
1 6622646
1 5049604
1 4110847
1 4326696
1 2303050
1 5391268
1 8083762
1 6723855
1 9518123
1 6794284
1 9190571
1 9640268
1 1649641
1 7847204
1 3359530
1 6154160
1 9781306
1 1525866
1 6769952
1 6762145
1 476755
1 262476
1 8847680
1 2504434
1 6035135
1 1171203
1 2832910
1 773415
1 8391863
1 5782028
1 730217
1 1121085
1 2386138
1 8223646
1 3028624
1 4782580
1 989621
1 4166368
1 6564887
1 9738537
1 280559
1 8312358
1 9575583
1 4430916
1 2763817
1 6211368
1 4518080
1 715396
1 7609492
1 8882152
1 2201012
1 8012814
1 8825300
1 8691547
1 5533844
1 4496193
1 7977952
1 872412
1 3437689
1 2804560
1 4678798
1 538148
1 4985351
1 7498341
1 8084837
1 2233941
1 118987
1 4067966
1 8584773
1 2863979
1 9066129
1 7632073
1 8001019
1 322727
1 1062562
1 5723725
1 9115945
1 6750812
1 9245212
1 246968
1 8213714
1 2523825
1 1161149
1 7190651
1 5748396
1 7861340
1 8054447
1 4396391
1 8576937
1 2409572
1 4471933
1 4006513
1 5005344
1 9355477
1 8142434
1 6973544
1 8129344
1 8719315
1 2241384
1 5668039
1 968040
1 7352460
1 2880449
1 5251776
1 7433519
1 4349022
1 5904701
1 9643857
1 7856742
1 8903183
1 4013807
1 5971221
1 7607950
1 6742793
1 8612839
1 2906834
1 6601749
1 5187471
1 9361011
1 7888620
1 5923360
1 8575495
1 3212130
1 1630005
1 2899790
1 449841
1 5666256
1 1982223
1 7686169
1 7608463
1 4494860
1 6245460
1 5708821
1 669149
1 8177766
1 499643
1 2502208
1 5936345
1 6847019
1 8116742
1 1185760
1 1938842
1 4009175
1 1349147
1 620109
1 7951219
1 895736
1 4259720
1 5236549
1 5733104
1 7540442
1 9525920
1 7091750
1 7218756
1 2119568
1 7556242
1 847363
1 9229910
1 3243506
1 6152381
1 8887215
1 8429814
1 6648097
1 3079095
1 6439167
1 8569864
1 2225804
1 2933844
1 9952786
1 5317641
1 7961060
1 209179
1 8998232
1 259849
1 6924689
1 7441677
1 3134138
1 824649
1 416529
1 7608703
1 1941671
1 8305815
1 7935753
1 3852966
1 6072724
1 3966455
1 4163805
1 6991948
1 3043788
1 9356764
1 4395987
1 6815741
1 2381101
1 3588163
1 4291242
1 869222
1 9059927
1 8832113
1 7601411
1 3673116
1 4356053
1 3157835
1 3721154
1 1101356
1 5268995
1 1578409
1 7206430
1 6318037
1 4188661
1 3443463
1 2323807
1 5456571
1 2496952
1 8938535
1 5017498
1 7224966
1 3554241
1 6117247
1 2502400
1 3696201
1 3829202
1 4584070
1 1144752
1 6274060
1 8150305
1 5577763
1 4350008
1 691426
1 3821351
1 6295933
1 9818753
1 9884911
1 1093481
1 2363362
1 801584
1 5617158
1 4088971
1 9793243
1 7616493
1 2573894
1 3241973
1 5726881
1 1935760
1 6024461
1 6577412
1 5267168
1 5274179
1 8185796
1 7816948
1 4121489
1 7153402
1 8938009
1 8591276
1 7448148
1 6199506
1 470447
1 6734939
1 5891366
1 8242018
1 1467279
1 9951329
1 3653373
1 3200380
1 3620221
1 9808926
1 3363083
1 8901038
1 9161830
1 8916447
1 4897802
1 9479
1 1861743
1 8000867
1 6992761
1 6096284
1 5863604
1 9648730
1 5743361
1 7748288
1 5115701
1 313560
1 9451077
1 2010428
1 9177202
1 8448135
1 7844849
1 6936757
1 2116524
1 905264
1 598817
1 7981056
1 3227554
1 3226701
1 490740
1 9184647
1 1141733
1 5559143
1 2275406
1 9268330
1 5270240
1 1783360
1 9928699
1 6178033
1 4150197
1 6186111
1 7536274
1 8309546
1 9027762
1 8652939
1 4138370
1 6080658
1 8421148
1 551267
1 5941229
1 1895967
1 2841790
1 155653
1 252324
1 9873236
1 6816929
1 5600235
1 9591160
1 352686
1 7709951
1 433607
1 7705877
1 1395781
1 7457003
1 7160485
1 9543972
1 5545491
1 546492
1 1047244
1 3620837
1 2960705
1 8343043
1 9552582
1 4557712
1 4024975
1 2726825
1 1137189
1 7519179
1 5506733
1 4223757
1 2822948
1 7832501
1 6120637
1 3288873
1 214674
1 9196200
1 2137603
1 7201443
1 2365991
1 6851303
1 4668660
1 4181731
1 4623429
1 6577998
1 6578963
1 6395232
1 5567502
1 6057231
1 3544169
1 2657741
1 7466240
1 5490384
1 1886422
1 6452615
1 3669795
1 1757749
1 4391633
1 5289115
1 5800610
1 7253120
1 4796968
1 2818527
1 2170345
1 8411184
1 6586203
1 2660404
1 3361714
1 4911702
1 1285159
1 9175982
1 4190755
1 8802282
1 1408948
1 1778558
1 8703386
1 4378274
1 3735436
1 3695088
1 3465013
1 1786569
1 6170263
1 4982087
1 9935468
1 7941578
1 1557380
1 5117543
1 3142636
1 7440098
1 4690531
1 1409507
1 4662586
1 7350514
1 6210481
1 2391332
1 8522351
1 4299325
1 4521745
1 9497949
1 1483978
1 3874399
1 9448797
1 1719723
1 8087550
1 2101798
1 3685859
1 7721380
1 5380057
1 9545032
1 9994785
1 5448089
1 2321164
1 304410
1 2077299
1 7081680
1 2764778
1 112728
1 7283348
1 7767045
1 8857860
1 2691786
1 9071667
1 5737239
1 7910195
1 173317
1 1447754
1 51690
1 4880342
1 8046012
1 5624251
1 4738351
1 9762977
1 7118547
1 3065654
1 5154431
1 4216847
1 5785411
1 6696778
1 6761259
1 1602150
1 9937012
1 5109296
1 8763924
1 6899291
1 1033868
1 3595113
1 9889502
1 8674486
1 8657336
1 1251677
1 1776628
1 2980873
1 3472043
1 7419097
1 8871298
1 9437860
1 4257596
1 4049084
1 9405705
1 8873144
1 1687889
1 4686320
1 4460694
1 9337164
1 5369064
1 8251194
1 9129992
1 9942737
1 7769909
1 4523972
1 538976
1 7640918
1 7022117
1 3294437
1 9227321
1 5493368
1 4858480
1 4837718
1 7266643
1 1602661
1 4173041
1 8962474
1 5994810
1 4289034
1 278211
1 1954350
1 104472
1 8940281
1 6693163
1 442281
1 7977117
1 4760602
1 4300652
1 6566731
1 3623213
1 2547983
1 1091873
1 1018806
1 7520125
1 3190603
1 7124856
1 5805351
1 5269103
1 6227453
1 4718900
1 7512454
1 466650
1 5379184
1 2642826
1 8325257
1 3294089
1 632814
1 4522010
1 7173967
1 3717792
1 9961052
1 1335758
1 5861182
1 1243083
1 8863735
1 922
1 273229
1 7885516
1 6739502
1 3153286
1 1700058
1 6643910
1 9016035
1 9728451
1 4115171
1 8165115
1 5894553
1 3301440
1 3112656
1 7333406
1 9099459
1 8539169
1 7086803
1 4397369
1 7995346
1 4363273
1 7893576
1 6251890
1 9644767
1 300058
1 3137971
1 9040267
1 6954123
1 2508213
1 4082914
1 9904186
1 9853744
1 4739633
1 9380046
1 3877487
1 4178988
1 5074005
1 1354200
1 9641759
1 734336
1 1626268
1 2393284
1 7807840
1 4057402
1 2928569
1 4800936
1 6028307
1 5703194
1 8502340
1 935396
1 9858195
1 2637866
1 6948386
1 1976693
1 272744
1 2904226
1 8079665
1 3599828
1 5239423
1 5878975
1 8237949
1 6106497
1 9303967
1 7494357
1 5149282
1 4398617
1 7620126
1 580657
1 6720120
1 3436533
1 527984
1 2330061
1 6234808
1 8323427
1 6232024
1 2561562
1 6462362
1 9373536
1 7498053
1 7918273
1 783247
1 2016248
1 7329882
1 7251179
1 2354959
1 3423772
1 8324759
1 2627719
1 5106016
1 6054861
1 8178805
1 3123327
1 9077112
1 4907163
1 5681142
1 5005633
1 9229202
1 4705633
1 1074665
1 100245
1 723444
1 9709743
1 8485373
1 5865802
1 5575662
1 1108098
1 293786
1 5673471
1 5929066
1 3777477
1 3851766
1 7609837
1 1521660
1 4658559
1 4157193
1 8516598
1 8274061
1 7162213
1 1431950
1 9663851
1 5315506
1 2316956
1 229138
1 8583470
1 6081593
1 408666
1 4272968
1 2390240
1 3150964
1 6897056
1 8098231
1 9957977
1 8892750
1 6854584
1 9589260
1 5704620
1 6636689
1 311035
1 7113822
1 1090298
1 6697897
1 9832708
1 3486907
1 2937370
1 1213330
1 1589646
1 4907483
1 3289013
1 4652828
1 2332521
1 4972486
1 8364865
1 4520122
1 8614634
1 5829353
1 2511352
1 3678254
1 4013433
1 8173514
1 4499385
1 5595993
1 904473
1 4700991
1 7684056
1 6720727
1 5477521
1 435095
1 8369072
1 9569077
1 4066701
1 9406363
1 1648620
1 9621595
1 8599894
1 7276208
1 281733
1 7646625
1 1856614
1 8146746
1 1538677
1 4980326
1 9449181
1 9092915
1 2691023
1 5217597
1 1395746
1 7884507
1 2490686
1 4436261
1 7634190
1 7013425
1 5058580
1 5139039
1 7700352
1 8098913
1 8043366
1 7613618
1 2016203
1 9330742
1 996057
1 2032705
1 3950220
1 5858822
1 3005328
1 7304473
1 9487741
1 7807478
1 1873057
1 9112969
1 4096321
1 6056118
1 3144908
1 3661412
1 2215500
1 965484
1 2238416
1 4348435
1 8839566
1 8899996
1 6483724
1 5209374
1 7962309
1 2506798
1 2436652
1 5848883
1 3651605
1 2718659
1 1071116
1 3829067
1 8914907
1 1589864
1 6034562
1 6779286
1 3518169
1 2831654
1 5662635
1 9260656
1 4155599
1 7908658
1 8465209
1 8264336
1 4652360
1 6527858
1 7495730
1 3086512
1 5625250
1 2968910
1 5330580
1 9932092
1 7024147
1 3425519
1 3564294
1 2812091
1 2995888
1 9482720
1 234320
1 8348432
1 9583410
1 552462
1 9143215
1 7661229
1 2720193
1 2073981
1 542315
1 2786156
1 8604253
1 3868812
1 72740
1 8045545
1 7360113
1 593724
1 1539341
1 3674819
1 4201913
1 9129218
1 5837133
1 4402655
1 488308
1 1867182
1 2773866
1 8942239
1 639687
1 3935669
1 9204444
1 8342989
1 580741
1 4778395
1 1363262
1 9458258
1 8260055
1 6308335
1 3559792
1 7497756
1 6223423
1 8491158
1 9567729
1 4187062
1 4536312
1 9733561
1 4227596
1 850900
1 9913883
1 1060794
1 6877730
1 3969294
1 1638775
1 4137554
1 8273951
1 1955415
1 2640285
1 5073204
1 3939903
1 5830192
1 943754
1 7428560
1 9523912
1 5326730
1 4378659
1 2503933
1 1806440
1 3578342
1 5801513
1 974187
1 2203666
1 8514581
1 9310883
1 8906886
1 6721797
1 7161334
1 2099021
1 9003036
1 5201981
1 7133921
1 3996098
1 2164120
1 6702123
1 4920282
1 847458
1 6330670
1 2797738
1 3580051
1 9232387
1 6403308
1 5743873
1 7004242
1 5809542
1 5628021
1 6219700
1 8371934
1 8116152
1 3624179
1 1678166
1 1612828
1 1065725
1 357419
1 257521
1 1609548
1 3169578
1 9659965
1 1732885
1 3687566
1 9455584
1 8537705
1 2297011
1 2922548
1 6916737
1 9760933
1 7618788
1 1827718
1 6726620
1 2966883
1 4583984
1 1126905
1 4552717
1 5233807
1 1970657
1 8705187
1 8539342
1 2219199
1 1877389
1 2040810
1 2387573
1 9499542
1 1744063
1 8788085
1 1525581
1 4609923
1 9847736
1 1302377
1 4186355
1 9275324
1 3849862
1 2009586
1 283684
1 1860704
1 1396789
1 4190090
1 903307
1 6395525
1 1142388
1 1603338
1 6949134
1 6556448
1 6125184
1 9351864
1 7565515
1 2358698
1 8221153
1 8804586
1 4683055
1 7951789
1 7731415
1 8247436
1 4630834
1 6042835
1 2680163
1 7320620
1 4584383
1 2117335
1 1333147
1 2586575
1 1689383
1 6237834
1 4767982
1 8972723
1 9118726
1 1682467
1 4714963
1 4211776
1 7405709
1 3115978
1 1415500
1 9083612
1 2827415
1 6435308
1 9742412
1 3733539
1 3874088
1 9690785
1 2557160
1 8402454
1 2400427
1 1492144
1 3943996
1 9042074
1 2366137
1 5889852
1 6403947
1 1937841
1 2304116
1 8775453
1 2034860
1 3587637
1 2560272
1 6611937
1 4649514
1 9203577
1 3796854
1 7296682
1 7371025
1 3363818
1 2480164
1 5288500
1 6200491
1 6336759
1 1439225
1 2869782
1 2610499
1 8561039
1 8070874
1 3945127
1 2509042
1 283313
1 8942455
1 7332558
1 649975
1 6973527
1 155925
1 591539
1 5638664
1 6864945
1 353289
1 7444656
1 2376418
1 8388022
1 8590592
1 1108098
1 4029218
1 7089442
1 8765916
1 5169716
1 7227540
1 1537888
1 7717339
1 4435842
1 7768314
1 3415281
1 2728016
1 6731604
1 7878706
1 2940464
1 463974
1 1294700
1 2162403
1 8298912
1 69798
1 930722
1 9829560
1 9332299
1 5971023
1 7495542
1 7716526
1 3011005
1 3141840
1 7836963
1 3501055
1 1971975
1 9856645
1 1514420
1 196740
1 9191634
1 9636826
1 7249849
1 4734453
1 6371636
1 616613
1 7378908
1 2279251
1 7378288
1 4048585
1 4271395
1 1926500
1 8679299
1 264736
1 3475690
1 2755795
1 637806
1 7194629
1 3299082
1 5034705
1 2397913
1 7940027
1 8513408
1 480897
1 8985819
1 2026239
1 1508496
1 7102224
1 553513
1 9151199
1 8606149
1 2293747
1 9792535
1 9729667
1 4062074
1 7688879
1 5583451
1 5344650
1 3075712
1 9836263
1 2298602
1 5102785
1 8439445
1 527940
1 5935531
1 9016088
1 7731769
1 5244459
1 9399504
1 8952898
1 5649411
1 9533169
1 480227
1 8782022
1 7028780
1 807138
1 3776403
1 4047034
1 8334351
1 4130419
1 613365
1 9712773
1 9528000
1 1769709
1 8712118
1 6612150
1 9477509
1 910336
1 5215771
1 1690577
1 1067214
1 1799045
1 8046841
1 166605
1 3900801
1 6411484
1 5122163
1 3033350
1 1730331
1 87590
1 3753072
1 4370066
1 374885
1 4868288
1 9930983
1 8247932
1 5952945
1 3835982
1 3675221
1 7570722
1 7681245
1 4704268
1 3932922
1 1122694
1 5127086
1 9773134
1 1025981
1 6613150
1 1186035
1 6357139
1 621686
1 1387805
1 3047230
1 5026030
1 8761850
1 7692562
1 8871713
1 430366
1 1328722
1 1284075
1 4201252
1 6010487
1 8505283
1 8989436
1 6633885
1 3088813
1 4017446
1 5064493
1 3356713
1 1846290
1 4612754
1 1347730
1 3229391
1 7921973
1 9443201
1 1961316
1 4844898
1 8239146
1 1709461
1 7904557
1 8248367
1 3531357
1 4009894
1 795933
1 1704341
1 1017085
1 638034
1 5274966
1 1419023
1 7407307
1 8829828
1 7130436
1 3744435
1 2981940
1 1888336
1 7300644
1 194260
1 6569432
1 3676524
1 6383515
1 2001714
1 5334498
1 5681032
1 6523493
1 1728650
1 371034
1 9405671
1 5095669
1 2466526
1 5153739
1 9367983
1 9131071
1 8650433
1 3606143
1 3881072
1 3837396
1 1298844
1 6817533
1 6097409
1 127383
1 8826772
1 6726410
1 9698422
1 602873
1 5880915
1 6342664
1 9864492
1 6204580
1 9281803
1 3311557
1 4866081
1 9350539
1 204729
1 6371298
1 4664143
1 743823
1 3565992
1 3779189
1 8893574
1 3004615
1 134949
1 412954
1 6194787
1 2731100
1 523767
1 7730807
1 3505430
1 9032123
1 9346841
1 8048788
1 7880357
1 1620188
1 7783656
1 7620202
1 7781357
1 6910619
1 2175382
1 2656134
1 9993376
1 1823914
1 8917661
1 4790617
1 7394125
1 6145688
1 9110944
1 5451212
1 1420812
1 3843405
1 890421
1 2798800
1 1082748
1 3485684
1 755977
1 5493036
1 3753256
1 9583606
1 1287442
1 2191417
1 1862828
1 1511543
1 2957981
1 2995839
1 92407
1 9832190
1 3254387
1 497892
1 8355209
1 2005126
1 3216791
1 8330073
1 1266147
1 2988902
1 1074617
1 6309242
1 1887855
1 834546
1 7106200
1 2406833
1 4582411
1 678306
1 8956246
1 7038198
1 310866
1 6004689
1 7703948
1 4785852
1 4293295
1 854680
1 8557766
1 6191172
1 8718164
1 5889701
1 4620540
1 1661905
1 9918593
1 9374074
1 7597817
1 4936762
1 5041797
1 116530
1 298038
1 717569
1 6788513
1 4528833
1 3710570
1 7693800
1 6682323
1 5952225
1 5864494
1 4459731
1 5669283
1 3438985
1 299133
1 3504255
1 1355331
1 8952877
1 6323233
1 3890691
1 6644168
1 1246508
1 1873951
1 5744243
1 5585914
1 8575197
1 2444433
1 5198849
1 330542
1 5614166
1 4462517
1 607100
1 6051585
1 7016095
1 6129327
1 8385394
1 229552
1 8338989
1 4327859
1 590028
1 6091525
1 4813225
1 6615460
1 2360978
1 5855347
1 7743123
1 7676483
1 4826185
1 1114669
1 8159458
1 5817244
1 7864292
1 9471030
1 7829255
1 1364128
1 3167095
1 2573456
1 111662
1 5286428
1 5306409
1 2932460
1 640056
1 7156539
1 7998561
1 518461
1 4919786
1 947453
1 5444742
1 6593289
1 4753710
1 197293
1 3834842
1 616023
1 5653106
1 1348383
1 4989576
1 551797
1 4546581
1 5008938
1 1722442
1 5670386
1 102129
1 6519016
1 1212761
1 661349
1 4922926
1 1900399
1 118545
1 112193
1 8477608
1 7079749
1 2532871
1 3198276
1 8541809
1 877688
1 1995464
1 5774459
1 7155031
1 9972139
1 1057773
1 4446043
1 4692977
1 4797527
1 1813976
1 1650474
1 9536901
1 9639511
1 7369228
1 9746478
1 4078353
1 1727679
1 7993824
1 5869561
1 8564731
1 7388480
1 7794583
1 166733
1 7646221
1 9361117
1 7020317
1 2028222
1 4930469
1 2653829
1 5900790
1 690448
1 9185350
1 8741656
1 9972955
1 416786
1 5888051
1 242961
1 1272474
1 1309113
1 2056262
1 8722849
1 7399902
1 3876927
1 6385116
1 7867545
1 7377675
1 6953053
1 8299193
1 4584408
1 328380
1 1561601
1 2049402
1 4567494
1 4765078
1 3360793
1 4190662
1 4190159
1 7493520
1 8115521
1 5073786
1 2367091
1 6282776
1 1109577
1 7318251
1 6603267
1 5032364
1 369441
1 6591472
1 6970465
1 4140318
1 485272
1 6653490
1 302217
1 1322169
1 9736669
1 8945954
1 6388920
1 2821832
1 9559131
1 2733530
1 5714388
1 4594452
1 8390584
1 4047175
1 8383274
1 9961110
1 9694416
1 914836
1 5512637
1 8257211
1 755022
1 217766
1 3711460
1 4695740
1 535396
1 1568555
1 5062406
1 728216
1 1606104
1 7063813
1 6652648
1 4478609
1 3088633
1 1164875
1 3732007
1 2642895
1 718705
1 9011794
1 8154014
1 3139102
1 2913464
1 3244393
1 8328071
1 7674002
1 729525
1 8138699
1 1825557
1 9349129
1 8542038
1 6161623
1 4299302
1 3166959
1 1160676
1 8814053
1 8703857
1 1970348
1 2784566
1 2089070
1 7358350
1 1175550
1 5935953
1 7464102
1 4121575
1 1850913
1 3354328
1 9854168
1 3043195
1 3913722
1 1953463
1 8470366
1 2126106
1 4648984
1 1022887
1 493687
1 2452304
1 6455914
1 7621852
1 8625761
1 160931
1 3485117
1 5775459
1 7075597
1 2826449
1 5062920
1 9412893
1 104527
1 2998487
1 5215009
1 7753886
1 3252755
1 2416435
1 6809285
1 7687747
1 1476462
1 4412777
1 4123767
1 8013444
1 4997278
1 261500
1 2102057
1 7805233
1 7622321
1 2464440
1 8591499
1 7416851
1 8329809
1 9935657
1 5643148
1 7178209
1 2906783
1 4772014
1 1745537
1 6109529
1 8015015
1 3970462
1 2337305
1 8689495
1 716236
1 1429856
1 2828493
1 8454937
1 71797
1 6866445
1 2788968
1 9148630
1 722338
1 5623197
1 1071950
1 9585268
1 7165258
1 9426734
1 4468130
1 2363483
1 8423031
1 482279
1 9178411
1 8624232
1 825574
1 5834074
1 6962451
1 8605040
1 9241176
1 7295234
1 3988600
1 9078836
1 7360476
1 3033041
1 9613945
1 1159274
1 7631612
1 6831912
1 4554510
1 5995846
1 6071294
1 9764746
1 4256767
1 5242260
1 233440
1 5824088
1 2585030
1 9013130
1 6161965
1 419692
1 3208419
1 6833483
1 7914347
1 5043646
1 6173090
1 4123796
1 8514699
1 6841111
1 2114432
1 4149690
1 981855
1 9014264
1 4201781
1 3870661
1 9395531
1 7873418
1 2898629
1 4664600
1 3155649
1 832501
1 988388
1 6957447
1 4108244
1 7841574
1 1252443
1 8575607
1 4636747
1 917783
1 5018975
1 2692457
1 748134
1 4577447
1 1770544
1 5036623
1 9765736
1 1626880
1 680858
1 7425793
1 7442067
1 7744977
1 9718069
1 2577157
1 6071272
1 3487694
1 2244345
1 44675
1 8132950
1 1783549
1 6538382
1 6436603
1 6199680
1 8438062
1 8559680
1 6202398
1 4252124
1 6333924
1 3211214
1 1657775
1 244220
1 2201366
1 3985033
1 6605782
1 6409332
1 1183817
1 744596
1 7875834
1 1742880
1 2481765
1 4914639
1 8047913
1 9096084
1 4763113
1 3082675
1 7027365
1 2206305
1 5078434
1 3913906
1 2045156
1 1629564
1 4358503
1 8032908
1 3619628
1 4737794
1 7001095
1 8974193
1 9548259
1 9305804
1 4293986
1 6747151
1 6707174
1 5981420
1 9278234
1 1889651
1 9042700
1 8077673
1 9709937
1 3236447
1 516821
1 3421582
1 9171167
1 4381424
1 1957699
1 8192899
1 24901
1 512286
1 7439733
1 6633426
1 46909
1 7797681
1 4878383
1 8587669
1 9551596
1 7539303
1 6995975
1 4666635
1 6520866
1 9891975
1 8768059
1 7310019
1 1621360
1 5418032
1 3609667
1 3457924
1 6272301
1 7577688
1 91300
1 720658
1 5469352
1 1314242
1 6823284
1 784689
1 3812218
1 8909131
1 2593149
1 2438100
1 4311943
1 8796620
1 1198789
1 379762
1 8315568
1 1422011
1 366847
1 8129683
1 7645965
1 591787
1 1001011
1 4079194
1 1087230
1 6842583
1 8494650
1 2501371
1 9441804
1 6929209
1 7913235
1 4415495
1 6799204
1 1780736
1 5544912
1 9675148
1 8035699
1 172328
1 5599216
1 211997
1 9930327
1 753489
1 9832091
1 8228269
1 2264489
1 5961132
1 9050131
1 1100649
1 2383052
1 3678801
1 7152482
1 1170135
1 1834582
1 6216346
1 4162958
1 1868542
1 9834035
1 5939274
1 6973815
1 6845534
1 9722469
1 9396508
1 1175194
1 1738347
1 8597002
1 2345250
1 9555558
1 5655822
1 9125331
1 9664394
1 9572658
1 5026641
1 324903
1 139886
1 7534559
1 3442275
1 8268498
1 1116218
1 2110618
1 7465863
1 1696060
1 6554626
1 7331007
1 9641628
1 7232666
1 9890064
1 9661054
1 3612588
1 2036799
1 4677436
1 1522066
1 4897407
1 2895459
1 871871
1 1342967
1 2126875
1 7719630
1 9502429
1 3695535
1 5891755
1 8287679
1 9557029
1 4684645
1 2564289
1 9585001
1 6777735
1 3085738
1 559981
1 4516240
1 6855114
1 1467401
1 5473933
1 4981690
1 1378934
1 8005793
1 5597194
1 3300629
1 772501
1 1139637
1 7594540
1 6748895
1 2140099
1 6468599
1 7150039
1 1132079
1 6533
1 5472554
1 7301613
1 2922265
1 7153343
1 9711753
1 2127923
1 5077444
1 7181977
1 10701
1 40848
1 4912072
1 7285156
1 7803724
1 1284248
1 6619255
1 1013361
1 4217241
1 5964856
1 7047899
1 2238891
1 1898753
1 9957288
1 1833761
1 8499203
1 8025068
1 7902321
1 9764155
1 6157244
1 2104639
1 5136682
1 9017449
1 9755433
1 684469
1 1223060
1 7035952
1 3251752
1 850456
1 4375843
1 3474354
1 1829320
1 7692211
1 1202132
1 782457
1 7144845
1 3818997
1 1258626
1 1975010
1 2928187
1 7849877
1 6406838
1 4402275
1 9940389
1 9869312
1 9830359
1 5951155
1 4090925
1 708028
1 748154
1 4644634
1 4534895
1 4069494
1 1692400
1 5144344
1 1957391
1 8421896
1 8910561
1 9337662
1 6728824
1 7599436
1 4284131
1 8192365
1 1070959
1 6035770
1 7655533
1 5149780
1 7630817
1 214441
1 4282500
1 9213727
1 6082448
1 6371233
1 4505933
1 147086
1 8234301
1 4588150
1 1135928
1 9312423
1 6186758
1 5494442
1 9367638
1 6161766
1 4322840
1 1864172
1 2280488
1 3363771
1 203258
1 9054855
1 5585639
1 75227
1 5819717
1 5695683
1 6161747
1 4117165
1 169897
1 3001946
1 8742617
1 7741127
1 4295032
1 8549961
1 2026606
1 9203169
1 7903083
1 5385325
1 8143032
1 8963710
1 3234116
1 2635653
1 5628355
1 6442459
1 7553726
1 7711053
1 6814312
1 2376614
1 5000043
1 9334397
1 4425809
1 6241896
1 8301926
1 2192895
1 1658447
1 2641142
1 1060953
1 9967767
1 9670982
1 1245460
1 2082298
1 4789285
1 2865342
1 7777610
1 5052756
1 9395387
1 1411834
1 7454927
1 4677526
1 6994974
1 8650406
1 46887
1 8909574
1 9118357
1 8400581
1 1699853
1 3325160
1 3951149
1 9318147
1 5700489
1 4037376
1 4373868
1 5484580
1 9678301
1 7571460
1 5519038
1 3523398
1 9753164
1 5603836
1 9835005
1 9404447
1 9448550
1 6813542
1 7957233
1 2828850
1 5709389
1 4470909
1 7867189
1 1239867
1 1306942
1 4969360
1 2193198
1 213360
1 7192184
1 9914954
1 2576749
1 6675472
1 4743665
1 3861840
1 9037755
1 1061333
1 8237681
1 3962672
1 7308434
1 9334589
1 681021
1 5988637
1 7444884
1 793556
1 2918868
1 6300303
1 5319001
1 3431141
1 9569899
1 2568085
1 7197032
1 2689779
1 2622278
1 6748510
1 2478591
1 1660809
1 8130458
1 2476882
1 200931
1 6398226
1 1741799
1 1473133
1 6802644
1 1532090
1 8374097
1 2640117
1 5171385
1 7496459
1 5489523
1 8534628
1 2323851
1 5361936
1 8379150
1 3395853
1 2091923
1 6876655
1 610508
1 3313529
1 2764417
1 5737977
1 9799983
1 8748394
1 3111341
1 4312379
1 386901
1 3627964
1 9812742
1 782772
1 3688339
1 9233976
1 8321171
1 4222906
1 699229
1 6581301
1 2859460
1 1041436
1 6447646
1 8016875
1 5911028
1 3924147
1 5807869
1 7675435
1 7743774
1 3763772
1 9960353
1 9005989
1 5020783
1 6287948
1 2288172
1 894011
1 1806316
1 6628331
1 6881154
1 8660648
1 2745099
1 292968
1 8971375
1 4799096
1 1775578
1 8926281
1 2918300
1 1819342
1 7620883
1 5839456
1 5445655
1 3576030
1 8834747
1 9810034
1 7714845
1 6028505
1 4688964
1 1629355
1 3492464
1 1075324
1 4276672
1 149424
1 8006174
1 1744428
1 6027105
1 3225990
1 8925293
1 2013714
1 9104194
1 8627177
1 421221
1 6694947
1 473885
1 936854
1 8058770
1 4274495
1 5203839
1 534231
1 2836251
1 4269599
1 6326053
1 7835215
1 6814093
1 9479297
1 3447758
1 1748188
1 2175645
1 9391859
1 7429916
1 4155875
1 9057609
1 7395445
1 629299
1 2993068
1 3938207
1 2615387
1 7430541
1 3214730
1 8717564
1 3996314
1 3589526
1 3911612
1 9596995
1 7068036
1 354679
1 5272480
1 5956371
1 2692673
1 2452490
1 2632619
1 153363
1 2773387
1 4580986
1 2284254
1 3353882
1 6513805
1 9675339
1 7653516
1 7250878
1 7401546
1 2525476
1 5329012
1 5157563
1 2945849
1 13682
1 5879087
1 4401734
1 792203
1 8688020
1 9957607
1 5436178
1 6743363
1 4220365
1 3050987
1 619850
1 764850
1 9795594
1 5232719
1 5989589
1 9294826
1 8540207
1 6810418
1 5578444
1 6116404
1 6762953
1 8289160
1 877259
1 896865
1 2020328
1 9377510
1 3793077
1 732140
1 3538850
1 3735853
1 6447576
1 9834722
1 6238851
1 9922552
1 5616701
1 8614472
1 2472424
1 2622079
1 1851507
1 3993154
1 3383936
1 7018499
1 7812288
1 9862141
1 9189682
1 1723364
1 3347621
1 2370442
1 5917515
1 6955735
1 7196228
1 6600268
1 3314396
1 6779848
1 8123608
1 9122504
1 1308952
1 8977123
1 9626106
1 6874079
1 7290238
1 5618050
1 6779127
1 7720180
1 4819689
1 1089643
1 1687090
1 1332948
1 1023488
1 2091476
1 6911727
1 9321501
1 1228675
1 3019720
1 2341495
1 6793586
1 4634784
1 2128313
1 9443668
1 2147355
1 1777787
1 6373250
1 1411397
1 521029
1 4604638
1 6214854
1 99852
1 4751828
1 6295721
1 7585280
1 2065231
1 8593365
1 4038106
1 8911510
1 3064309
1 7179303
1 3915951
1 145396
1 1069248
1 7282410
1 5282073
1 2369220
1 7064918
1 2996280
1 4295344
1 2267877
1 9611723
1 342922
1 3915529
1 2203871
1 3098911
1 7863989
1 6066695
1 7292029
1 5538299
1 6954341
1 9513317
1 9773108
1 3695091
1 5271334
1 8449816
1 4639505
1 8396240
1 4965948
1 6754797
1 7018632
1 9925925
1 859916
1 6211624
1 1587888
1 6721863
1 2416886
1 3555984
1 3356578
1 8703458
1 36585
1 610591
1 2531859
1 8897167
1 5636861
1 6173539
1 4910253
1 1739647
1 6626567
1 1620637
1 7814419
1 559124
1 388933
1 4925095
1 4235350
1 1644161
1 8427362
1 2578295
1 6354012
1 3121227
1 3856839
1 1028851
1 474656
1 2731255
1 9800530
1 5149665
1 6933300
1 7966637
1 1257855
1 483851
1 7985392
1 8534827
1 6354095
1 1148809
1 2021805
1 8238444
1 8369632
1 620576
1 8900629
1 479041
1 9101821
1 3650415
1 7102644
1 3934552
1 2238126
1 4596406
1 8814514
1 8867825
1 5101716
1 5675970
1 9539267
1 2636338
1 6117413
1 9436209
1 5620814
1 7103561
1 2067892
1 8230182
1 7490250
1 6294041
1 8778283
1 5224567
1 2008778
1 5328086
1 5248683
1 2136562
1 6356559
1 3968878
1 5228900
1 5948573
1 9983352
1 5866694
1 7151398
1 9239235
1 1362224
1 4455304
1 9222447
1 9922065
1 3381904
1 3864209
1 6298649
1 2012764
1 6028449
1 664433
1 818863
1 735880
1 9360726
1 1880373
1 7984558
1 7029878
1 9121812
1 2341450
1 734072
1 4281860
1 5841809
1 8720620
1 5912108
1 9614547
1 5693367
1 3972025
1 6674745
1 6973050
1 8175721
1 9284703
1 1099066
1 101709
1 1646632
1 5697781
1 8980891
1 4944613
1 1917508
1 8902464
1 6990389
1 1854241
1 1720229
1 3396602
1 5522335
1 1687344
1 4290660
1 7729685
1 6621855
1 9341439
1 3374656
1 310427
1 3768663
1 4889276
1 6641656
1 7354970
1 4380522
1 931455
1 2425932
1 5137232
1 8114295
1 8620167
1 4468637
1 3988558
1 6766743
1 1795104
1 2965351
1 7917805
1 6696659
1 7996728
1 4290523
1 530558
1 2389772
1 8760622
1 1092901
1 3604566
1 5863231
1 9586190
1 786292
1 3439634
1 7545026
1 8049379
1 8853958
1 258178
1 367537
1 2501713
1 2706975
1 3043008
1 1116555
1 2781553
1 9990591
1 5186403
1 3941557
1 6193841
1 8929514
1 4575875
1 3424717
1 2158207
1 5062132
1 6895564
1 1149129
1 6981802
1 5842092
1 6332924
1 7054113
1 9215365
1 9958600
1 3932246
1 538382
1 4779331
1 1080144
1 9209091
1 2681160
1 71303
1 6626658
1 584873
1 9415265
1 8067743
1 2619497
1 2343264
1 7237455
1 4456868
1 7557920
1 6484289
1 9425892
1 2475234
1 4578434
1 8665751
1 150113
1 519926
1 7741117
1 2879083
1 455394
1 7651914
1 8244621
1 6567387
1 3737166
1 7074720
1 8562730
1 7057082
1 6427701
1 1327360
1 1085245
1 948155
1 3922690
1 9774371
1 5939726
1 3973746
1 4221837
1 1998076
1 2894503
1 3395393
1 9835603
1 6220617
1 7957126
1 3926911
1 4139974
1 3936260
1 8819426
1 3038085
1 9314834
1 3292731
1 713305
1 9111953
1 8262835
1 5234315
1 895375
1 4429972
1 3517409
1 8381055
1 299729
1 6802349
1 4455569
1 5234393
1 8484505
1 9523658
1 9499816
1 9736373
1 8597190
1 8471896
1 6682256
1 3249131
1 327166
1 2813803
1 1089514
1 6839852
1 5248908
1 6134645
1 7684151
1 6380309
1 7892696
1 1286255
1 3279694
1 5708090
1 6902328
1 302218
1 7791517
1 9835521
1 3453111
1 3467297
1 2693589
1 1315796
1 5725604
1 8528586
1 8279973
1 9007765
1 8397455
1 7745256
1 4195559
1 8445142
1 2636949
1 7905939
1 9188544
1 5627403
1 5220156
1 7607455
1 307894
1 9972233
1 6188179
1 2456786
1 3222634
1 7911146
1 4301481
1 6883206
1 5121767
1 6338776
1 8288410
1 3681449
1 2538642
1 4463145
1 9007250
1 3984925
1 1950129
1 4920870
1 5395566
1 249531
1 5075103
1 1370088
1 2579133
1 817144
1 197361
1 695575
1 8950023
1 7149148
1 1448204
1 9016120
1 1338236
1 9619898
1 9879539
1 8709411
1 9727197
1 4118751
1 1937738
1 2527840
1 8237526
1 5320019
1 4605090
1 9480255
1 1685711
1 7687163
1 8218055
1 8056674
1 9569639
1 881871
1 1651398
1 5767126
1 48242
1 4173988
1 1880996
1 3016248
1 5359905
1 8102218
1 8941318
1 9711897
1 3604711
1 9947818
1 1913705
1 2087199
1 7334219
1 2170881
1 307918
1 3148030
1 5997379
1 2852587
1 6021928
1 9930966
1 4722863
1 1167090
1 9109766
1 4801339
1 558882
1 654531
1 5053
1 5287443
1 4127043
1 4042270
1 8966882
1 5386060
1 5659694
1 4102762
1 82729
1 3948211
1 4313926
1 1530714
1 986880
1 2349512
1 407060
1 9791779
1 786211
1 2286377
1 8669415
1 3233556
1 5921412
1 3103461
1 3248137
1 8070465
1 5132548
1 6996702
1 360415
1 5337651
1 16110
1 1692751
1 359342
1 8602527
1 3235429
1 5864814
1 4190360
1 9929956
1 1735261
1 3270079
1 455388
1 4181552
1 558866
1 4279964
1 9791273
1 3536642
1 8800283
1 2791569
1 9615554
1 5756342
1 4617665
1 7180287
1 8316468
1 4546216
1 9657725
1 9716870
1 6613242
1 8865513
1 9802025
1 6227367
1 5585936
1 4825579
1 8520769
1 3595971
1 8277287
1 4816886
1 8676606
1 7349538
1 3429459
1 5804883
1 3515765
1 7558555
1 9408979
1 5965918
1 103038
1 983938
1 4796794
1 3630168
1 7811768
1 7238324
1 1683110
1 3078228
1 6474928
1 3592393
1 1808549
1 4903206
1 6381045
1 2945116
1 8514277
1 123999
1 8312421
1 9799043
1 1549831
1 1789133
1 7985415
1 2013787
1 9554545
1 2436333
1 9501304
1 5955319
1 5335304
1 383667
1 7095642
1 7241618
1 2680932
1 6925084
1 5125803
1 8806995
1 763849
1 7067346
1 953210
1 452715
1 6050537
1 1864313
1 9272029
1 5593508
1 9376471
1 3499526
1 835943
1 1072332
1 7789276
1 4691950
1 9326096
1 211513
1 5689465
1 7645176
1 7823990
1 694845
1 2152945
1 169522
1 8294096
1 739410
1 5807792
1 6351839
1 660138
1 5695752
1 5925234
1 1818180
1 7778203
1 2938591
1 6388102
1 6168245
1 5930869
1 8169813
1 9117982
1 2563837
1 2944212
1 7250849
1 4807253
1 3637759
1 6935637
1 3161567
1 6827822
1 9702205
1 8053894
1 4281833
1 4473592
1 6292460
1 1555457
1 6412980
1 8293544
1 2169100
1 9574720
1 7634413
1 3261441
1 722797
1 3119955
1 307265
1 9266774
1 8638829
1 8983584
1 614087
1 8641586
1 1646289
1 2655268
1 1945301
1 4267965
1 4965286
1 3099903
1 5443377
1 5548227
1 5934231
1 6208953
1 6749925
1 108816
1 4865970
1 9273901
1 2208884
1 9477884
1 8949096
1 8226384
1 7300597
1 9274552
1 3830298
1 5593936
1 9862552
1 5347810
1 2182710
1 8083810
1 9362795
1 8810083
1 4635970
1 3547163
1 7574817
1 3206939
1 129469
1 5054966
1 7779148
1 7618577
1 8211609
1 7178888
1 2589845
1 7988302
1 7426560
1 865
1 7459850
1 415355
1 8100756
1 1412426
1 9819493
1 1578806
1 5728391
1 9787315
1 8213028
1 731707
1 7128476
1 1239765
1 89302
1 1407733
1 9375483
1 6285593
1 219534
1 499342
1 820490
1 6240910
1 5163144
1 4131340
1 8406007
1 4822588
1 9450040
1 3129846
1 9471465
1 5197096
1 1171956
1 5911872
1 8646108
1 3755679
1 9977868
1 8262240
1 8292606
1 7983914
1 7096155
1 2594400
1 7400720
1 4256124
1 2540650
1 2517489
1 4386839
1 6450904
1 8257857
1 9103846
1 3369153
1 5295356
1 9022658
1 9069947
1 1937145
1 5424910
1 7983308
1 5912723
1 3782892
1 3425972
1 9122064
1 2103526
1 74500
1 6777218
1 6832911
1 4757696
1 1868414
1 4223474
1 1537079
1 8358744
1 1843491
1 8906593
1 7405040
1 3121520
1 3075058
1 6522857
1 9808054
1 2663941
1 960382
1 7561711
1 7797723
1 1284684
1 2453953
1 7710288
1 9201902
1 1396151
1 443457
1 2568574
1 1559407
1 6215937
1 2733214
1 3953149
1 570727
1 4700868
1 5018943
1 2711130
1 7096980
1 3551699
1 6049263
1 2164452
1 1161171
1 5809368
1 3180571
1 2736350
1 9044498
1 1323923
1 4842614
1 8331256
1 6886268
1 6684076
1 8770139
1 3747008
1 630915
1 2083615
1 7478637
1 9943154
1 6926437
1 4238044
1 8923255
1 9911239
1 4498166
1 7533566
1 4504019
1 3899199
1 9276245
1 6509664
1 5556375
1 7616427
1 9498016
1 6331685
1 4014102
1 3346146
1 138187
1 9200652
1 2742193
1 623829
1 3983120
1 2167237
1 9484468
1 6789185
1 3130597
1 846414
1 4351708
1 3850206
1 7106253
1 1551909
1 279885
1 5187182
1 2788681
1 4155573
1 900602
1 1032148
1 4590418
1 1509712
1 4979670
1 1932103
1 337890
1 1228023
1 8857179
1 8464084
1 3669162
1 5025496
1 6599448
1 2616731
1 366850
1 4537522
1 7653332
1 6684841
1 5518633
1 2636416
1 1661212
1 7330130
1 8096897
1 4493049
1 1659339
1 6549353
1 4162793
1 7261258
1 3958959
1 6937305
1 4832536
1 5525813
1 1314222
1 5172122
1 2602137
1 7222443
1 6986400
1 7476146
1 356795
1 3608762
1 667506
1 7938416
1 3816717
1 6423585
1 8630300
1 4155688
1 8262728
1 6774496
1 137170
1 1785627
1 7671534
1 2282180
1 1037853
1 9393958
1 4617234
1 9567495
1 2086762
1 4050564
1 7869179
1 7133561
1 6048054
1 6741567
1 6126979
1 6487578
1 3438743
1 2977512
1 3567326
1 3545636
1 8494045
1 3400983
1 6008483
1 3496923
1 3746644
1 7722462
1 8232214
1 5182378
1 191337
1 2372833
1 4879524
1 1590370
1 9120257
1 6239329
1 5726715
1 6637681
1 4032695
1 127282
1 4630433
1 6769715
1 6653905
1 3041768
1 134212
1 7979820
1 3930704
1 1519057
1 272783
1 4581546
1 1364193
1 3335781
1 2129434
1 8528121
1 7527107
1 3304038
1 5428976
1 4242297
1 6659830
1 887288
1 7892763
1 6878465
1 9725810
1 3851772
1 2357741
1 3262329
1 8710521
1 9959828
1 6580536
1 4437377
1 5163089
1 5074241
1 2146237
1 3445605
1 3750121
1 8514197
1 9606919
1 3875825
1 118744
1 1045936
1 1660682
1 2932851
1 4012255
1 9889011
1 7845973
1 4533375
1 8582828
1 7386132
1 2470240
1 2211715
1 1515440
1 3280580
1 9799679
1 7689850
1 1020053
1 902707
1 7550892
1 8017891
1 413360
1 572605
1 5605760
1 6651524
1 1788435
1 677982
1 9310197
1 3175425
1 9939717
1 8140605
1 1276492
1 8709852
1 3641458
1 7742309
1 3901471
1 5472339
1 8532200
1 4631559
1 7128590
1 8518628
1 589440
1 8007511
1 2044749
1 1229425
1 5708871
1 7803481
1 9430608
1 8032023
1 4864505
1 1011936
1 2352353
1 5661443
1 2395565
1 2206440
1 4981067
1 4132993
1 7331252
1 9538071
1 8750188
1 1375244
1 3204137
1 6286086
1 426001
1 1683193
1 3146910
1 8658448
1 1077382
1 9327486
1 3871539
1 4370199
1 6792038
1 5459570
1 4758519
1 9937122
1 9889682
1 6195431
1 7429796
1 2521440
1 342630
1 9017174
1 727885
1 7227620
1 9306158
1 5441609
1 9834385
1 5823924
1 9271869
1 4397671
1 7372708
1 1371377
1 8877917
1 1745393
1 1211360
1 6209044
1 132824
1 2195552
1 7440998
1 4168293
1 6508244
1 8766308
1 3724333
1 5137909
1 1015342
1 470553
1 9412966
1 6949536
1 6784660
1 7626805
1 3355692
1 5921187
1 1891364
1 4321724
1 9128719
1 1255544
1 173631
1 2351983
1 4400786
1 5519196
1 221498
1 695116
1 4391297
1 974425
1 8983494
1 127415
1 6771297
1 6563112
1 2929975
1 4440716
1 3004522
1 4463465
1 8228899
1 2219696
1 791391
1 8171201
1 2783524
1 5147779
1 53897
1 555588
1 9051536
1 5826539
1 9013420
1 6061651
1 1661231
1 4555151
1 1433898
1 9029259
1 1646863
1 2931295
1 5390927
1 8364264
1 2145823
1 3556725
1 6418632
1 6532695
1 5385147
1 2935458
1 7771161
1 202949
1 1246345
1 476736
1 3592246
1 6781900
1 4167807
1 6165277
1 5618148
1 3827745
1 6476284
1 2969380
1 8611472
1 6719783
1 4607162
1 5553030
1 2367018
1 9139232
1 131253
1 3010127
1 3294522
1 7838828
1 2596252
1 3893692
1 4891864
1 7937132
1 512541
1 9762020
1 3480184
1 1291780
1 6013723
1 3921749
1 5808566
1 3154057
1 5245154
1 7546842
1 6758395
1 7183892
1 7095500
1 968342
1 3940320
1 5494347
1 8727925
1 4926352
1 6447598
1 407141
1 3215951
1 7904119
1 2464680
1 9400929
1 1393141
1 5320137
1 1723650
1 4002640
1 8415158
1 4350297
1 9410871
1 5619104
1 5801920
1 5871111
1 1107800
1 8431947
1 8975652
1 9501824
1 779297
1 9468056
1 9477727
1 4691774
1 7612731
1 294318
1 5373402
1 3930841
1 1579246
1 7008168
1 2648667
1 2116852
1 2976422
1 1858468
1 5591608
1 7624388
1 2071172
1 2370366
1 9399060
1 9062028
1 4419676
1 535917
1 4827391
1 4836013
1 3312737
1 2758613
1 9253231
1 3980854
1 850942
1 8187922
1 4038357
1 6072309
1 3667334
1 7400688
1 3928910
1 3509563
1 1806018
1 1570988
1 6684506
1 2589408
1 9101377
1 2152048
1 4528951
1 3923821
1 365925
1 3085663
1 1783688
1 4215590
1 8841473
1 6078178
1 8549820
1 1751197
1 6835491
1 8584640
1 9279935
1 5811047
1 6244312
1 2046828
1 5348575
1 5942760
1 2830442
1 556560
1 5535211
1 1415339
1 4194733
1 6777267
1 6646822
1 4058212
1 2838586
1 1063231
1 2386308
1 8692263
1 9895985
1 7199746
1 2479235
1 6272084
1 7263995
1 98935
1 5286680
1 599237
1 4349188
1 7739569
1 7960079
1 1970925
1 8668072
1 4095959
1 9430730
1 3210624
1 298951
1 952746
1 6678698
1 651334
1 1816577
1 5559189
1 4207845
1 6350131
1 5565385
1 7525177
1 1609851
1 2842801
1 7482440
1 4504639
1 7169191
1 843540
1 3214334
1 1553745
1 1688819
1 9564361
1 7410386
1 892691
1 8555939
1 8533039
1 2327090
1 3129366
1 9050888
1 9244293
1 612516
1 8587479
1 3339078
1 1963420
1 226689
1 5619843
1 4046967
1 1393798
1 4316884
1 1880326
1 4411385
1 2601342
1 456553
1 1081395
1 1348426
1 2725121
1 7287166
1 2493243
1 1947475
1 5119651
1 4456149
1 2326237
1 101264
1 3192320
1 6415616
1 3929167
1 1389149
1 1751665
1 6832274
1 1964699
1 7230844
1 4204022
1 1033620
1 2370890
1 5597704
1 3848386
1 4332054
1 271641
1 2620877
1 3687250
1 4613735
1 2412571
1 3057298
1 6886756
1 9903219
1 5059610
1 8448083
1 214534
1 6039158
1 5354508
1 1458089
1 8827914
1 893793
1 9932951
1 2809562
1 6335908
1 8308607
1 3587542
1 6064786
1 6597225
1 5978320
1 7111546
1 3796824
1 9106024
1 4432652
1 1213974
1 405768
1 5376451
1 7448744
1 8768211
1 1094396
1 6534765
1 4096998
1 8683420
1 723560
1 5459336
1 575806
1 6483358
1 6798088
1 5461482
1 5140343
1 8509783
1 1961723
1 7962854
1 3043404
1 2056801
1 6072755
1 5552276
1 2297126
1 180249
1 2688492
1 5087505
1 5609570
1 8102879
1 8662452
1 1248792
1 4753523
1 5815430
1 501594
1 6649513
1 8588697
1 1467724
1 7005700
1 4716278
1 3568629
1 5334974
1 7623575
1 988117
1 2317856
1 8476031
1 5943786
1 9581917
1 8416937
1 720695
1 473626
1 9174892
1 1315317
1 7856451
1 1438678
1 3336862
1 8630615
1 6327339
1 601498
1 534764
1 5433684
1 9967543
1 6291671
1 9387443
1 9140980
1 55432
1 3763714
1 3689864
1 9471892
1 383029
1 779634
1 7649687
1 2665880
1 2331018
1 1648121
1 4133443
1 4585428
1 6827995
1 2639405
1 5811915
1 477930
1 5721613
1 7965012
1 1620131
1 1190376
1 5267143
1 9644305
1 8272058
1 9221492
1 2048070
1 3149814
1 8859899
1 4584776
1 7256810
1 9022180
1 8182204
1 3861711
1 3441967
1 6993991
1 788763
1 4602259
1 9850146
1 9777883
1 2229550
1 6803461
1 7973638
1 8241875
1 8995882
1 3622980
1 1411845
1 6247477
1 2779799
1 3215132
1 3049398
1 2132958
1 4398582
1 9304661
1 7587353
1 8100833
1 8289133
1 4759609
1 1484557
1 2712705
1 9522564
1 3004588
1 2397850
1 2025557
1 6998206
1 7969646
1 7401331
1 7433205
1 4636354
1 3222441
1 2315392
1 8997959
1 2324875
1 4301761
1 8961430
1 1228911
1 5683966
1 7616916
1 4304231
1 524081
1 7572242
1 2304845
1 1228160
1 394997
1 156519
1 3154632
1 6961915
1 8405564
1 7537692
1 8724938
1 8072574
1 9957179
1 878211
1 5991872
1 9556911
1 5038396
1 7469913
1 8093488
1 3675814
1 8858133
1 4063564
1 2322127
1 5940139
1 4204183
1 4795895
1 7760176
1 6512414
1 3569526
1 4032579
1 6862410
1 8453292
1 5821845
1 9693571
1 6304177
1 6782746
1 3471045
1 6968348
1 2469459
1 7916422
1 9957178
1 818846
1 4689071
1 9558744
1 287577
1 3801519
1 9462649
1 2207765
1 9883595
1 8803602
1 5530848
1 3134357
1 8428533
1 3297218
1 8282357
1 1135460
1 5463264
1 177080
1 6103874
1 7255810
1 3667446
1 9028089
1 7551087
1 6711186
1 7308236
1 8507485
1 2558519
1 4205361
1 5549219
1 7204113
1 7665003
1 3304076
1 78919
1 8770372
1 2664249
1 1717327
1 5306564
1 5940064
1 5648044
1 3054279
1 3677408
1 5343652
1 8071927
1 5636762
1 9252231
1 5091228
1 6104950
1 3205299
1 1568867
1 7605247
1 896547
1 8309414
1 9684038
1 3385607
1 1748539
1 825221
1 1743362
1 2325463
1 9034355
1 6044611
1 5805022
1 6509206
1 3931222
1 7935755
1 8388483
1 3206705
1 6995963
1 8767416
1 9754447
1 3221876
1 4129588
1 8615925
1 6780803
1 8103092
1 9759188
1 7941590
1 8408645
1 3459528
1 4781177
1 8877097
1 86794
1 8706417
1 6917644
1 2555392
1 5017709
1 2379135
1 6668212
1 8079602
1 4307688
1 4012985
1 886427
1 5051152
1 6222517
1 7852557
1 5813592
1 9343260
1 5554318
1 1879483
1 2528537
1 1542147
1 4182118
1 4999860
1 5751459
1 7753090
1 334403
1 1059021
1 2889777
1 4042917
1 952792
1 8904995
1 694921
1 5690989
1 1248434
1 6843181
1 4232498
1 5073550
1 3567080
1 5749893
1 9495115
1 4156250
1 9115045
1 5348559
1 7491421
1 2401693
1 7331272
1 3530089
1 7261109
1 3367255
1 7051127
1 6245949
1 2213067
1 7564760
1 28245
1 6957455
1 3116199
1 9765940
1 1300426
1 2606064
1 6328396
1 3073590
1 4021222
1 4501334
1 7244166
1 3996680
1 4337388
1 1832765
1 155883
1 7051186
1 6891949
1 6343032
1 5821649
1 8989602
1 2433647
1 9991769
1 7462762
1 6663045
1 6883532
1 910850
1 1401609
1 5998585
1 7092433
1 5302418
1 7910477
1 3204802
1 4935578
1 3771353
1 2543260
1 2850566
1 2635470
1 7919205
1 4434772
1 2088938
1 1276795
1 9416207
1 4095929
1 5029109
1 684167
1 5059176
1 3411465
1 386475
1 6416403
1 5150802
1 7964099
1 6717824
1 4947160
1 5050652
1 1665070
1 8863493
1 3840121
1 1283953
1 5477487
1 5278807
1 5290940
1 7607156
1 481385
1 4348798
1 6091604
1 6356909
1 9422206
1 2093051
1 1183413
1 5188738
1 7424376
1 1238592
1 2765865
1 8695198
1 1150867
1 7596268
1 4296847
1 7373413
1 4346056
1 7661521
1 8021948
1 3113989
1 467418
1 2343936
1 1754214
1 5430272
1 8871518
1 8343977
1 9150876
1 1678108
1 1777102
1 1025313
1 8077294
1 6809246
1 8448154
1 3918550
1 4271413
1 3113542
1 5163390
1 1242500
1 7450016
1 1009820
1 2237078
1 9438934
1 1929268
1 9810670
1 2371873
1 6843530
1 2046697
1 2896266
1 4242170
1 4241565
1 8391148
1 2847693
1 3913715
1 8437283
1 7921563
1 674702
1 1387785
1 9464527
1 9694652
1 5669229
1 9288481
1 3226867
1 9856383
1 7223416
1 449618
1 2943594
1 7735718
1 7358995
1 5784959
1 7802063
1 507360
1 6052486
1 1222002
1 6479684
1 397735
1 3166713
1 4416780
1 1476400
1 2361545
1 9608145
1 6814326
1 7206384
1 5396952
1 9986149
1 6864067
1 4740973
1 2309897
1 451121
1 9079484
1 465970
1 293226
1 6163705
1 1156767
1 1921812
1 1141064
1 7156427
1 8648991
1 2260889
1 295341
1 6579192
1 4075529
1 4963770
1 9032262
1 7192622
1 7640857
1 6546398
1 3176943
1 8781377
1 3566750
1 2853490
1 7257763
1 4601409
1 1811864
1 6739736
1 8392744
1 7548836
1 3234613
1 8998537
1 8089570
1 8329490
1 4853663
1 3197375
1 4200095
1 8764543
1 3188379
1 7098384
1 7697360
1 5714511
1 8922042
1 587259
1 7633519
1 8764574
1 4899809
1 6475516
1 1319931
1 4737314
1 7525162
1 8607935
1 9265403
1 2529539
1 2880145
1 568547
1 7461004
1 7061968
1 8126417
1 2900965
1 3089770
1 1934840
1 2668406
1 4496363
1 3585900
1 7650119
1 4994520
1 8732692
1 6257346
1 4816392
1 8053700
1 671730
1 856297
1 5736689
1 7145739
1 5204747
1 9344105
1 9910410
1 4605167
1 494973
1 2464665
1 3166453
1 1014410
1 2494532
1 1132266
1 9088943
1 6526210
1 3179435
1 3493968
1 3817704
1 7981351
1 6581176
1 9938330
1 7500659
1 5881453
1 5075018
1 6134548
1 868200
1 5512502
1 1950569
1 6718086
1 9221371
1 5849104
1 2414894
1 2109100
1 3963421
1 1463800
1 2118320
1 1835583
1 546058
1 2772451
1 9490197
1 6392326
1 7027671
1 1055587
1 429756
1 1589845
1 9757583
1 5530035
1 5324814
1 6603209
1 8358670
1 3074988
1 6712220
1 4578827
1 8647386
1 6002023
1 9961846
1 5257470
1 4266890
1 6971702
1 3383152
1 9609947
1 9378560
1 3107388
1 6030955
1 5388446
1 9611822
1 3928727
1 7207382
1 6901092
1 7737683
1 2072913
1 1563997
1 725869
1 1398445
1 9784670
1 6691135
1 4956436
1 4872817
1 3602031
1 8452998
1 6589124
1 4711234
1 8240601
1 419290
1 9178870
1 6040485
1 5039976
1 9611817
1 5713259
1 8057020
1 8446592
1 2795037
1 693493
1 8929436
1 7993624
1 726201
1 8909012
1 7127240
1 4164131
1 6808515
1 3682695
1 7378159
1 4805249
1 8462500
1 7941648
1 7331962
1 6413787
1 2917558
1 2054718
1 9147316
1 7152524
1 1927996
1 3768695
1 1812467
1 4203615
1 9532376
1 4735890
1 8945222
1 4526546
1 6903061
1 9686450
1 8423636
1 5740327
1 2554445
1 3573067
1 1962959
1 620497
1 3916833
1 1387533
1 305094
1 3566369
1 9456963
1 6309042
1 893999
1 8901767
1 7115575
1 452725
1 8651437
1 3947220
1 9651913
1 7664674
1 7905854
1 9366874
1 7623771
1 1289755
1 2113420
1 5842664
1 8105916
1 5511721
1 7726042
1 7479576
1 7842904
1 4051224
1 1984061
1 8525986
1 2770365
1 8132940
1 975330
1 7610324
1 1580906
1 7724192
1 123291
1 5311955
1 554825
1 615435
1 9759589
1 5097155
1 5300150
1 5450085
1 6243725
1 8683137
1 6235364
1 2073917
1 3254605
1 9293229
1 3354891
1 22210
1 4562707
1 611666
1 6759492
1 8482020
1 104443
1 6741404
1 6639228
1 4104389
1 912466
1 1291541
1 4243112
1 6615241
1 7771806
1 5140415
1 8371177
1 1386712
1 6337105
1 6060894
1 9004691
1 3011230
1 1015359
1 633386
1 717592
1 9611038
1 9189251
1 7073663
1 5043050
1 7256744
1 1771799
1 6987019
1 8831293
1 8416499
1 6075694
1 8701764
1 8943611
1 6899907
1 5241618
1 1615864
1 8969167
1 4069134
1 2294687
1 1231955
1 3504036
1 2632737
1 4390057
1 4214111
1 8444506
1 7549019
1 6339822
1 2985292
1 7410726
1 6025280
1 5974980
1 7327132
1 1605174
1 8865095
1 430191
1 8892852
1 3396893
1 7334916
1 5734499
1 3860168
1 9651669
1 2758874
1 4516272
1 1246756
1 9545989
1 6510595
1 2008963
1 2277746
1 6245760
1 7736563
1 9994831
1 9777910
1 6509029
1 5551411
1 6877182
1 2503819
1 1122372
1 8810072
1 6288224
1 4421222
1 3632777
1 381988
1 4949751
1 8033633
1 2759517
1 9056875
1 7123978
1 8590202
1 7264886
1 887733
1 4209542
1 3600213
1 2204685
1 6402291
1 5347490
1 8619211
1 8642028
1 8180155
1 9175984
1 3153020
1 1774918
1 1510341
1 3280224
1 9895804
1 4882168
1 9528312
1 3730168
1 5572571
1 7031556
1 408550
1 8476276
1 4429359
1 1746034
1 3355684
1 1938942
1 9979145
1 6762111
1 3223350
1 2100576
1 2707647
1 6194662
1 2362111
1 2032798
1 9790420
1 5739706
1 9169623
1 554110
1 3814133
1 4136354
1 5026108
1 4481232
1 7251070
1 6795647
1 3919468
1 7437201
1 6314305
1 3958126
1 5797673
1 4910745
1 1133499
1 3144350
1 8718089
1 7420916
1 995449
1 6571846
1 3730826
1 6811617
1 2722482
1 647690
1 8906234
1 6616719
1 1924986
1 4686565
1 4121351
1 7134650
1 723810
1 4120942
1 1219394
1 7030693
1 2653892
1 6298951
1 4910531
1 7188404
1 934732
1 6747780
1 9036440
1 1570147
1 8778473
1 7759648
1 4391133
1 2729382
1 388464
1 9598595
1 6953908
1 3435894
1 1591273
1 3015170
1 5664856
1 5696598
1 32477
1 7915368
1 9791682
1 2992764
1 9712702
1 2876364
1 2625032
1 7023327
1 621922
1 3720761
1 129617
1 1034872
1 8115347
1 476951
1 4687739
1 1931980
1 4102394
1 5160945
1 4359192
1 7654332
1 3007545
1 6565621
1 5275414
1 3166491
1 7816251
1 5038198
1 7764615
1 4260917
1 9623546
1 3248256
1 5872137
1 5667602
1 5260026
1 8291758
1 121611
1 3051055
1 5935219
1 7567338
1 4895167
1 786607
1 9051732
1 7867939
1 1460867
1 2895116
1 5800423
1 4642960
1 758328
1 7287397
1 6642093
1 6727025
1 6341086
1 2028390
1 5716885
1 440426
1 2810547
1 2365059
1 2666770
1 8633745
1 9490367
1 6628325
1 906793
1 2498328
1 5880678
1 5543743
1 8914343
1 9067340
1 7915161
1 960527
1 5088464
1 5975670
1 2355302
1 3784408
1 8086910
1 5044171
1 3056060
1 7053890
1 9374090
1 1098363
1 1634322
1 6021476
1 8162369
1 1370670
1 7575955
1 7736413
1 7524010
1 9848810
1 51406
1 9937240
1 5667741
1 9708260
1 4211897
1 2412098
1 6371542
1 9921511
1 6683251
1 7234507
1 1000003
1 6935795
1 3636918
1 4975505
1 9830973
1 3606636
1 816015
1 656676
1 2118056
1 5395745
1 3779693
1 5588629
1 4807258
1 3525548
1 9596857
1 8315702
1 3986570
1 1008911
1 5661017
1 8413353
1 6925348
1 3383171
1 4595907
1 5929371
1 8269189
1 7358977
1 3765701
1 1779974
1 9570176
1 8080304
1 682436
1 7501617
1 8197404
1 572649
1 448768
1 7105883
1 4590287
1 8470502
1 6415303
1 1849448
1 1906039
1 8928607
1 4297436
1 5844861
1 2767485
1 7953097
1 6392799
1 7306867
1 2871504
1 6873868
1 4339675
1 7915853
1 9186
1 513719
1 7404251
1 287672
1 9780161
1 769144
1 2458602
1 7753465
1 9041827
1 3750783
1 8386541
1 74556
1 147769
1 8405110
1 2886790
1 2701121
1 5867973
1 5201279
1 8723282
1 3403910
1 4682893
1 8049243
1 9126074
1 888868
1 1842357
1 1981360
1 5261312
1 2233413
1 8273182
1 7333986
1 3536267
1 2288001
1 8400887
1 8290601
1 1840792
1 4288704
1 1914793
1 8478522
1 2257688
1 7750613
1 4982485
1 3741032
1 7037370
1 1256122
1 4383179
1 3017651
1 9551450
1 6871999
1 8792781
1 1276667
1 3077527
1 4486327
1 9088538
1 5058105
1 9224384
1 9011453
1 7461779
1 2537419
1 2873277
1 8286227
1 7966568
1 3310692
1 7641367
1 3174580
1 8564544
1 335270
1 6339848
1 6274434
1 5569025
1 7373938
1 7025027
1 649136
1 4332499
1 4234002
1 1295769
1 4525082
1 5553695
1 7286418
1 2520741
1 9910096
1 9201037
1 4176968
1 9351594
1 9496950
1 6450653
1 6608793
1 6279870
1 65842
1 26711
1 746270
1 4464589
1 7429573
1 7015492
1 1812885
1 8733878
1 9196034
1 847993
1 3785548
1 3954904
1 2621712
1 9905466
1 4193718
1 7217602
1 935998
1 3224239
1 2053734
1 1050793
1 2828557
1 8565781
1 4895918
1 2097315
1 9080302
1 9491094
1 1946219
1 3501338
1 1296000
1 5502071
1 8522681
1 3548718
1 661969
1 1769664
1 5647337
1 3538204
1 3155894
1 7885101
1 7817498
1 9248865
1 3645423
1 4418368
1 6997505
1 3445570
1 5662386
1 595658
1 8490662
1 4876840
1 1658507
1 9434702
1 6905888
1 586479
1 3440590
1 2871941
1 4316948
1 2995667
1 2905223
1 6533517
1 4146613
1 3884478
1 3770151
1 5906677
1 8636115
1 8591448
1 6012844
1 4305883
1 3198188
1 893962
1 3000552
1 8948722
1 9468865
1 8566437
1 780973
1 58505
1 2734239
1 6217609
1 1820538
1 3384833
1 3043097
1 7848877
1 4258804
1 6135420
1 9334736
1 7709705
1 4965734
1 8634115
1 688718
1 216532
1 5504757
1 7771549
1 7210370
1 240103
1 6947491
1 29826
1 5762907
1 9128644
1 4518166
1 688967
1 2792498
1 8477973
1 7742636
1 1290472
1 1158344
1 1223105
1 7622219
1 2638905
1 4755121
1 3043371
1 5162412
1 6589611
1 2657144
1 7497951
1 4899156
1 4246741
1 7826125
1 2676150
1 1291123
1 2111053
1 6429169
1 3294575
1 5619811
1 5567444
1 8201202
1 4472676
1 6048073
1 33796
1 2149969
1 8527031
1 9395
1 5766834
1 9373876
1 3746370
1 4807424
1 117427
1 2746997
1 4751034
1 5714515
1 695044
1 4823982
1 207597
1 8716727
1 6872200
1 9008674
1 9678009
1 9354601
1 380698
1 2796124
1 6194534
1 2754651
1 3420975
1 9744210
1 4171352
1 1891938
1 9436126
1 5816776
1 8816665
1 1980175
1 4539174
1 3529334
1 124071
1 6315226
1 2936734
1 4483076
1 1075302
1 6966708
1 484641
1 75715
1 7593585
1 7562254
1 8050438
1 4867606
1 1123597
1 8370745
1 3910965
1 8776700
1 6125830
1 6838656
1 1862238
1 2246662
1 7352953
1 6293854
1 8611231
1 4324124
1 5143082
1 4503853
1 4172944
1 4528924
1 8292138
1 1701603
1 6867424
1 7243879
1 7754410
1 2390687
1 7742744
1 3059743
1 5693706
1 6436459
1 1693433
1 3374220
1 7152684
1 3767109
1 9742047
1 1578422
1 9145674
1 709178
1 2346789
1 8865829
1 8587959
1 869214
1 2883856
1 1613609
1 8933183
1 3632180
1 5446065
1 1968934
1 7729095
1 5261252
1 6370792
1 1793909
1 4781799
1 776332
1 9056878
1 3437451
1 8833901
1 1012154
1 8646203
1 109157
1 9316971
1 787968
1 7989446
1 4566233
1 8608728
1 2818584
1 1482291
1 1503228
1 6381736
1 345823
1 9360473
1 1905415
1 4106086
1 9943898
1 9096614
1 1285808
1 1738126
1 951366
1 3589309
1 2256496
1 2528932
1 782051
1 9973805
1 9496072
1 9155808
1 4971443
1 9059474
1 9545544
1 6425273
1 2775747
1 9132998
1 9854589
1 4212085
1 7096365
1 4554775
1 7102833
1 8726304
1 5044361
1 5182854
1 8592032
1 920625
1 8344913
1 1421026
1 6700982
1 777307
1 5480027
1 4830292
1 7312364
1 1259622
1 6286688
1 5205025
1 2458453
1 751074
1 2156404
1 4658905
1 4717991
1 5836109
1 912394
1 199694
1 8149850
1 4355730
1 4584685
1 230830
1 6611940
1 9689226
1 7600831
1 3624717
1 2239803
1 3766672
1 3523680
1 1924061
1 465509
1 5569986
1 5189747
1 487030
1 4354314
1 8660151
1 5603263
1 113398
1 8017303
1 8960159
1 3595586
1 2100418
1 6285570
1 113457
1 3518805
1 2585341
1 8390394
1 3331395
1 3539504
1 5502859
1 4559192
1 147565
1 5178869
1 4130810
1 7137333
1 3795813
1 9754040
1 6586934
1 6339927
1 2707433
1 9143927
1 9289088
1 4197180
1 8868030
1 2435860
1 3592443
1 3090142
1 762959
1 4523752
1 4731936
1 31190
1 2232349
1 1062573
1 7205157
1 7902604
1 5429595
1 8440019
1 2763141
1 2884577
1 1474759
1 9447500
1 1198889
1 8499414
1 9504668
1 1182786
1 8502645
1 7693333
1 8030589
1 79461
1 4708262
1 4010214
1 7486895
1 9945828
1 8776105
1 382835
1 2914624
1 3495030
1 4455328
1 9837278
1 8892906
1 4398347
1 5326577
1 7288292
1 2082843
1 7634024
1 3715029
1 9310857
1 9174864
1 5736165
1 3940765
1 6121865
1 103996
1 528135
1 2624671
1 6432281
1 8386688
1 3384374
1 5635578
1 7714241
1 3801152
1 6722858
1 9994961
1 269979
1 9527177
1 3641723
1 4829504
1 9577453
1 8641801
1 9950733
1 310880
1 9827056
1 705048
1 1954852
1 891164
1 740291
1 1271002
1 2076652
1 3737873
1 2772218
1 8730056
1 9185693
1 8325491
1 6713830
1 9369685
1 6494824
1 9716543
1 6333431
1 5401892
1 5016181
1 9408932
1 4602523
1 8886379
1 514073
1 2635482
1 9967446
1 1930529
1 521860
1 1609987
1 7590709
1 4315414
1 5001002
1 3233284
1 2148619
1 2112137
1 6661256
1 2121464
1 5984877
1 48666
1 3115530
1 5197769
1 2109953
1 8466030
1 2513196
1 2171538
1 7358695
1 3602190
1 2302745
1 6302290
1 350219
1 6871420
1 5704649
1 7520286
1 2674220
1 9042103
1 3647028
1 103482
1 5521643
1 4525924
1 2741324
1 3204651
1 2979435
1 3803973
1 97942
1 6191794
1 9888989
1 2169951
1 2405668
1 7189201
1 9847911
1 1061936
1 9950607
1 4488088
1 2097723
1 4564603
1 6253034
1 8187410
1 2063964
1 2851257
1 6330975
1 5196120
1 2229406
1 8420708
1 8710370
1 3918155
1 4372400
1 351218
1 8084047
1 4002799
1 541728
1 557141
1 5124656
1 1660003
1 5897261
1 2988373
1 3843510
1 4124056
1 324379
1 537611
1 9919430
1 7345702
1 2135673
1 6572784
1 2857503
1 5707848
1 1270721
1 1986021
1 3440852
1 3757010
1 5879978
1 6165644
1 9643511
1 2681061
1 37348
1 7421456
1 5739908
1 9010319
1 7498245
1 1056233
1 749156
1 8988696
1 5239588
1 6107336
1 9855479
1 7432631
1 2462300
1 5881932
1 8435830
1 3636372
1 7144572
1 4806180
1 2728040
1 4614270
1 3699671
1 5784536
1 7315033
1 9371557
1 1780581
1 6316121
1 8906955
1 7576115
1 9579687
1 460112
1 2887754
1 6023822
1 7173152
1 8644131
1 5651110
1 6471174
1 1646413
1 872621
1 2707434
1 293986
1 872036
1 5430863
1 4972648
1 9358350
1 9026935
1 374361
1 1037892
1 357719
1 3945687
1 7319345
1 1336052
1 2916429
1 412591
1 4934208
1 5539447
1 9416767
1 4541046
1 145223
1 4357393
1 6209066
1 9803990
1 7669249
1 2731215
1 7314838
1 3397831
1 1215682
1 9061474
1 3097297
1 1829420
1 8626680
1 1222251
1 4679164
1 45377
1 4143034
1 126823
1 8250685
1 7806138
1 4709930
1 7249129
1 9280156
1 7759970
1 3545817
1 3847017
1 9590680
1 7976420
1 514199
1 3189514
1 7265159
1 8734430
1 5603606
1 503477
1 4687385
1 5046013
1 458432
1 3424411
1 8797274
1 6553856
1 4805043
1 7250958
1 4716087
1 9440153
1 3680374
1 7303327
1 8462557
1 3411614
1 3686851
1 7984941
1 7247693
1 8159344
1 6207055
1 3751042
1 1717327
1 529028
1 7737358
1 9245666
1 9087835
1 3774861
1 668705
1 1108349
1 8884910
1 1166906
1 8145055
1 2870073
1 2471985
1 8058739
1 7706275
1 7411307
1 4456448
1 176687
1 7586383
1 7045580
1 8199966
1 8848692
1 2393368
1 9209991
1 1841762
1 1243360
1 4297762
1 5950166
1 73038
1 2478562
1 6754332
1 5051699
1 7792215
1 2536784
1 8951971
1 7649804
1 935309
1 1444099
1 7873654
1 6754314
1 1593400
1 7608396
1 1040802
1 7136673
1 6781015
1 9272127
1 7061313
1 120629
1 7250078
1 4999757
1 9419387
1 8789665
1 594940
1 4090218
1 5526883
1 2395449
1 9276418
1 5036111
1 549489
1 5051162
1 5081955
1 6872278
1 3921873
1 3403319
1 2256024
1 5256894
1 2604325
1 1352235
1 5701386
1 6266728
1 2236968
1 7947836
1 7835714
1 9516107
1 9373667
1 6464417
1 7767765
1 112639
1 5348495
1 5078793
1 9344584
1 4279423
1 2375484
1 9719788
1 3168990
1 9952047
1 2318086
1 2105733
1 8956039
1 7975359
1 9717547
1 7522214
1 5905711
1 7705616
1 8810937
1 8215230
1 6150930
1 8666383
1 49929
1 2600681
1 9956554
1 4365148
1 6038956
1 8284363
1 5890976
1 3785080
1 8486018
1 5878569
1 1925353
1 8791859
1 3776757
1 8111299
1 1645024
1 462667
1 7982087
1 4808162
1 1965809
1 8982719
1 6351735
1 1946197
1 1546331
1 6650187
1 5249727
1 3097158
1 8786217
1 4559447
1 7259817
1 3270526
1 4188355
1 1986500
1 5131185
1 9562368
1 9111037
1 686108
1 1947136
1 2454865
1 1387491
1 7371555
1 525385
1 8091609
1 6865897
1 8100078
1 4479910
1 5504017
1 8574147
1 6422288
1 8614526
1 629199
1 8179846
1 6586930
1 7458438
1 6418097
1 4525007
1 9733552
1 3405657
1 8061568
1 8161969
1 7939543
1 3970470
1 1753101
1 2577658
1 8256167
1 2064049
1 4842264
1 2001148
1 6575891
1 2446477
1 8711321
1 1660889
1 1963078
1 4813930
1 1797517
1 7736620
1 7917786
1 4998610
1 3321493
1 7820434
1 9940081
1 6349663
1 8243956
1 2735796
1 2905179
1 5688817
1 2341136
1 7755455
1 6813620
1 5919614
1 4008260
1 9166572
1 3546551
1 5028912
1 8912009
1 2012731
1 1909505
1 8192552
1 1085781
1 5286431
1 8170661
1 1582484
1 5938173
1 5470690
1 9119669
1 3282689
1 5786440
1 949569
1 5955378
1 9499804
1 8609236
1 4299942
1 3113333
1 2544831
1 987504
1 2330609
1 9297322
1 592238
1 9345539
1 6178660
1 722819
1 7474699
1 2339234
1 9682342
1 4506206
1 253034
1 8869138
1 7611438
1 7591744
1 9057242
1 2263759
1 2823542
1 6923020
1 6383292
1 1025083
1 9101748
1 2851303
1 8286613
1 3916557
1 8040883
1 7873250
1 7935306
1 3008928
1 7098651
1 7558271
1 2371874
1 5910643
1 3073266
1 2928355
1 532457
1 5700669
1 7138452
1 6698765
1 910224
1 6881725
1 9833773
1 96479
1 4044516
1 5903014
1 654364
1 1785668
1 1089875
1 7944822
1 5593966
1 868481
1 2021435
1 3628443
1 4218676
1 9595202
1 1552886
1 7511351
1 5874779
1 2748096
1 598276
1 5123074
1 6057289
1 8272119
1 8418449
1 8413119
1 589926
1 2682582
1 994113
1 5858563
1 3911627
1 8466745
1 8393630
1 864296
1 7387050
1 4785043
1 8933147
1 2776215
1 371658
1 2856140
1 2754554
1 6531050
1 9563131
1 2599713
1 9178310
1 5153368
1 1813426
1 1255973
1 752129
1 8993540
1 603506
1 6983254
1 4025121
1 3471464
1 6869703
1 7181226
1 1652620
1 2357888
1 6934476
1 5299378
1 8700678
1 2744377
1 2078647
1 3148335
1 2243668
1 8874290
1 8551855
1 5343021
1 180954
1 7464137
1 8917892
1 2017019
1 9483998
1 6317194
1 9529036
1 6908683
1 2009671
1 4399645
1 6104867
1 8552844
1 219459
1 7210313
1 5690134
1 8159515
1 6505978
1 4456762
1 2491837
1 453798
1 3148222
1 9169799
1 2602223
1 7097600
1 9548145
1 7965767
1 7578858
1 5629239
1 8011129
1 7342629
1 864029
1 398335
1 3409762
1 3027764
1 6861650
1 474537
1 6769000
1 2150357
1 1816317
1 8829991
1 4079568
1 6270899
1 6975799
1 8020035
1 4733050
1 6535259
1 5753869
1 1487446
1 7211706
1 436262
1 3394029
1 5302586
1 2531602
1 5122482
1 7386464
1 851509
1 7621974
1 964859
1 2641150
1 9614206
1 8828251
1 2319641
1 7071272
1 7505165
1 1352125
1 3410424
1 4015352
1 7259864
1 8468211
1 526164
1 204007
1 6367133
1 2265683
1 5900533
1 7818303
1 769745
1 114978
1 1940986
1 8261468
1 1561269
1 5600673
1 9160446
1 7323778
1 6981906
1 5752310
1 798132
1 551276
1 3023215
1 8582923
1 4582758
1 6669852
1 1244330
1 4867989
1 9602989
1 9917274
1 6379964
1 3292155
1 5076217
1 8153770
1 4939278
1 3527380
1 4008597
1 3916228
1 8209257
1 3136879
1 8465003
1 1229666
1 5431657
1 1974403
1 9257949
1 1103260
1 1734688
1 1712259
1 6807666
1 4025847
1 1974339
1 1143597
1 6180318
1 1005793
1 251675
1 1174039
1 5845458
1 5129072
1 3014762
1 6133651
1 9527348
1 3956538
1 6835087
1 8813816
1 2821458
1 6070286
1 4818452
1 2800736
1 7827483
1 9649036
1 1143273
1 4511300
1 902722
1 2062159
1 508997
1 6243059
1 3313343
1 1261510
1 9151006
1 9525947
1 1714930
1 7271642
1 5116425
1 2556551
1 8844324
1 7918269
1 3339591
1 5830867
1 6527518
1 5495825
1 4998990
1 2804582
1 1492021
1 4693125
1 2991210
1 7118735
1 180950
1 3626021
1 9958794
1 6324699
1 4801521
1 4174040
1 2967323
1 9477681
1 9459178
1 8859132
1 5734311
1 1302780
1 5404156
1 6814563
1 6501082
1 8975554
1 8484552
1 8026206
1 8654062
1 2802635
1 293342
1 47354
1 7803220
1 673256
1 1061014
1 8717431
1 1724504
1 8731986
1 9239885
1 850925
1 6580168
1 7414918
1 6506941
1 6950196
1 1083111
1 2592610
1 1372868
1 7309933
1 8879415
1 6858895
1 9886535
1 1234870
1 2070251
1 2625133
1 7306409
1 1103352
1 7318149
1 27631
1 3143834
1 5458522
1 6259001
1 2402689
1 721742
1 3291153
1 3037083
1 5118972
1 4913739
1 5130717
1 456531
1 1903264
1 245866
1 3546633
1 7791631
1 5884770
1 771801
1 4532495
1 8950354
1 587823
1 8655057
1 6313496
1 6421465
1 4469629
1 6538887
1 2700346
1 1251227
1 666004
1 3725842
1 4057310
1 4371814
1 2794868
1 2599421
1 403579
1 7338691
1 1913789
1 758084
1 3863117
1 8331276
1 948068
1 1289699
1 989405
1 6709055
1 4221346
1 7909305
1 1379855
1 7618812
1 3315574
1 5913267
1 6866542
1 6714010
1 275150
1 9953995
1 880726
1 7583002
1 5601869
1 8405633
1 6187629
1 5464795
1 7958521
1 5004338
1 2180712
1 9355337
1 8670914
1 7627839
1 3048420
1 1424667
1 8792575
1 3856166
1 4612684
1 2375383
1 5954724
1 9878512
1 5217131
1 138173
1 3514827
1 9239728
1 9885662
1 8601843
1 6869263
1 7494734
1 964553
1 1742451
1 6354536
1 7269624
1 6199490
1 3803300
1 677953
1 6147343
1 5613098
1 9422341
1 4875525
1 6485157
1 6637212
1 5179259
1 7043600
1 2348736
1 6202238
1 1509679
1 1759859
1 4324227
1 1277189
1 9283051
1 1315777
1 7361188
1 1382588
1 1715511
1 341889
1 7423314
1 329778
1 782042
1 5941266
1 5815008
1 9535777
1 2210535
1 9744933
1 8975034
1 6904691
1 3267470
1 7135746
1 6203490
1 2288253
1 3934441
1 3352233
1 6868819
1 7434442
1 2456034
1 8150849
1 816083
1 7574346
1 8620089
1 9235963
1 8369418
1 611182
1 4674229
1 5720689
1 6501249
1 6989600
1 6153391
1 5020206
1 7084804
1 8160250
1 9659082
1 8469832
1 5864509
1 8289106
1 9395600
1 5407480
1 9846719
1 2834467
1 176937
1 8207642
1 6288851
1 6380913
1 5465565
1 4229004
1 3356231
1 7388134
1 3738265
1 1784623
1 6680921
1 944852
1 9742310
1 3225632
1 1223657
1 9053366
1 3214697
1 2178010
1 1388724
1 5960699
1 6304176
1 1885558
1 6864495
1 1408775
1 280647
1 5545803
1 8005356
1 3818740
1 6854875
1 5959558
1 2298906
1 9164287
1 7899432
1 6341305
1 7503753
1 1289806
1 525442
1 749951
1 1067275
1 9233513
1 3564126
1 9766339
1 7057580
1 9380326
1 475564
1 7314854
1 9964116
1 3961593
1 2440640
1 5233618
1 8887576
1 7567702
1 6125896
1 9589108
1 8776718
1 5515490
1 9184341
1 4648775
1 8465281
1 8769712
1 4047005
1 7102308
1 1366563
1 4184567
1 577691
1 4259852
1 7091592
1 4034445
1 2806954
1 5261339
1 7106685
1 4093479
1 4053415
1 2846514
1 3212632
1 3959521
1 7506937
1 5252343
1 7766288
1 313691
1 2973280
1 510547
1 6607643
1 5611529
1 5493373
1 3110993
1 9022260
1 4974013
1 3354398
1 7117962
1 4701458
1 9235029
1 6747098
1 2513794
1 8818724
1 436441
1 1594370
1 8979765
1 9239268
1 9809021
1 5152684
1 1789941
1 967488
1 2563107
1 9432654
1 8106025
1 5633600
1 9058145
1 8565812
1 6073827
1 2476445
1 9617306
1 343525
1 6652418
1 6528836
1 768007
1 4343739
1 7327703
1 673927
1 127879
1 256204
1 285271
1 4888116
1 4547467
1 4765986
1 1105185
1 4242178
1 7668427
1 8748460
1 3852127
1 6067180
1 8462869
1 5107446
1 287000
1 2233548
1 722735
1 9520121
1 7536251
1 2854852
1 8359679
1 8644624
1 2790469
1 5750889
1 3854277
1 6353008
1 9545333
1 5221233
1 2350483
1 2793866
1 5409474
1 5277382
1 8541029
1 3856727
1 5085958
1 6033131
1 3479294
1 6339812
1 7873411
1 9027078
1 5711186
1 8925579
1 9526838
1 7098943
1 9932992
1 7859182
1 7009711
1 1836111
1 2977509
1 935674
1 1313637
1 9894905
1 9034953
1 4377709
1 4542105
1 2436574
1 9473436
1 6935014
1 6031677
1 5576192
1 6542888
1 6544489
1 1344156
1 6934834
1 7994924
1 337055
1 6666214
1 3865475
1 554045
1 9120546
1 6905074
1 8824943
1 7372274
1 8250054
1 8460808
1 4995397
1 104239
1 7477259
1 2206925
1 900364
1 3690560
1 1332386
1 2010724
1 982115
1 4919670
1 5387518
1 6352958
1 8360547
1 7237170
1 373924
1 3198517
1 3026205
1 792271
1 443266
1 282891
1 7313220
1 8774758
1 8309648
1 8075697
1 7626522
1 6124268
1 9168108
1 7890250
1 4253442
1 2539015
1 4572170
1 6663206
1 4775855
1 7138276
1 7887707
1 5923349
1 7948017
1 6178186
1 4781404
1 9057596
1 9008111
1 2855907
1 3158951
1 6183024
1 1716431
1 9685204
1 6098603
1 3163007
1 7306932
1 884182
1 7690742
1 8924681
1 1077125
1 8727978
1 8018814
1 4651700
1 8077842
1 3593866
1 2856561
1 5274955
1 6948314
1 5577130
1 232587
1 6244675
1 2071033
1 1540856
1 5410195
1 2390169
1 6261010
1 6115854
1 5332858
1 3434929
1 6389712
1 533204
1 7384639
1 6291467
1 1575314
1 7171299
1 9639599
1 2975787
1 7932669
1 142447
1 6464540
1 3829301
1 7382978
1 8493068
1 8918352
1 8353899
1 9658810
1 9993734
1 2645974
1 9074175
1 8061135
1 5606578
1 9977104
1 6723814
1 5441851
1 4239131
1 8546975
1 3052449
1 623176
1 9959091
1 5248743
1 7955663
1 4318009
1 6110704
1 1089516
1 1454524
1 2214928
1 7119538
1 4563018
1 2737348
1 4612960
1 8137855
1 3615830
1 2112594
1 6609856
1 1959546
1 927976
1 3614197
1 7556148
1 1052950
1 3462443
1 153002
1 6636376
1 1531490
1 6255166
1 1437573
1 2117104
1 4754368
1 7790210
1 8152773
1 1554657
1 9394053
1 588422
1 957344
1 4227727
1 3706588
1 9087986
1 6311723
1 7907181
1 5689357
1 6743521
1 3240572
1 340825
1 5598889
1 130815
1 4082975
1 7861895
1 8319701
1 1382093
1 1445576
1 4643714
1 5087502
1 630012
1 8637858
1 6925737
1 3725754
1 4724975
1 1364374
1 8016815
1 2828633
1 7511895
1 2870255
1 4190949
1 6448543
1 7091211
1 9409222
1 8406882
1 2012802
1 8046787
1 3766874
1 4315797
1 7852034
1 8599901
1 344351
1 9322186
1 4756045
1 131245
1 8121803
1 3636275
1 2565652
1 4822024
1 8551488
1 4672648
1 452366
1 3029692
1 3362120
1 7008626
1 5184145
1 2173265
1 8301000
1 3319046
1 8440228
1 4666864
1 3660874
1 3788955
1 85287
1 421695
1 1117208
1 8639059
1 9857005
1 2546518
1 3020595
1 6642161
1 1730665
1 804008
1 1454635
1 1039615
1 7302068
1 8151210
1 4885
1 8201557
1 2443645
1 5511944
1 5694641
1 5219967
1 3641968
1 1072251
1 7963108
1 5971850
1 8738452
1 2419375
1 8984906
1 6363184
1 2949864
1 6839300
1 1593694
1 7930233
1 7701126
1 5099586
1 9359499
1 1731852
1 2572769
1 9725342
1 172000
1 285713
1 1210212
1 1189541
1 746963
1 1984299
1 4427633
1 7151219
1 7992436
1 3485710
1 7060265
1 5454477
1 4920706
1 9436017
1 327243
1 4198742
1 9417963
1 8823698
1 6166137
1 7526377
1 4990603
1 9865206
1 9664390
1 8448822
1 1271467
1 4970025
1 9106404
1 5485379
1 5713115
1 6807255
1 4787081
1 8449897
1 2578575
1 9995939
1 2867644
1 8256763
1 8736526
1 5445913
1 4675785
1 300043
1 2056107
1 4381412
1 4452815
1 3222841
1 6117878
1 6058758
1 5970330
1 3304378
1 6116347
1 9423342
1 3558661
1 9588438
1 8894511
1 9578064
1 1431938
1 7210723
1 8126479
1 9522353
1 5929327
1 8019528
1 1993815
1 6534541
1 2946654
1 1381929
1 4115634
1 3282132
1 6113940
1 6986644
1 5932267
1 1709947
1 5559925
1 8150695
1 4478225
1 4621394
1 2960171
1 6992919
1 2413808
1 55162
1 4582219
1 2436699
1 4343145
1 6273791
1 9742843
1 7943428
1 4498383
1 581643
1 233638
1 40761
1 4543074
1 2613075
1 1668262
1 8831414
1 6798276
1 7139995
1 5030119
1 3488592
1 7447200
1 3804011
1 7403070
1 5218818
1 8551336
1 4561017
1 5863856
1 9275362
1 1889900
1 1238900
1 8933991
1 9795571
1 9707707
1 8681086
1 3485279
1 5676149
1 3192895
1 8515581
1 1678703
1 8764473
1 6769765
1 4065691
1 9826694
1 7181227
1 3723294
1 9517745
1 3484459
1 3930144
1 5512862
1 6329603
1 3950712
1 8276697
1 1159399
1 4045037
1 368762
1 4870316
1 1371065
1 7429083
1 9985508
1 3963839
1 2052466
1 7191513
1 470546
1 1355891
1 1862555
1 1716202
1 3666940
1 6266753
1 4391819
1 368943
1 15185
1 240093
1 4709016
1 5107881
1 6072009
1 9435873
1 2805425
1 2673369
1 622697
1 5372561
1 7846476
1 7449425
1 3182357
1 9977528
1 1477177
1 6554810
1 6945991
1 2148918
1 5168877
1 6497915
1 3872479
1 3631937
1 1700183
1 3536601
1 7369342
1 2436255
1 583190
1 2298792
1 6284321
1 1580446
1 6870868
1 1681961
1 2055349
1 667392
1 1136018
1 393423
1 4742689
1 3347107
1 2268115
1 1706922
1 9332680
1 4994582
1 5375629
1 7535071
1 1764910
1 282915
1 5546962
1 8509066
1 1187809
1 5778951
1 2899200
1 9933426
1 7892932
1 9870125
1 1781825
1 354144
1 8118552
1 1546085
1 7702577
1 180785
1 1266789
1 45284
1 1784976
1 2088238
1 5934327
1 5474587
1 646007
1 5530591
1 165910
1 7292144
1 2733938
1 1654590
1 6510089
1 2399928
1 5792003
1 6957291
1 675073
1 3849526
1 9566456
1 1642848
1 568137
1 8160750
1 2715514
1 68563
1 6060986
1 1759383
1 10440
1 6905084
1 3720600
1 8725013
1 9218352
1 1963830
1 3899566
1 4344356
1 2697892
1 179669
1 95125
1 6788063
1 4492534
1 7551355
1 3671279
1 593948
1 4454644
1 2346627
1 5810567
1 1121601
1 8291795
1 6060784
1 7315089
1 5502318
1 3162583
1 2619126
1 9864925
1 4003473
1 1956718
1 6911629
1 1491447
1 5857843
1 3227909
1 1479505
1 8091517
1 8804373
1 7826574
1 3035439
1 1546526
1 7857333
1 7791219
1 2020423
1 2654150
1 9160911
1 7297819
1 3410161
1 1876970
1 3547286
1 7715727
1 8775424
1 2424356
1 4136355
1 1127325
1 3466641
1 6188914
1 7566526
1 740034
1 340240
1 5436300
1 23952
1 851924
1 5073810
1 2257758
1 6672707
1 6207562
1 2560381
1 1734673
1 9897502
1 2112494
1 8943198
1 9049111
1 5239559
1 9028602
1 1986677
1 6228023
1 1899393
1 478491
1 3132892
1 4597139
1 7538772
1 9587272
1 3798491
1 6780910
1 6518617
1 9775879
1 6815295
1 873797
1 4447044
1 5659244
1 1580876
1 6873569
1 8499118
1 9998953
1 1624662
1 2065527
1 3749911
1 5818841
1 6202334
1 7715112
1 5151733
1 1084852
1 4559568
1 7264533
1 3752671
1 4064272
1 48697
1 6652954
1 9370857
1 7992642
1 7413781
1 3665580
1 2035049
1 6167282
1 4107643
1 8247566
1 645388
1 1501930
1 5617057
1 3254362
1 5150338
1 5706408
1 4698281
1 6622050
1 5074491
1 8314377
1 110500
1 9810014
1 792217
1 1058009
1 8503243
1 8797887
1 274810
1 4282489
1 5194879
1 245169
1 7017303
1 8324215
1 8936455
1 7107379
1 7792784
1 6446925
1 1181863
1 959198
1 7566367
1 4719288
1 5778375
1 9565927
1 2855578
1 2472932
1 4930036
1 7243769
1 1310348
1 7422810
1 2261629
1 9946832
1 8542236
1 7517849
1 1189241
1 7107046
1 4962551
1 2428385
1 4799770
1 9213768
1 5914062
1 2468429
1 5190285
1 9206747
1 9582344
1 9405012
1 9609754
1 2817474
1 5915581
1 5060429
1 5935343
1 9035987
1 8843634
1 3416998
1 8806665
1 5777538
1 4876417
1 2287386
1 3147461
1 1440512
1 4006838
1 9560749
1 3007130
1 5351149
1 7501718
1 440127
1 2476655
1 8289865
1 6717706
1 3303225
1 4504750
1 1628606
1 9774764
1 4479066
1 8424880
1 8188570
1 4533859
1 2079875
1 414426
1 5686849
1 4302050
1 9417184
1 4648762
1 4221676
1 802994
1 1933014
1 8922447
1 8157582
1 7084103
1 5366673
1 9096396
1 1193632
1 957045
1 3406872
1 5246197
1 1928987
1 2474756
1 3194307
1 8973505
1 9103462
1 128819
1 2528484
1 7836763
1 1124599
1 524155
1 521164
1 6125584
1 9946831
1 5159166
1 9886804
1 4361374
1 5454005
1 9245102
1 7861756
1 3372917
1 5449335
1 9007445
1 5463549
1 7647216
1 2874911
1 6233195
1 2377856
1 5856755
1 8442962
1 6001267
1 2228265
1 7056601
1 5056250
1 2135628
1 6822041
1 2614870
1 1315417
1 7157299
1 9063412
1 185783
1 736175
1 5142062
1 3203327
1 3824193
1 2519277
1 7107459
1 1094569
1 8019246
1 1552621
1 5112156
1 8241166
1 1833168
1 5196807
1 1651674
1 742511
1 4162415
1 9331789
1 1950494
1 7308592
1 6223292
1 6399542
1 3311293
1 877111
1 1089862
1 2469680
1 4802749
1 4638185
1 4081872
1 6922307
1 6087524
1 2488522
1 1134656
1 2024414
1 4237911
1 8993911
1 3971374
1 9444845
1 585012
1 8912774
1 3497465
1 6869675
1 5854306
1 1522178
1 4036518
1 8607355
1 6888149
1 6574377
1 2614106
1 6580307
1 4228728
1 3557476
1 7865180
1 890476
1 1512410
1 4003769
1 4863787
1 4982424
1 5599108
1 6458876
1 3984637
1 5638918
1 4945707
1 2946025
1 1331559
1 7431344
1 9034000
1 9795580
1 5248953
1 252182
1 1058003
1 2248715
1 9002431
1 7933769
1 2833792
1 4711075
1 1838139
1 7094439
1 6833702
1 5245318
1 3438494
1 6308639
1 7374037
1 6567974
1 8033527
1 560397
1 9972223
1 8284931
1 2517678
1 4805857
1 7414123
1 7099026
1 9601483
1 8562344
1 8232870
1 9240162
1 1816552
1 5899778
1 1410206
1 9394128
1 9081039
1 1738830
1 650266
1 3113171
1 3112768
1 9181483
1 8743255
1 5843302
1 8150014
1 4348999
1 1657477
1 8186447
1 290630
1 5195672
1 1578135
1 6671567
1 803149
1 2111660
1 4033326
1 8412775
1 9753442
1 7753463
1 9324074
1 3961116
1 7143136
1 6092185
1 6123230
1 4196467
1 5431027
1 350090
1 6705738
1 2535152
1 2775130
1 6820551
1 1925860
1 2880841
1 1646167
1 6688920
1 3210064
1 1815112
1 9469940
1 7248735
1 9800908
1 5081779
1 9350893
1 5362686
1 7774743
1 9729981
1 6671113
1 432670
1 1481160
1 2152899
1 830684
1 410656
1 9722516
1 8708020
1 7434852
1 5553260
1 8350609
1 6221032
1 9489942
1 2300917
1 4356329
1 19454
1 7974041
1 560497
1 276910
1 5378505
1 2895353
1 2597432
1 5641422
1 4040303
1 6878212
1 9659140
1 3104199
1 8243677
1 7145782
1 3345525
1 1539594
1 6928700
1 4659598
1 6050104
1 7826146
1 9050311
1 9723828
1 6723229
1 4232109
1 8796831
1 8161982
1 660919
1 9638332
1 27008
1 7079315
1 4169094
1 8507567
1 9044107
1 4796092
1 561401
1 2076703
1 9923777
1 867728
1 9498302
1 8982022
1 8263993
1 6579291
1 3340899
1 3785400
1 215854
1 6186207
1 7988161
1 842696
1 9592052
1 3108783
1 5581499
1 8372645
1 8240686
1 5706490
1 9046396
1 3835645
1 9720489
1 9774100
1 6775103
1 708797
1 1953949
1 5495365
1 98214
1 8259870
1 6059721
1 1568504
1 4112628
1 9821236
1 8889240
1 1753153
1 3862679
1 9032245
1 298921
1 4127241
1 183176
1 4474304
1 1550660
1 9897233
1 4579764
1 9345404
1 2763691
1 7506874
1 7781143
1 8225807
1 466493
1 5656202
1 8183240
1 8807235
1 6818268
1 1040165
1 8358173
1 1959286
1 642082
1 6524565
1 4352290
1 4005711
1 7051277
1 1658333
1 6527812
1 4513523
1 9897509
1 629475
1 8379990
1 5246586
1 7492351
1 6846250
1 4038731
1 8092611
1 1633672
1 4292075
1 8919323
1 4943332
1 1147135
1 8800857
1 5636196
1 3396025
1 1637875
1 8259828
1 3573701
1 3755866
1 7753289
1 2372752
1 6644674
1 5477525
1 970151
1 4259878
1 7614899
1 9928634
1 7611949
1 4398780
1 3723089
1 4504519
1 8377
1 2492359
1 5293967
1 1639062
1 1528617
1 7028514
1 8646847
1 7162615
1 8130814
1 3821272
1 6574402
1 4781831
1 5294927
1 826155
1 9333127
1 6795030
1 6717012
1 1304875
1 1582678
1 5719319
1 4147000
1 3871846
1 1684312
1 1796978
1 5487669
1 9594931
1 4279751
1 9793061
1 8145088
1 4771283
1 1741289
1 6378350
1 3972193
1 325390
1 9036357
1 676892
1 8867235
1 4208206
1 6599815
1 8060158
1 1228131
1 1042438
1 7473447
1 5357322
1 6047955
1 9608980
1 1274786
1 9634708
1 6466629
1 695080
1 7533382
1 9996379
1 1081865
1 41370
1 5116842
1 3916282
1 1833506
1 1407557
1 7766549
1 9165774
1 3152707
1 3538497
1 3706711
1 4448674
1 5232594
1 6389808
1 6760708
1 9298635
1 2319516
1 6004175
1 3877535
1 9929328
1 4726455
1 4151016
1 9635841
1 8101073
1 6256894
1 8460688
1 3932205
1 9081377
1 3003752
1 7198768
1 8658622
1 6514062
1 8064837
1 1194243
1 9300247
1 4195307
1 8908782
1 8756289
1 3067451
1 4245099
1 3514988
1 1707068
1 2213892
1 2319438
1 286113
1 4171294
1 165646
1 1396625
1 8891908
1 8193653
1 1937201
1 716076
1 2952298
1 237104
1 5524143
1 5608106
1 8559223
1 9040780
1 559323
1 3648290
1 5033923
1 6505862
1 6806019
1 7809180
1 458398
1 4267640
1 2438600
1 2210441
1 3877959
1 981571
1 7698087
1 9119502
1 1771777
1 2572182
1 273978
1 260271
1 7554198
1 2384259
1 1647991
1 6175472
1 1496765
1 3629584
1 9888531
1 1395366
1 4702641
1 8257768
1 8216830
1 3324144
1 3971050
1 7793331
1 1324620
1 1579904
1 6013091
1 4934073
1 7821268
1 7738578
1 9033326
1 2460897
1 1913519
1 6743648
1 3190579
1 4036204
1 2646437
1 3918875
1 6841771
1 9523993
1 101960
1 7874452
1 7740243
1 481131
1 3530477
1 7081468
1 7594753
1 8116628
1 7183184
1 1176053
1 5018819
1 7597411
1 8542303
1 7325865
1 430832
1 6877577
1 8150717
1 1260521
1 1761401
1 1878045
1 5682189
1 8108536
1 9503199
1 1251192
1 7462949
1 3781933
1 9255282
1 8029802
1 1557909
1 2594020
1 5385207
1 572934
1 3662774
1 147346
1 6851334
1 4060911
1 9705568
1 6459084
1 2753231
1 1916033
1 3527187
1 2113213
1 4870781
1 9163130
1 345439
1 8487661
1 3501073
1 4719720
1 8809476
1 7356772
1 3125709
1 8518019
1 4435067
1 8335620
1 69535
1 249187
1 6458446
1 663537
1 5482682
1 4014467
1 816524
1 227060
1 2801396
1 6599730
1 9691423
1 7649914
1 6343043
1 7212451
1 7567004
1 7411538
1 8299517
1 452258
1 9291083
1 3486601
1 6880990
1 1723078
1 8418173
1 6653863
1 259232
1 2217476
1 3610868
1 709058
1 2125757
1 7348061
1 549357
1 3085212
1 2609640
1 1031321
1 7300106
1 8394399
1 672412
1 4072219
1 9284906
1 427968
1 3307440
1 4911685
1 7537526
1 7560293
1 7823998
1 1450201
1 6876902
1 3878580
1 7429124
1 9196121
1 489644
1 8741704
1 3349133
1 9221655
1 3200242
1 6377808
1 666076
1 8430235
1 4067061
1 4671824
1 7490277
1 4112566
1 8537151
1 9543640
1 8687301
1 8738755
1 4093219
1 9489008
1 7126268
1 7140079
1 7774879
1 6105110
1 6009631
1 3842317
1 5952336
1 8318037
1 6027342
1 2833621
1 3959384
1 5918650
1 2350278
1 4652459
1 9516231
1 8858452
1 1117386
1 7495588
1 3170668
1 277571
1 9303611
1 4995434
1 624825
1 6176303
1 6837252
1 2684233
1 5849651
1 6378683
1 2491632
1 7595769
1 4673602
1 1502847
1 6116780
1 1913619
1 2780989
1 8653658
1 7174958
1 5954852
1 7499783
1 4562265
1 2972558
1 6022882
1 3428905
1 4631500
1 2959306
1 22029
1 576857
1 5251645
1 3997144
1 1783128
1 7804851
1 3404516
1 8861576
1 357389
1 40246
1 7889040
1 6176646
1 940781
1 4865546
1 3121533
1 1273049
1 4831467
1 780273
1 306246
1 6628497
1 5136338
1 378766
1 9834088
1 4581910
1 5544874
1 3949671
1 1288591
1 48471
1 8292512
1 2147423
1 1389349
1 7288675
1 2124820
1 1436586
1 9497788
1 2859248
1 4653922
1 2503596
1 3348580
1 2632892
1 3901020
1 3571482
1 6567447
1 4657693
1 1154853
1 8647253
1 6574357
1 6979986
1 6198210
1 8292339
1 7878278
1 7394210
1 7930748
1 3614400
1 4984440
1 2617160
1 1277075
1 7648055
1 2430232
1 2643019
1 2710909
1 8602441
1 4171939
1 1390194
1 1656025
1 4849168
1 9647827
1 8434807
1 9037987
1 7917462
1 9498456
1 3599424
1 5264041
1 253642
1 9539941
1 2699494
1 9980849
1 7263875
1 4972301
1 614076
1 9848053
1 521561
1 1613430
1 8519242
1 6530741
1 2349467
1 9099469
1 1727502
1 3980605
1 5421153
1 6134958
1 2373042
1 899420
1 8486028
1 6806743
1 1686755
1 3439332
1 1574435
1 8633560
1 4835985
1 2341228
1 5135369
1 1757220
1 7453691
1 7895562
1 1133913
1 6527750
1 8340118
1 7118865
1 4976024
1 1498590
1 8018138
1 1610354
1 1963284
1 6898378
1 9129512
1 1488066
1 6998168
1 4542605
1 9335893
1 5132613
1 381797
1 7137076
1 4404878
1 3793808
1 7163108
1 1674268
1 2394504
1 4474813
1 5489006
1 4352873
1 356078
1 6626705
1 6386239
1 3699621
1 6898564
1 2319684
1 3431915
1 2827953
1 2713302
1 3403954
1 4144570
1 1558545
1 1403395
1 3252861
1 97344
1 8807423
1 2636442
1 4141144
1 6130423
1 7033722
1 6694656
1 1078718
1 1610847
1 4447647
1 797987
1 9666775
1 2148264
1 5152514
1 1025075
1 1682628
1 8685755
1 5493020
1 6365390
1 185548
1 8206460
1 2271544
1 5896172
1 1935814
1 3185692
1 9785121
1 7112793
1 5779919
1 4004203
1 7800037
1 3986171
1 3125537
1 329999
1 9485474
1 2033553
1 2530452
1 4381023
1 8578901
1 5729037
1 4261538
1 3621131
1 3580862
1 2798953
1 9232734
1 6266524
1 9715722
1 5339728
1 5454337
1 6888215
1 3641322
1 5660277
1 5273866
1 7535827
1 6998434
1 3660428
1 3154917
1 4722066
1 1011688
1 1022570
1 5320060
1 8947017
1 719874
1 8889405
1 5892541
1 8874029
1 5523812
1 9748935
1 6002084
1 4365824
1 3657638
1 4793069
1 7812469
1 188275
1 9336314
1 9562007
1 9386340
1 4990242
1 1431147
1 1450607
1 5277957
1 496510
1 1272820
1 424304
1 2843148
1 5242583
1 9076154
1 2355484
1 4054224
1 7377655
1 1666820
1 2149327
1 7028421
1 785002
1 8958594
1 5326838
1 8993405
1 620919
1 6229166
1 6091587
1 8534121
1 7548236
1 5583404
1 8565850
1 3484161
1 3769896
1 8768129
1 9820782
1 4929730
1 2674081
1 2883627
1 7968235
1 2721706
1 4178112
1 8938228
1 3661799
1 9098574
1 7406648
1 7714750
1 4687521
1 6477821
1 4197461
1 5396165
1 3800721
1 9072383
1 9246048
1 634733
1 1487731
1 7039364
1 8467183
1 2733774
1 5279082
1 2940158
1 870756
1 8752
1 9262590
1 5096267
1 7083023
1 7629804
1 5292404
1 6652650
1 512629
1 750050
1 6309634
1 2580727
1 6757364
1 3167410
1 7492822
1 5975104
1 6538291
1 1268021
1 2151182
1 8989511
1 1950778
1 1202226
1 40960
1 2270209
1 7906452
1 4460784
1 8665173
1 8598012
1 2510926
1 3867306
1 9417601
1 7113199
1 4062689
1 3411883
1 3233894
1 2561116
1 1072258
1 1576185
1 7449075
1 2359647
1 6319561
1 4795106
1 2399985
1 4396841
1 8102888
1 7328478
1 3425533
1 4825500
1 1788896
1 7013854
1 123293
1 6423022
1 8181717
1 3703687
1 5038398
1 9102351
1 7292060
1 5844602
1 976178
1 6187779
1 6876837
1 7834087
1 2608242
1 5267236
1 9213240
1 9537262
1 1674697
1 1060801
1 3989804
1 9016537
1 1574332
1 2881551
1 691968
1 520308
1 4620890
1 3305732
1 8156905
1 4148651
1 8069123
1 192682
1 6946168
1 370059
1 40046
1 8408326
1 997933
1 196337
1 1143549
1 3910063
1 8724846
1 7595755
1 9237200
1 4389499
1 1059328
1 2893099
1 359406
1 4262497
1 9609530
1 9026067
1 4993494
1 8464303
1 2329915
1 8078563
1 9038553
1 8376273
1 4041082
1 7921691
1 7389582
1 1368056
1 2938069
1 6069239
1 4326186
1 8694740
1 5303301
1 5552302
1 948737
1 6807734
1 6468831
1 1539197
1 938269
1 7807069
1 3391147
1 608011
1 7739571
1 2769583
1 3293621
1 9184537
1 6917969
1 6901479
1 536861
1 411724
1 2524918
1 2605915
1 2487881
1 5256544
1 8174487
1 4192384
1 8853548
1 20195
1 5280183
1 338003
1 4501741
1 6699904
1 6900092
1 6785106
1 3427683
1 9314861
1 9593836
1 1311398
1 1582675
1 9220674
1 9544706
1 3184564
1 9713448
1 7066584
1 989363
1 1316018
1 2926727
1 49895
1 8343502
1 4118034
1 7177880
1 2537884
1 7303294
1 8146570
1 267742
1 788104
1 4894768
1 6951646
1 2283210
1 3066934
1 7070550
1 5189781
1 1145508
1 2072842
1 7698335
1 2411996
1 7645943
1 4643707
1 186830
1 4327756
1 7822121
1 8552611
1 8006939
1 5375194
1 1376889
1 6099108
1 2681497
1 1894889
1 1018006
1 4338469
1 1059836
1 5290227
1 6690145
1 5635239
1 434836
1 4486773
1 4834122
1 5910033
1 1378044
1 9097248
1 8722386
1 3708237
1 1575264
1 5195908
1 9278201
1 8077877
1 8617779
1 389060
1 4144139
1 8191422
1 2126180
1 8040886
1 8938635
1 7298932
1 8421852
1 6573414
1 8912767
1 418767
1 9358338
1 7435258
1 1762723
1 1017525
1 3234502
1 6721002
1 5792961
1 2320830
1 8809962
1 7395094
1 7766654
1 541828
1 1254523
1 8946809
1 3182595
1 6626763
1 2362242
1 6003390
1 4262144
1 6762600
1 3819053
1 5542991
1 4617053
1 2790900
1 625732
1 1669989
1 8885091
1 1267994
1 8621381
1 4404833
1 8416699
1 2539623
1 5410452
1 3237807
1 5878544
1 6642243
1 7678754
1 2726794
1 8593498
1 4826077
1 8816982
1 2637249
1 7431850
1 9610446
1 8244200
1 6045590
1 4558354
1 5013017
1 5445140
1 3828891
1 8785608
1 3876413
1 952617
1 8310016
1 8505199
1 3351888
1 6273995
1 479831
1 3722281
1 9727618
1 3040504
1 7986850
1 2893036
1 778167
1 1069129
1 9033552
1 7319609
1 3984713
1 3633276
1 4477686
1 8022447
1 4980246
1 2396310
1 8958241
1 2300267
1 7179232
1 4639176
1 5508947
1 3967869
1 973512
1 1632843
1 3990301
1 264600
1 9459409
1 1125995
1 5337185
1 9366560
1 9804012
1 6582848
1 6975931
1 9588985
1 8083721
1 8291457
1 6345452
1 5474916
1 8374418
1 960880
1 7878177
1 6600275
1 8243139
1 3126639
1 4231322
1 6395451
1 6395579
1 5218992
1 9253795
1 3791806
1 1266283
1 8287534
1 2407846
1 3501408
1 1621727
1 5089134
1 6921878
1 6744191
1 266679
1 7404463
1 4420943
1 3409073
1 2633060
1 537131
1 4815499
1 1989356
1 4295663
1 5162877
1 8844767
1 5756215
1 5530249
1 1399437
1 2958558
1 5471069
1 9279218
1 9466087
1 3461791
1 3989834
1 519307
1 1317917
1 3286350
1 4053684
1 7163337
1 141663
1 2647530
1 9540849
1 347743
1 2731119
1 4758706
1 4940677
1 438541
1 6905361
1 6135055
1 7934427
1 9145769
1 3750208
1 7708016
1 7734713
1 8847329
1 1339719
1 7177374
1 518684
1 8680333
1 7539916
1 7374623
1 5288892
1 2837202
1 6860564
1 2932791
1 694979
1 3123271
1 7006166
1 7314735
1 8369793
1 3392161
1 9261714
1 6482093
1 3112026
1 4172460
1 514047
1 8198644
1 8225844
1 6377228
1 9413223
1 3128237
1 1566387
1 9769218
1 7858770
1 3473988
1 6980562
1 1513222
1 8771348
1 9190738
1 2068310
1 1735806
1 9815121
1 5299447
1 3500784
1 4731178
1 1896868
1 4501139
1 1062028
1 1586766
1 3901566
1 8601414
1 8654364
1 9913750
1 9667429
1 9033376
1 1668144
1 6148149
1 8455702
1 3036123
1 279814
1 9372372
1 1499289
1 7921669
1 7919171
1 5006938
1 6433358
1 4514121
1 5417410
1 5120239
1 6539530
1 2608996
1 9878627
1 104132
1 6365582
1 4820642
1 6350726
1 5156385
1 6047596
1 4011843
1 1036706
1 3417634
1 1966433
1 296468
1 6767825
1 862484
1 8751389
1 1375142
1 645805
1 501845
1 6331445
1 7044832
1 147395
1 4019172
1 4324320
1 9540133
1 6577603
1 9210637
1 956423
1 2320775
1 916436
1 6444603
1 9668474
1 517499
1 2228251
1 6160245
1 9842161
1 5635569
1 1443394
1 9894548
1 381724
1 8269534
1 458644
1 3226325
1 5783569
1 4003977
1 6231311
1 3182729
1 9735210
1 3694983
1 1467131
1 6110931
1 3104787
1 7585540
1 4868286
1 2096367
1 9760690
1 1113439
1 6624775
1 1692955
1 9844825
1 8974304
1 3953969
1 9764153
1 618727
1 3607715
1 8479131
1 3840273
1 1992504
1 3420518
1 9034269
1 1349834
1 7057180
1 198214
1 6851912
1 180579
1 9849594
1 4600425
1 7974610
1 3709394
1 9806500
1 1893347
1 5219507
1 7998254
1 7531519
1 7013909
1 6310685
1 8092547
1 2664861
1 2294195
1 6326971
1 3578634
1 5171440
1 1317617
1 2025731
1 4282285
1 4181275
1 768146
1 7531537
1 4956839
1 8759496
1 131266
1 8013793
1 7259675
1 7772278
1 8097359
1 119607
1 3397160
1 5074864
1 8819101
1 7697144
1 6317826
1 4376499
1 3697899
1 9214452
1 6421656
1 2355173
1 8777904
1 122625
1 1450585
1 8409626
1 2456656
1 3735985
1 6153150
1 2090556
1 1654848
1 4614425
1 8340281
1 1859682
1 4134077
1 8831575
1 5930348
1 8307948
1 7647922
1 9743062
1 1742329
1 7989846
1 2447616
1 2046340
1 7137832
1 6270549
1 1971096
1 6031939
1 3944057
1 2472091
1 777396
1 1512779
1 7856157
1 8795164
1 3779793
1 3799722
1 3427347
1 7913020
1 3220712
1 1642023
1 2279052
1 2137665
1 128675
1 336498
1 9143815
1 8613310
1 5474363
1 3120351
1 9401633
1 3287552
1 930545
1 4909186
1 9856207
1 4831439
1 1075704
1 6019604
1 9742759
1 487511
1 5736
1 1956252
1 7644541
1 81409
1 6020438
1 567810
1 1239336
1 308033
1 6237961
1 7007556
1 4953878
1 1886459
1 7866324
1 6916945
1 4982810
1 7037151
1 3558269
1 435511
1 2135009
1 6606963
1 93743
1 9451358
1 8161468
1 7553021
1 4604952
1 3218690
1 7525198
1 1864226
1 4169478
1 7086813
1 3954019
1 1542183
1 6379791
1 3173368
1 9718431
1 1832146
1 5903367
1 2840183
1 2122144
1 5686421
1 806331
1 5287505
1 5673244
1 1100377
1 9600986
1 4607937
1 7310810
1 9134567
1 9234082
1 7082034
1 9822061
1 1883262
1 8176615
1 2302474
1 7932948
1 5680566
1 2156971
1 948154
1 7410120
1 9193477
1 2006357
1 6679059
1 6882799
1 438872
1 3417226
1 4074880
1 6785186
1 4451900
1 1003522
1 6539903
1 7456492
1 7124259
1 3586696
1 6583122
1 2596873
1 136334
1 1808332
1 8445528
1 3103825
1 8495845
1 4417406
1 1680820
1 8821674
1 3961592
1 8940930
1 2066338
1 1954086
1 7322798
1 382334
1 1552721
1 6086075
1 5725393
1 9460368
1 3907920
1 6267015
1 1541086
1 4884712
1 1595171
1 5474215
1 2221872
1 767904
1 5421959
1 6387459
1 175918
1 5823713
1 9155537
1 4003636
1 5752104
1 6124235
1 5372359
1 7634084
1 938119
1 3592929
1 9629551
1 9622106
1 7269095
1 3559263
1 3878737
1 4479487
1 4044014
1 6767165
1 4051006
1 494492
1 3095021
1 2295557
1 2616514
1 5502934
1 6021876
1 766006
1 9873332
1 8066213
1 993631
1 8396727
1 3176212
1 6936770
1 1031822
1 9881159
1 6524504
1 5156861
1 6286994
1 8149115
1 1333071
1 5823777
1 6999811
1 645624
1 7972839
1 7139849
1 3776793
1 1526270
1 4905149
1 7227267
1 8823940
1 6267645
1 2678736
1 530068
1 4842371
1 2117125
1 4830868
1 2734698
1 7469054
1 5220372
1 4204934
1 4676018
1 8508101
1 8874706
1 7736992
1 1856528
1 5664054
1 187478
1 3713509
1 2729245
1 4996059
1 5536698
1 3137401
1 7981138
1 2423517
1 6096688
1 9465280
1 424908
1 7525331
1 9899495
1 9802553
1 5383103
1 4081872
1 8594634
1 151214
1 7912760
1 279327
1 4632733
1 7396245
1 2125423
1 7154262
1 6639502
1 8170640
1 4945549
1 7395869
1 972411
1 5600718
1 8478662
1 2269296
1 4182931
1 9094961
1 9291958
1 4333537
1 8809943
1 1368499
1 9655771
1 6769337
1 5358155
1 9732025
1 619839
1 8577393
1 7094138
1 5053823
1 3809386
1 9938079
1 4166668
1 2600949
1 3910572
1 9622571
1 1464351
1 3915142
1 9719008
1 4068039
1 8637296
1 9288843
1 3081524
1 1053379
1 8383766
1 9033289
1 3888816
1 2111551
1 2295019
1 4147692
1 5575931
1 9966400
1 2708015
1 9442259
1 7387631
1 4221197
1 2581128
1 8891281
1 9361147
1 7945115
1 5261366
1 1987449
1 885325
1 3738501
1 5215070
1 4152652
1 9009030
1 8462154
1 3306879
1 182863
1 5127064
1 9989665
1 7145786
1 1867779
1 3004893
1 8494965
1 5908841
1 228138
1 3038131
1 8545666
1 9753221
1 8860708
1 7938049
1 4030280
1 789024
1 4780083
1 7952536
1 3033414
1 5185996
1 4709997
1 9719580
1 7731848
1 7319635
1 5275428
1 6896380
1 251118
1 2119380
1 4943304
1 6865459
1 5381260
1 3513350
1 7353799
1 4139652
1 8090852
1 5657144
1 9808335
1 7938868
1 3112248
1 7941410
1 8367337
1 2235266
1 9133637
1 2740018
1 5880915
1 8708901
1 6492125
1 8424276
1 4283876
1 299863
1 6735535
1 8233255
1 2556779
1 625853
1 3460332
1 2060467
1 1660580
1 2602379
1 1293443
1 4717832
1 2053925
1 8296278
1 4266606
1 4735649
1 7387671
1 6521258
1 1964774
1 4090086
1 1833867
1 3723671
1 3763634
1 9550317
1 9626455
1 886073
1 954547
1 6938398
1 5184565
1 2184542
1 6254200
1 2957414
1 6146089
1 8661288
1 1246976
1 9401505
1 7953665
1 415961
1 1974676
1 5449466
1 81160
1 16532
1 2626007
1 4858885
1 5135986
1 7581850
1 2079221
1 4697952
1 7304008
1 7813686
1 9024284
1 6723591
1 5113106
1 607077
1 1080006
1 8683352
1 2373955
1 5687948
1 8896817
1 8328836
1 9200688
1 5870748
1 9467525
1 2202267
1 7395826
1 7098747
1 9197662
1 3370488
1 7017556
1 9077702
1 3106871
1 3843233
1 9472588
1 9411094
1 7774695
1 1775582
1 2629784
1 2939881
1 9244663
1 8203319
1 5186889
1 5187165
1 4057942
1 6651264
1 7193516
1 1305521
1 8389140
1 4305960
1 6096529
1 2121334
1 9166705
1 4399588
1 7185971
1 8354637
1 8264194
1 8152739
1 9631353
1 4824123
1 4002842
1 5588656
1 6330339
1 2199865
1 7595971
1 3146575
1 6702774
1 9589310
1 9788496
1 4016173
1 8374168
1 1835894
1 5360968
1 5660756
1 3800152
1 1388748
1 2536638
1 1666700
1 1419646
1 5068703
1 2776143
1 1850789
1 863637
1 5706430
1 2256824
1 1287669
1 4493803
1 881564
1 9532363
1 4177081
1 5634817
1 6679308
1 6886245
1 2178279
1 1233181
1 4066375
1 6998098
1 2886564
1 3787455
1 9398006
1 3132264
1 6845372
1 1310776
1 1878784
1 3269417
1 8428845
1 5606776
1 2506955
1 5602616
1 4484543
1 4304901
1 2473227
1 4977387
1 2496163
1 2466728
1 7805515
1 4278842
1 5347330
1 1734712
1 2093734
1 3381599
1 4789961
1 4994918
1 2831759
1 1661684
1 4123331
1 7894191
1 5005300
1 7066090
1 6999536
1 5673300
1 2317667
1 549262
1 4794845
1 4164705
1 1331958
1 812889
1 1857525
1 1917115
1 3602816
1 588068
1 8518792
1 6620752
1 3999105
1 9465100
1 9325782
1 6421204
1 7190065
1 7435901
1 3775680
1 413631
1 1149764
1 4171554
1 9102216
1 2681936
1 6336764
1 4296841
1 6091740
1 654108
1 2542099
1 4478777
1 8919250
1 4065848
1 3786250
1 5910324
1 5997304
1 5301268
1 9360741
1 9219914
1 3300979
1 3604598
1 6862946
1 510404
1 824910
1 3032745
1 6597389
1 7398842
1 370888
1 5916656
1 5362026
1 1948347
1 1912995
1 7928510
1 9333530
1 8886822
1 4527112
1 9445816
1 3726717
1 3397437
1 8516206
1 5287986
1 748288
1 1422315
1 8880150
1 4922714
1 5895051
1 2447770
1 3416926
1 7017701
1 2684452
1 4340846
1 8103480
1 1334984
1 3346490
1 1720275
1 3077832
1 7216686
1 2798749
1 9124600
1 7680216
1 4292626
1 4600070
1 74463
1 120624
1 3129441
1 5308619
1 6192442
1 6578872
1 8227186
1 6963416
1 9722165
1 2028069
1 8918854
1 2842414
1 4715745
1 6090302
1 3082968
1 2823142
1 5859347
1 7425137
1 5580864
1 7442356
1 9566596
1 2997094
1 2303751
1 1276876
1 2450946
1 2674642
1 6783773
1 9624791
1 8892528
1 355036
1 2258854
1 7607272
1 1376714
1 7921607
1 9937053
1 6582510
1 4803993
1 3480868
1 8481988
1 2130264
1 2289418
1 4361194
1 7013369
1 9218874
1 5556178
1 381092
1 8266349
1 8047125
1 7873677
1 1730598
1 8492020
1 4829808
1 8032939
1 444241
1 1483021
1 7614434
1 4874300
1 4719953
1 7491017
1 7395614
1 3735338
1 8148298
1 7934442
1 1143408
1 1903845
1 3866564
1 7977106
1 7593219
1 7264493
1 8057971
1 2075123
1 5360033
1 9153680
1 6286238
1 1539685
1 6856089
1 3128156
1 1689601
1 3164617
1 2083633
1 6298282
1 8709748
1 287586
1 1187037
1 9861880
1 9184514
1 4859387
1 1840119
1 6646122
1 2462008
1 984152
1 7253714
1 3698663
1 2268745
1 1538829
1 6918850
1 8456265
1 8294487
1 8912320
1 2229784
1 2637070
1 9177039
1 993640
1 2899907
1 3385679
1 470060
1 4863752
1 293551
1 8413378
1 7251978
1 6396575
1 7566627
1 728714
1 3892400
1 6118220
1 4476547
1 8088111
1 1989669
1 2419826
1 9323775
1 7953693
1 795313
1 3155784
1 5527716
1 2637487
1 250977
1 8634656
1 2854902
1 9269963
1 2328919
1 9668125
1 7995467
1 4330825
1 1456274
1 486156
1 4918165
1 4445082
1 2219273
1 1826073
1 3739
1 1126149
1 7519688
1 7147494
1 506047
1 5984741
1 8523613
1 428145
1 1516982
1 9156160
1 3534522
1 2807666
1 4298220
1 3904338
1 622748
1 7921132
1 4164034
1 461267
1 790668
1 4746555
1 8418156
1 4634241
1 6068559
1 6895122
1 3688263
1 9035510
1 8034604
1 6511938
1 5039098
1 4659440
1 213220
1 4516227
1 5729107
1 6285224
1 5178071
1 145398
1 6361775
1 8510753
1 9752546
1 6007206
1 8332541
1 88357
1 7568197
1 1736998
1 2418990
1 5748000
1 3190854
1 4596090
1 2784641
1 3387886
1 5794564
1 3766450
1 5732611
1 9566515
1 5835633
1 889627
1 2380083
1 5315538
1 5287102
1 2415110
1 5137277
1 7098498
1 9024341
1 9051952
1 2303606
1 3763810
1 8519509
1 9304334
1 2281411
1 1548723
1 5170097
1 4934863
1 583265
1 4231097
1 8865908
1 6988344
1 646595
1 3206385
1 4760194
1 2552228
1 6731822
1 7429860
1 5794778
1 781229
1 4310620
1 8108292
1 319607
1 8035327
1 5088022
1 8970970
1 2940777
1 7175742
1 9679442
1 7727618
1 3360056
1 4008268
1 4966601
1 8676090
1 4501066
1 9981119
1 8107640
1 7748609
1 5203536
1 4241178
1 3570607
1 9724006
1 5483998
1 315697
1 9393414
1 3796413
1 5059313
1 958258
1 7096872
1 2365007
1 132600
1 7863258
1 9288292
1 1871535
1 6389379
1 4808013
1 26894
1 1528645
1 1380588
1 4985939
1 2849484
1 9377395
1 497526
1 3410539
1 6365388
1 5772923
1 6166468
1 7561912
1 2466386
1 1076967
1 8878914
1 5351385
1 6755823
1 1219135
1 6269285
1 5656246
1 5275258
1 2975046
1 2798464
1 481910
1 7132220
1 4596041
1 2996597
1 6419311
1 716436
1 7572777
1 6863686
1 9090392
1 1408763
1 2246435
1 1699024
1 8803520
1 9956535
1 6849548
1 1715914
1 726650
1 198650
1 1475513
1 3166199
1 547489
1 3367654
1 3776928
1 2036724
1 6889208
1 2429034
1 5759552
1 1860495
1 6330236
1 6162797
1 6935438
1 6048441
1 7799669
1 6760312
1 3829722
1 1929903
1 4027865
1 23164
1 6419425
1 7468549
1 2482549
1 269879
1 8617708
1 4234186
1 3813556
1 9742842
1 8002128
1 8754471
1 7101294
1 196220
1 597236
1 6323794
1 6406731
1 5635556
1 3553866
1 1178207
1 7373229
1 1147876
1 8230696
1 8102333
1 5726956
1 7657583
1 5988954
1 6161800
1 6171660
1 5152500
1 5158703
1 8317267
1 4210826
1 1905775
1 6875402
1 8828508
1 1975394
1 4120731
1 4624598
1 9577175
1 3519778
1 6933200
1 9358600
1 7177398
1 8003057
1 3468338
1 3993489
1 1953533
1 6317994
1 9994684
1 409083
1 5247534
1 9831818
1 819403
1 3993471
1 3301149
1 1249846
1 5414323
1 1944110
1 276714
1 6305290
1 8242856
1 3185902
1 3601438
1 6772680
1 1537119
1 9219458
1 5716631
1 5035912
1 622324
1 7227074
1 1680402
1 7887065
1 4652656
1 1330450
1 9822251
1 2490217
1 7479963
1 8404576
1 749862
1 2068369
1 8880033
1 6118253
1 5616917
1 2689863
1 6545229
1 6863760
1 7574130
1 2652957
1 2669133
1 1822933
1 9346643
1 6563037
1 3654126
1 264219
1 267127
1 2585642
1 7300993
1 4012457
1 151622
1 9509507
1 1643612
1 4404914
1 598148
1 199820
1 6790606
1 7345630
1 2047908
1 1003614
1 67976
1 2223688
1 649328
1 3379008
1 2451357
1 7168734
1 6573101
1 7025577
1 7879163
1 5469358
1 1381313
1 8612775
1 170898
1 9440317
1 3281686
1 6206969
1 6689889
1 3738296
1 3049116
1 1818617
1 5484946
1 9791230
1 8312148
1 4301023
1 1967097
1 775214
1 9979887
1 759439
1 1713719
1 6275322
1 495954
1 3326277
1 936169
1 3383621
1 1610368
1 3415151
1 9382437
1 4382536
1 6517084
1 260447
1 5992435
1 2212430
1 4155564
1 4573801
1 5832920
1 6866113
1 8623535
1 7141853
1 9606926
1 1031871
1 9110970
1 6801128
1 6655019
1 2378442
1 3889018
1 5849881
1 9083154
1 8083016
1 2291165
1 9627217
1 1611127
1 802896
1 8503219
1 2372474
1 2593841
1 9055028
1 6182562
1 2861530
1 6645206
1 47385
1 1155537
1 2129444
1 9179682
1 8668416
1 4127615
1 4578207
1 2212048
1 5274103
1 7058782
1 5996490
1 2416960
1 3772212
1 3770897
1 6737575
1 6996360
1 7632160
1 8758911
1 4293073
1 1466826
1 8353942
1 3804875
1 8553039
1 3391661
1 4461894
1 6771937
1 2609247
1 4094931
1 3976541
1 3163519
1 5740375
1 6109059
1 3590046
1 1124753
1 8807672
1 9455875
1 1596730
1 4005593
1 173077
1 437903
1 1282763
1 2866325
1 7930324
1 7646845
1 1964627
1 7053079
1 528524
1 4891812
1 9700783
1 1872489
1 1216055
1 9730270
1 6741075
1 1643630
1 8332200
1 4277807
1 8420658
1 2500573
1 7964415
1 3476848
1 7302773
1 3304902
1 6385838
1 8157410
1 6734633
1 4496347
1 2942552
1 2315153
1 9836941
1 9996522
1 8935452
1 9286573
1 1567280
1 304580
1 1125870
1 2744815
1 5662562
1 3795620
1 2228963
1 2974716
1 1383419
1 9689652
1 6173772
1 2033030
1 4812784
1 3205361
1 3757697
1 6048092
1 8509801
1 6338022
1 3937010
1 2268711
1 206528
1 4749063
1 6982744
1 9636098
1 2081427
1 4290306
1 1078516
1 7895878
1 3064966
1 47311
1 1246795
1 1526673
1 4831287
1 1739120
1 8660240
1 4447270
1 7897256
1 4077613
1 1607989
1 7636425
1 5597503
1 3015835
1 62351
1 6739147
1 9045950
1 6168749
1 1777200
1 8061857
1 4417281
1 1644256
1 751279
1 833677
1 4235927
1 6540836
1 3762769
1 1677498
1 5149560
1 9757246
1 5215584
1 4350903
1 6683854
1 2548752
1 9306476
1 3865688
1 8806096
1 1675965
1 7211375
1 9930872
1 5944954
1 6635388
1 332636
1 6613734
1 1909
1 2158836
1 485427
1 8738062
1 5517152
1 834719
1 6873071
1 3614784
1 5525236
1 1692931
1 8901754
1 1390931
1 7808441
1 4094326
1 3726632
1 8197508
1 2853451
1 3234354
1 5753597
1 1745685
1 2124835
1 2686550
1 7578784
1 3124945
1 73242
1 7770351
1 2540513
1 3796345
1 1613719
1 9209408
1 1664399
1 3916489
1 5737615
1 6413732
1 6735294
1 195166
1 6947548
1 4832379
1 6193445
1 7072554
1 258633
1 9623907
1 513424
1 3954180
1 7204672
1 9710295
1 1160795
1 6751792
1 2188736
1 4943324
1 5607262
1 1843716
1 7843481
1 8047739
1 6238735
1 2683694
1 37243
1 9605316
1 7848447
1 2012150
1 2097349
1 8853547
1 4437602
1 8440634
1 4984491
1 7521351
1 1814327
1 6607950
1 8052613
1 5859087
1 7820246
1 3204971
1 9498314
1 6855188
1 6710745
1 3290650
1 7888946
1 4569592
1 9234447
1 4214172
1 8788141
1 2739603
1 5592309
1 6025008
1 9994012
1 5714101
1 6332234
1 6017665
1 4303552
1 3442767
1 455500
1 5366002
1 4778740
1 6162230
1 6675928
1 5242004
1 917251
1 8889759
1 6266702
1 9244049
1 9595523
1 8581309
1 3847446
1 15048
1 713790
1 7907312
1 1907122
1 3952497
1 8980626
1 995105
1 8969040
1 8981832
1 3786921
1 5976443
1 8264213
1 9852211
1 9159791
1 2640252
1 3240534
1 1833071
1 8036544
1 2422263
1 3330418
1 4079649
1 4976700
1 9962564
1 6645178
1 3617853
1 41308
1 5774767
1 4231854
1 4824468
1 924908
1 3145310
1 310858
1 6339351
1 9682808
1 2768527
1 3290929
1 6502561
1 2050498
1 9627998
1 1785457
1 9877954
1 3791062
1 8557735
1 3630960
1 9533453
1 4334238
1 1397355
1 3575446
1 4950978
1 9564654
1 9337606
1 8895088
1 308375
1 5403550
1 777556
1 5602338
1 5673211
1 634590
1 1681476
1 6273828
1 8909011
1 556875
1 3277728
1 8850777
1 5366796
1 1431877
1 1480300
1 1949527
1 2693057
1 9360981
1 3212021
1 596192
1 4262268
1 870101
1 2459657
1 1006412
1 2910221
1 8931816
1 4437381
1 7769110
1 372122
1 6148049
1 2672407
1 2955116
1 757782
1 3056863
1 6998545
1 9240762
1 5901393
1 281116
1 3534250
1 4246591
1 6408518
1 8679271
1 31253
1 5710204
1 3762660
1 813486
1 400102
1 6594974
1 974244
1 7944188
1 4734036
1 8414427
1 9022432
1 502961
1 7115243
1 7659423
1 7114210
1 9880311
1 1532031
1 6199444
1 3670795
1 2219465
1 7618473
1 8553116
1 7409810
1 6225603
1 4197033
1 535419
1 6613304
1 546946
1 2852477
1 1464693
1 2620148
1 1379197
1 3040332
1 6603975
1 866528
1 3078782
1 6964544
1 4053640
1 1310648
1 1830652
1 1373614
1 5159045
1 4807349
1 2301225
1 6396251
1 304153
1 2164085
1 4173976
1 4944077
1 9150195
1 9459446
1 1609015
1 8036999
1 9201717
1 8365602
1 8601247
1 3596238
1 3539881
1 202441
1 4756968
1 596780
1 8515660
1 5395006
1 8433071
1 7511415
1 3740264
1 3025969
1 1900328
1 600447
1 2439296
1 5633897
1 4459211
1 6242835
1 8727231
1 915125
1 3551190
1 8656138
1 4295105
1 3378192
1 7401342
1 1842499
1 2891027
1 5931061
1 7612072
1 9575410
1 9623010
1 3139180
1 7191369
1 5704452
1 3347037
1 8375970
1 4118814
1 762420
1 6698160
1 4308410
1 399863
1 7801578
1 9707765
1 2880698
1 8308779
1 8352663
1 9571606
1 46511
1 3053691
1 691565
1 7377208
1 4491277
1 5780788
1 3924968
1 1285126
1 234842
1 9178016
1 7032168
1 5879935
1 5950101
1 1174299
1 3791161
1 3023298
1 2888340
1 3712115
1 9198300
1 1315890
1 4709694
1 5208549
1 6009844
1 1371282
1 5734575
1 2849169
1 7504465
1 7930067
1 785113
1 7797273
1 3606568
1 1056248
1 7486377
1 8696796
1 2768875
1 4669590
1 6554359
1 5903133
1 2266749
1 1559511
1 9200201
1 7920317
1 8977327
1 2785983
1 50365
1 9292128
1 2986634
1 3257496
1 6745696
1 6193719
1 195329
1 7426213
1 4664723
1 5724799
1 1233661
1 5878034
1 4028323
1 7446975
1 227603
1 1542921
1 7104677
1 4370678
1 411314
1 9132835
1 7474565
1 5066886
1 8305025
1 5975019
1 966537
1 1905661
1 7045216
1 819014
1 5587702
1 7686378
1 2347004
1 1848384
1 6358367
1 952367
1 4190308
1 9651845
1 8985585
1 8029610
1 1290769
1 1678470
1 9345681
1 8223980
1 9211594
1 8752612
1 189558
1 2311566
1 6827224
1 733578
1 1610672
1 6220222
1 7873285
1 4641370
1 1190655
1 2534086
1 1773080
1 1746926
1 9776798
1 250462
1 5392016
1 7680011
1 890210
1 2165109
1 5529374
1 5772571
1 7117060
1 7260362
1 7782129
1 2640362
1 3111846
1 4107842
1 6036017
1 8745406
1 9808274
1 1374590
1 1135114
1 8075982
1 4603009
1 5024010
1 6206770
1 8282330
1 488560
1 7259509
1 9389923
1 4889273
1 22878
1 3977720
1 4583549
1 2654935
1 647756
1 7729269
1 593557
1 7823834
1 8506855
1 5434517
1 6579609
1 2437002
1 9502843
1 2701615
1 1933966
1 7602057
1 9872816
1 4134467
1 1287330
1 5948361
1 9483838
1 3495831
1 7970837
1 381354
1 6192585
1 8815871
1 9968078
1 4791429
1 8650420
1 5089376
1 1188705
1 4006185
1 9973201
1 3781561
1 2696642
1 9425938
1 8581024
1 8238950
1 414199
1 1178707
1 9488182
1 5904270
1 2461977
1 8497516
1 9711424
1 1369710
1 1677343
1 3940627
1 4912001
1 461306
1 4923696
1 5566024
1 6118980
1 6243241
1 6662266
1 821755
1 8868848
1 1857815
1 5354730
1 1376309
1 4516126
1 5111378
1 1182915
1 4895928
1 2622162
1 7473310
1 5956707
1 7277121
1 8645344
1 9071629
1 3779977
1 641152
1 9830905
1 5078784
1 2461096
1 802594
1 9692546
1 4529148
1 4626997
1 3212959
1 1907833
1 5808936
1 139877
1 4115494
1 7547392
1 8091625
1 255647
1 6957733
1 6406313
1 4653947
1 1875391
1 6283272
1 4233962
1 4978453
1 9629694
1 7990705
1 7660969
1 5589781
1 3483442
1 1014011
1 5478682
1 6036422
1 8082365
1 6160078
1 9982993
1 3765489
1 6823992
1 6273776
1 6076092
1 3987241
1 4591432
1 1847773
1 7276832
1 2202910
1 3114591
1 8954110
1 2730524
1 5701159
1 5629583
1 5459290
1 2756796
1 2897224
1 7493370
1 3362274
1 2627900
1 8135203
1 6575109
1 8726774
1 3387466
1 7006242
1 7405468
1 7506207
1 8225377
1 4338567
1 9767856
1 7608323
1 5781224
1 4850723
1 7146893
1 1398540
1 7077071
1 5403776
1 3698664
1 3292407
1 2196783
1 2616166
1 9825832
1 8601327
1 9903849
1 9365387
1 3183569
1 1550428
1 2355165
1 6819992
1 2389123
1 7635533
1 3252387
1 6352510
1 1631528
1 5446094
1 9980551
1 5900817
1 6674615
1 2151765
1 1216571
1 6520066
1 4596244
1 1552922
1 3525124
1 8636043
1 7510911
1 9529300
1 4966251
1 3195933
1 4211779
1 148618
1 8096039
1 8847238
1 4995193
1 2590536
1 380927
1 1605106
1 7819685
1 9255300
1 9671012
1 7858019
1 8503719
1 7220680
1 9604508
1 2973065
1 8672267
1 681166
1 4399195
1 6306747
1 4990020
1 4029822
1 8183418
1 4961646
1 5011371
1 5469153
1 9486259
1 239117
1 499176
1 3300459
1 5199470
1 6171546
1 8699068
1 8069007
1 9222983
1 6118268
1 4236052
1 4622597
1 4175128
1 1126222
1 6481680
1 5030156
1 61090
1 5719479
1 506952
1 4248657
1 5007212
1 9934520
1 369530
1 8174026
1 6880152
1 5705415
1 4366255
1 8071520
1 1947809
1 9379960
1 3287419
1 3298869
1 6657119
1 917329
1 1350462
1 3474205
1 3532711
1 3117766
1 2512781
1 4854769
1 8501563
1 8497463
1 3311847
1 2824832
1 7090796
1 556574
1 2812845
1 1501853
1 8163506
1 630732
1 6101705
1 1168170
1 6076111
1 6273022
1 9247911
1 2781830
1 5269945
1 6842340
1 41484
1 6683901
1 2169769
1 6768037
1 4960906
1 9431183
1 4697709
1 9867595
1 9441473
1 235688
1 4747695
1 9143585
1 8239248
1 6317818
1 8999374
1 8974285
1 6995665
1 4432715
1 744169
1 8720043
1 5092973
1 6641631
1 5489565
1 9266911
1 5194490
1 457142
1 6237669
1 5049763
1 9006789
1 866299
1 6448659
1 192490
1 5759807
1 9560751
1 9338150
1 5583439
1 4065074
1 3899457
1 1947619
1 9388971
1 9196011
1 7907097
1 4812406
1 8163250
1 5703292
1 1108023
1 5430978
1 260625
1 9023534
1 6406441
1 9782012
1 4790770
1 4657077
1 1033620
1 4258674
1 5291191
1 1789877
1 2632378
1 2698031
1 6644633
1 585875
1 3916087
1 3067514
1 8480541
1 6305209
1 8598347
1 8519852
1 3384557
1 453486
1 2419539
1 1144850
1 7991888
1 9640762
1 1175411
1 6072201
1 6222711
1 97239
1 1912835
1 4954962
1 9967012
1 7363612
1 7413079
1 989966
1 1059391
1 2487974
1 4563133
1 6141584
1 3627882
1 7273098
1 9855554
1 1496922
1 5212956
1 5069743
1 1299968
1 2995575
1 7788362
1 8578706
1 4830599
1 9107541
1 2773824
1 8803072
1 8113443
1 7563433
1 9712349
1 9104222
1 874812
1 2468993
1 319808
1 8975799
1 7207234
1 8415945
1 2698127
1 2034412
1 716878
1 1061592
1 435102
1 9357185
1 3060971
1 9973752
1 9468368
1 3932660
1 2268160
1 3336514
1 463614
1 5828476
1 3795903
1 6323534
1 7578329
1 2617673
1 5681158
1 7790948
1 2867574
1 6639350
1 4349243
1 1061635
1 4655789
1 6860276
1 6484201
1 6178873
1 3357294
1 9035982
1 3370881
1 8736033
1 2662651
1 9520242
1 5502207
1 1897826
1 7473640
1 1577612
1 9435036
1 8751175
1 6380202
1 6675708
1 9688272
1 3653699
1 6404768
1 8854625
1 312888
1 4658926
1 4793029
1 3509130
1 1206729
1 6100309
1 8213209
1 1789556
1 3329525
1 2258824
1 6535536
1 781576
1 6593582
1 1129119
1 2813393
1 9154849
1 4751430
1 1300140
1 545913
1 7542716
1 7692057
1 8788290
1 9124747
1 6215888
1 4778720
1 6455541
1 6775729
1 4929345
1 4898612
1 3876566
1 7371620
1 1674719
1 3520884
1 9950274
1 9876345
1 1773712
1 5277246
1 209154
1 8950393
1 6063938
1 7269971
1 6058621
1 1505553
1 5718238
1 5119099
1 8974554
1 9310302
1 9475973
1 6542333
1 7584858
1 9386433
1 1997494
1 833349
1 3000906
1 4659361
1 7411340
1 2674834
1 1789026
1 4732947
1 4079473
1 3099645
1 8555803
1 5042877
1 1164327
1 5495536
1 5308254
1 2465512
1 9751827
1 2900262
1 6420139
1 1690451
1 5728064
1 3149428
1 2881380
1 4958047
1 76901
1 5907497
1 2667367
1 9241224
1 6017156
1 8312701
1 4134913
1 2073769
1 4454637
1 5397268
1 7137411
1 5485626
1 27528
1 4153233
1 4031844
1 7246648
1 4692594
1 1200385
1 5685441
1 427160
1 2123747
1 5156979
1 2629733
1 7644557
1 2814388
1 1178597
1 1246056
1 8724603
1 4734919
1 4564880
1 6070185
1 3963146
1 2194105
1 8934941
1 1105967
1 1118449
1 6656987
1 4148790
1 5411744
1 4506694
1 5755151
1 9107517
1 6700849
1 6886806
1 5803836
1 2255156
1 8099855
1 8233636
1 2057564
1 5652703
1 4900615
1 5559704
1 3016412
1 7690741
1 8804638
1 5145782
1 2573984
1 3092781
1 3377438
1 7850978
1 8262854
1 8202710
1 718138
1 3745403
1 2328828
1 3019933
1 6595782
1 7718369
1 934762
1 8773677
1 1008126
1 1407635
1 4424693
1 1186301
1 850643
1 4377442
1 8117167
1 5437544
1 2683017
1 5422279
1 5932737
1 981558
1 6370425
1 6650516
1 6115299
1 6907181
1 3177816
1 7982791
1 320115
1 4322812
1 1762586
1 766651
1 5379143
1 401155
1 1224525
1 4074540
1 374592
1 8492488
1 87928
1 8928425
1 1424537
1 5301848
1 5090536
1 4821420
1 3131803
1 6654651
1 638752
1 223234
1 1560294
1 6934352
1 4704744
1 5446113
1 7985033
1 2197301
1 798961
1 3092279
1 7706289
1 6411061
1 229450
1 7661574
1 7167325
1 6066287
1 9204629
1 5492112
1 8545151
1 8114111
1 497939
1 2050192
1 1326974
1 9507024
1 1780648
1 4773230
1 8256493
1 3181766
1 7872951
1 3735917
1 3546197
1 9858816
1 2795489
1 7714275
1 2037127
1 3936466
1 916280
1 4943723
1 6302402
1 7767456
1 2975211
1 663225
1 9211775
1 8646886
1 8891761
1 2312719
1 148204
1 4847463
1 5356189
1 7845054
1 5940878
1 3262291
1 5844412
1 4573845
1 5959667
1 9642311
1 1508165
1 1408725
1 5560620
1 8126643
1 119751
1 7719569
1 1211674
1 8004443
1 5100353
1 915001
1 6336389
1 9318141
1 9880627
1 7855012
1 1866080
1 5522139
1 514477
1 6527274
1 5180053
1 4653961
1 5784328
1 9388471
1 5454402
1 5711632
1 4788822
1 8923383
1 6570210
1 6031374
1 6968529
1 6677786
1 7434207
1 9494920
1 187111
1 7661872
1 7927796
1 475077
1 6741508
1 9190134
1 2245835
1 3571617
1 8888959
1 8167202
1 7808651
1 9117562
1 8051757
1 1321483
1 85807
1 9900857
1 766369
1 9298019
1 6242718
1 5336641
1 9725571
1 45309
1 5080532
1 4067976
1 3661679
1 8571948
1 2022619
1 125950
1 8521228
1 3172369
1 7589594
1 4461529
1 3959305
1 5404370
1 8162664
1 1769501
1 7029680
1 2349320
1 8473274
1 7812029
1 5114930
1 5972726
1 9665808
1 5706237
1 5161082
1 7605033
1 83144
1 8828081
1 6312075
1 1642307
1 616338
1 455284
1 5346721
1 9439616
1 8061674
1 6584845
1 9361979
1 5067006
1 1921986
1 1027644
1 842713
1 8567590
1 7717147
1 5771762
1 3200669
1 2538438
1 2845991
1 4902037
1 3085323
1 6621389
1 6466532
1 4663283
1 3865023
1 9322047
1 6640606
1 3751008
1 4149136
1 280813
1 3123814
1 8850482
1 201374
1 6927475
1 2833476
1 2072966
1 4990989
1 6545091
1 8897378
1 5182707
1 2308187
1 2357371
1 6140045
1 2304023
1 3880623
1 7371211
1 4054569
1 2687990
1 9503520
1 9245554
1 4093982
1 4178365
1 3607250
1 5251341
1 8984664
1 7222409
1 3389404
1 4667129
1 233403
1 1636417
1 6937338
1 959895
1 1695538
1 754349
1 3092706
1 5569923
1 3082986
1 136003
1 5202406
1 8679142
1 2634735
1 6719091
1 5757971
1 4785308
1 549096
1 4480000
1 2129324
1 6170192
1 6968684
1 7869387
1 6550405
1 4406373
1 7313805
1 1267671
1 6677633
1 9124596
1 862183
1 9681852
1 2363102
1 2707040
1 1434421
1 6883879
1 4950487
1 4214056
1 2566135
1 2243565
1 6031482
1 8864168
1 6764376
1 9861014
1 1394308
1 357666
1 162474
1 3163318
1 4669247
1 1445598
1 1632252
1 1533963
1 9102484
1 7352389
1 1178116
1 7323566
1 3636824
1 6619263
1 515768
1 7187105
1 7126415
1 5170849
1 6565883
1 886459
1 3953416
1 8750746
1 9428671
1 1335500
1 9083491
1 5141265
1 2892557
1 1222051
1 5353060
1 6719974
1 6390689
1 8936551
1 2893897
1 7715182
1 2664067
1 5564544
1 7758974
1 3030832
1 2401267
1 4365832
1 908103
1 8591632
1 7649153
1 9954345
1 5076927
1 7537966
1 2247679
1 8815283
1 6040432
1 7402518
1 891291
1 3866382
1 9181185
1 8056719
1 1918114
1 8471725
1 5321957
1 3371870
1 5977683
1 8459685
1 4056504
1 4594832
1 6544441
1 3627464
1 5855706
1 7402777
1 8533023
1 7873378
1 1791072
1 7935416
1 8575551
1 8066991
1 3882300
1 1004738
1 6682337
1 6117608
1 4892457
1 7891575
1 9731298
1 2271652
1 410634
1 5990852
1 5892097
1 3020462
1 8367292
1 4479117
1 8565200
1 2710345
1 4143249
1 1308705
1 4048585
1 3076527
1 3024068
1 1244851
1 9310005
1 1920255
1 1490741
1 4283973
1 3676353
1 5890516
1 56704
1 3588353
1 131759
1 9797973
1 3032530
1 1184354
1 7354659
1 4919816
1 316505
1 1568200
1 5105301
1 6946751
1 8752021
1 5802053
1 2868150
1 9609099
1 2469442
1 6303501
1 8343250
1 5236394
1 5633668
1 7617023
1 1528129
1 9461972
1 1665440
1 4560160
1 2719466
1 5379268
1 7006412
1 4344865
1 1978227
1 4856879
1 5490214
1 9020482
1 1670930
1 4312988
1 2863099
1 1527672
1 6959931
1 6572923
1 9208255
1 4055089
1 9586868
1 7268252
1 8652445
1 9997526
1 907550
1 7619322
1 4426868
1 6217009
1 4282157
1 7122114
1 8544425
1 4613541
1 3258770
1 8775002
1 9629045
1 3598169
1 2407178
1 6744246
1 6926067
1 7578978
1 4440412
1 5044183
1 7586949
1 3443775
1 1077056
1 2930762
1 3556216
1 1187920
1 5725483
1 7408805
1 5936362
1 5137203
1 1230800
1 9949093
1 2876376
1 8979066
1 762585
1 1811955
1 6324442
1 2467931
1 3459171
1 34206
1 5322399
1 2101539
1 5323173
1 6683576
1 9275833
1 5893453
1 8096809
1 3526554
1 8988310
1 7627245
1 3887
1 7818230
1 1371196
1 9127347
1 1386385
1 401533
1 9562324
1 3270174
1 1589468
1 6106184
1 7093192
1 4231200
1 4106709
1 5475694
1 479150
1 7754888
1 8243571
1 1449654
1 9986873
1 3595366
1 9035822
1 7575485
1 8124550
1 1758802
1 2868170
1 1981843
1 4680017
1 4270181
1 726412
1 7214694
1 8718470
1 8310402
1 5284665
1 8955548
1 5260957
1 7291569
1 8230347
1 7955482
1 2221802
1 8742397
1 3354620
1 2343612
1 7407216
1 5437290
1 157768
1 2980663
1 6961728
1 5510120
1 6940138
1 870745
1 6832005
1 8987241
1 7519556
1 135715
1 4706974
1 4905263
1 4914954
1 8298955
1 7233468
1 7027475
1 8933128
1 6272530
1 67800
1 7907608
1 227208
1 7434398
1 6424479
1 1394509
1 1189083
1 635922
1 5648697
1 7194234
1 9936408
1 9791961
1 4819295
1 655327
1 1206961
1 9113668
1 297915
1 211852
1 471678
1 5306691
1 9515978
1 3749350
1 6849462
1 4758099
1 3162242
1 3050947
1 6468760
1 902211
1 4833937
1 9279047
1 9980100
1 5620277
1 3093591
1 8723424
1 7832997
1 3013862
1 8580865
1 211963
1 7581185
1 7139751
1 2193304
1 6086905
1 4296289
1 6603860
1 6731477
1 9721383
1 687663
1 2683495
1 7140353
1 2422256
1 7280707
1 3574605
1 4378270
1 6335970
1 3040386
1 4241473
1 9748115
1 7164188
1 5955209
1 1560306
1 9150731
1 9542878
1 2997635
1 5349673
1 9168470
1 8870806
1 8467781
1 8638031
1 7985547
1 9733372
1 6548660
1 7046856
1 6729834
1 4284113
1 8906520
1 5830634
1 5574767
1 825351
1 1146360
1 8993903
1 2567436
1 9160048
1 2561995
1 1656211
1 9077387
1 330707
1 1536492
1 4295567
1 5901660
1 9536289
1 3666909
1 465711
1 9711277
1 4736547
1 6115258
1 9479345
1 2729508
1 5793503
1 9574437
1 3913598
1 3794368
1 7171239
1 6934411
1 5634224
1 7284705
1 6797051
1 2177230
1 7496577
1 8744754
1 8163522
1 4825426
1 6038462
1 4155860
1 3956117
1 9579412
1 6538676
1 1331670
1 2298889
1 3222606
1 5495791
1 4350455
1 3792860
1 6213725
1 3402937
1 4596054
1 8288743
1 5549351
1 7564025
1 5920385
1 7774865
1 6272535
1 5688621
1 5200003
1 9385284
1 9542239
1 9514455
1 9455995
1 2651089
1 7419010
1 4741877
1 968607
1 2115248
1 4124352
1 5978599
1 37356
1 7273977
1 8335511
1 2337153
1 488350
1 601577
1 575834
1 8697333
1 4540485
1 553758
1 8700110
1 616188
1 4041166
1 9095395
1 4390225
1 2532453
1 782717
1 4380842
1 1216549
1 1093490
1 5265859
1 9296786
1 9169054
1 7861228
1 6489587
1 6608607
1 1000628
1 8467158
1 2833170
1 157714
1 121155
1 9041121
1 3156770
1 1464171
1 7029110
1 4155732
1 3347862
1 6879982
1 3847513
1 5303494
1 9104218
1 1343776
1 6211850
1 8383609
1 3470177
1 1096725
1 7999298
1 9520689
1 988089
1 6251406
1 6106945
1 6455453
1 9780742
1 8553248
1 840483
1 3580467
1 3281530
1 2376780
1 3338859
1 1905394
1 7731396
1 3946313
1 1864675
1 1572635
1 1913224
1 6198337
1 3220016
1 1434514
1 3114027
1 3650802
1 3520503
1 6372910
1 6902283
1 7650250
1 8328776
1 7322082
1 7765627
1 4169751
1 1245668
1 1451114
1 1685241
1 9530143
1 3794981
1 8854191
1 8594380
1 6049274
1 9371911
1 1532031
1 5518935
1 4610272
1 2773352
1 45783
1 8813788
1 245791
1 7183314
1 7951651
1 6123811
1 3160681
1 6982647
1 1206966
1 1167200
1 1863260
1 4592126
1 4685500
1 9507461
1 6996670
1 585714
1 2432671
1 8989860
1 8199665
1 2533475
1 7837926
1 1026744
1 6076433
1 234905
1 1800817
1 3198476
1 888525
1 7610040
1 5182734
1 8962999
1 4922955
1 9570916
1 4476484
1 2597096
1 4383240
1 7639466
1 3508850
1 2377999
1 7801603
1 9567063
1 7298099
1 9738130
1 8158537
1 3141352
1 1387913
1 349775
1 7133637
1 9100903
1 4809483
1 662010
1 8496082
1 8146334
1 1483867
1 9595544
1 8209870
1 4836094
1 2821452
1 1717114
1 3947138
1 1228273
1 9379574
1 7070011
1 1845987
1 1995532
1 5610851
1 5616351
1 1099928
1 4667132
1 7716839
1 5288580
1 9817944
1 2735787
1 4535914
1 6330479
1 889520
1 3909114
1 7612984
1 938285
1 9151194
1 1487835
1 8557415
1 843094
1 2303642
1 4574318
1 5670278
1 3815225
1 3104355
1 5305946
1 7081733
1 8476191
1 4961316
1 2266069
1 3894125
1 5866123
1 7774545
1 3100410
1 752302
1 9524452
1 6375043
1 9302563
1 7470845
1 6910757
1 1481697
1 7328310
1 6987508
1 1442328
1 3835405
1 2390015
1 3487261
1 2663017
1 5539707
1 8274229
1 233073
1 5236149
1 4599742
1 8758105
1 3787956
1 3780431
1 9746837
1 9716363
1 298211
1 7547937
1 9086359
1 6981354
1 80346
1 9807424
1 4338417
1 2324786
1 2685857
1 51139
1 5750406
1 1568823
1 8282162
1 8122497
1 5278332
1 8883188
1 3227501
1 8489332
1 481415
1 4267508
1 2616345
1 2482537
1 4434493
1 806768
1 8662494
1 5973130
1 6062350
1 9044081
1 9335930
1 2295527
1 6003357
1 714658
1 2791928
1 3635657
1 2504853
1 3530246
1 8243528
1 9572114
1 3028444
1 3689385
1 7919828
1 6723031
1 4511551
1 9716894
1 9460008
1 1811757
1 2531984
1 4440407
1 2823301
1 2584435
1 1395327
1 7258694
1 403519
1 2306505
1 4972939
1 4566300
1 4886921
1 6960567
1 7287225
1 4908157
1 6260218
1 2636183
1 3956636
1 6059724
1 4114459
1 1241025
1 415674
1 9917872
1 5985041
1 5689591
1 7665191
1 8249688
1 1012346
1 4572099
1 3380462
1 3348351
1 2678350
1 2194078
1 9063930
1 6365276
1 9974449
1 9803916
1 3395349
1 405181
1 6232860
1 5833146
1 7159680
1 78667
1 8172649
1 3401692
1 3307940
1 7265321
1 570250
1 1960918
1 2234019
1 7866302
1 7842488
1 1716226
1 2655463
1 119087
1 6202348
1 8904388
1 7437147
1 8602896
1 2704616
1 4170758
1 9391887
1 507836
1 5332637
1 5198107
1 693798
1 6329820
1 841912
1 4972137
1 3069593
1 247630
1 3541389
1 7901957
1 3028119
1 3193774
1 6589497
1 3848833
1 8467383
1 5692465
1 9869840
1 533420
1 9322529
1 3918609
1 3242973
1 4473198
1 7429482
1 8009392
1 3169586
1 3574284
1 4842623
1 1045285
1 8316234
1 3289426
1 5975536
1 449439
1 119354
1 3415349
1 3921492
1 8735766
1 8542199
1 3940446
1 5081186
1 6595141
1 8966052
1 1912585
1 1748233
1 4652391
1 4433060
1 7693267
1 6153813
1 7672083
1 1966437
1 8358132
1 5661368
1 9387707
1 7735785
1 1877699
1 2529471
1 7811490
1 1022728
1 3706949
1 7095316
1 6000683
1 2701142
1 4088337
1 5459178
1 937467
1 9765728
1 1704884
1 8462085
1 4013446
1 7554962
1 6263775
1 3901546
1 7446946
1 7686105
1 2494961
1 5584294
1 3305261
1 9992476
1 4016950
1 419248
1 3959974
1 5445777
1 9760809
1 1186160
1 5176926
1 9534020
1 4903310
1 5603729
1 9674076
1 211405
1 5564416
1 8139160
1 5472745
1 7912610
1 6385601
1 1052408
1 3040190
1 2304288
1 8077769
1 2864488
1 2947774
1 9881345
1 83027
1 2906482
1 9388187
1 3350485
1 7404975
1 7034398
1 8572609
1 9834288
1 8725632
1 4831913
1 1436269
1 3216403
1 9145741
1 4122306
1 8425065
1 3642575
1 3022786
1 1431895
1 7620355
1 3574927
1 4326635
1 3285534
1 3658490
1 9540356
1 5227723
1 2503461
1 5095673
1 3090410
1 8740606
1 1184376
1 4103409
1 5227611
1 9414063
1 5366987
1 3658436
1 3785417
1 5094262
1 9521491
1 941567
1 5758360
1 8205548
1 8506952
1 7083852
1 4709265
1 870004
1 184552
1 415766
1 3330835
1 315494
1 7596006
1 1013013
1 3150414
1 4685982
1 1559303
1 4102032
1 3536137
1 8394788
1 633094
1 9895368
1 4173824
1 1933743
1 29839
1 3330865
1 82307
1 9390261
1 7172635
1 9991199
1 5912330
1 6697873
1 6025632
1 8127746
1 2479036
1 2622724
1 672973
1 253610
1 7426129
1 1072114
1 4558993
1 6186935
1 7748604
1 2222403
1 5655167
1 5026670
1 5510186
1 1412951
1 4943910
1 3087163
1 1576184
1 833951
1 8823485
1 4870314
1 7321694
1 5714297
1 4812514
1 7152032
1 9368129
1 1737709
1 442387
1 8973264
1 4667099
1 371515
1 3042856
1 5158157
1 2929758
1 2401673
1 4470216
1 981087
1 24467
1 9398890
1 6850173
1 9314066
1 4724104
1 1221511
1 1796324
1 5271780
1 8833668
1 7395495
1 1430506
1 2929677
1 6517755
1 2316040
1 7754649
1 3617123
1 4946264
1 2500001
1 1166659
1 2808539
1 3944143
1 3458312
1 3615778
1 1336686
1 8005723
1 4942506
1 5971249
1 7470173
1 7841580
1 7261854
1 5909843
1 6375888
1 9373102
1 5120004
1 6764669
1 3871866
1 5969313
1 8411736
1 4709889
1 8970358
1 7358393
1 8438382
1 833171
1 7004034
1 7686627
1 1922749
1 2962462
1 7457113
1 8001150
1 9344919
1 4982627
1 9030603
1 1510782
1 4737165
1 1459000
1 7046553
1 3164952
1 3859705
1 6511308
1 2845817
1 4278675
1 5760489
1 5336080
1 3737800
1 4114671
1 1487412
1 2329967
1 7496630
1 3637381
1 9130941
1 6387739
1 3821685
1 4719537
1 7195929
1 8983068
1 2493046
1 2067582
1 840588
1 1769212
1 5858253
1 5393328
1 9973631
1 8144668
1 8594108
1 9066542
1 119637
1 1558010
1 886719
1 3755821
1 5258773
1 6123263
1 4944049
1 6356077
1 9474975
1 7601046
1 5028133
1 5763705
1 4994547
1 3793848
1 1589894
1 9317335
1 2793251
1 1787581
1 3231232
1 2080320
1 3246590
1 2985849
1 203379
1 2397798
1 5371781
1 1681888
1 4026575
1 3957851
1 7408642
1 2911813
1 9371217
1 3177976
1 390834
1 3760696
1 8499735
1 3457846
1 6011226
1 5786058
1 4580399
1 5266138
1 1507733
1 1775946
1 518619
1 7560045
1 7762864
1 7560406
1 8709176
1 8195442
1 5681066
1 8275882
1 8928707
1 9806965
1 8190151
1 9485889
1 3891874
1 7553784
1 5164077
1 8795107
1 5217595
1 3442214
1 243435
1 6101508
1 7154660
1 7889965
1 2433716
1 2371171
1 5063754
1 8113632
1 6484506
1 2061196
1 4197099
1 894803
1 1525111
1 6572634
1 9427135
1 6305670
1 9902032
1 5818189
1 6337544
1 7534643
1 1416977
1 9870204
1 4560782
1 5557724
1 503919
1 5552586
1 7392199
1 6714196
1 6663203
1 1872178
1 7840642
1 9297252
1 117090
1 6193313
1 9392416
1 6290212
1 165141
1 4428262
1 7596227
1 7342621
1 4982729
1 6182822
1 5774760
1 6575416
1 3511929
1 2666561
1 8408634
1 6102530
1 5197925
1 8381801
1 7748241
1 5698444
1 2168261
1 5000096
1 6019587
1 8630217
1 4051690
1 6765924
1 8601390
1 6553677
1 2024579
1 6429580
1 7538931
1 1633765
1 2554510
1 5798290
1 8263289
1 492290
1 632348
1 7609992
1 3394118
1 9875768
1 6367300
1 9676440
1 9386032
1 7342042
1 2255715
1 7233586
1 1633123
1 6257555
1 4954959
1 9119480
1 893541
1 5282148
1 3375975
1 1619561
1 6753578
1 5950853
1 1514100
1 3876050
1 670469
1 8343717
1 2299686
1 5668172
1 7327517
1 37236
1 2573597
1 1048295
1 8465584
1 1279505
1 3739529
1 4043132
1 1055937
1 6298997
1 8555052
1 9870155
1 3808931
1 4797489
1 5050850
1 6882664
1 7841802
1 8729680
1 1915673
1 6544932
1 4366049
1 4699714
1 5294139
1 6542156
1 3791842
1 3695591
1 3839362
1 6567972
1 827757
1 957394
1 1188636
1 6748116
1 2451376
1 691305
1 1991389
1 2303943
1 7919036
1 7562603
1 6594691
1 3347627
1 6809962
1 8632014
1 5987009
1 6057296
1 896757
1 5373370
1 7652538
1 900399
1 4001634
1 8476075
1 1677552
1 1198787
1 9392519
1 8059985
1 8011486
1 3929065
1 579243
1 6171106
1 1535064
1 1811262
1 3571677
1 8892318
1 5042683
1 6834467
1 7159240
1 1607592
1 925453
1 4814368
1 2918801
1 2356888
1 796279
1 971937
1 548526
1 7625666
1 8386958
1 7196658
1 2773474
1 4046270
1 5561610
1 1924235
1 1843070
1 9045326
1 7743394
1 8565016
1 9290728
1 4983642
1 6962225
1 5427078
1 3440975
1 8291298
1 961004
1 2248274
1 691311
1 4908497
1 9593903
1 6762655
1 4183140
1 2706625
1 3272088
1 6346607
1 2883888
1 6547393
1 8135348
1 3478492
1 959958
1 3145801
1 8569756
1 7838032
1 2923945
1 2361063
1 3307091
1 1629532
1 7116548
1 1779171
1 7067293
1 4094989
1 4432032
1 4143456
1 6678168
1 6194860
1 8739594
1 8089417
1 7516481
1 4313729
1 217862
1 8577563
1 5648685
1 6842817
1 2032562
1 9370853
1 9576431
1 7583746
1 8668146
1 9052266
1 7556303
1 539382
1 2542255
1 1893848
1 9386123
1 5242206
1 4937757
1 8035511
1 4892511
1 3184636
1 6938782
1 2456638
1 4002084
1 6995
1 9800756
1 8716096
1 9109038
1 549155
1 44846
1 5188989
1 1652044
1 766420
1 8814451
1 2538789
1 4241951
1 6486780
1 8822987
1 5463617
1 4458416
1 8693439
1 712284
1 9395161
1 2329406
1 5447232
1 4362408
1 9388237
1 7582080
1 2129919
1 6918669
1 4429019
1 8114277
1 9942679
1 7193987
1 8440237
1 8883553
1 2700664
1 875780
1 4754279
1 4087408
1 1309400
1 6014957
1 3175488
1 2475153
1 7380911
1 9866256
1 6098722
1 9992719
1 9465396
1 3475789
1 353335
1 2965942
1 8320189
1 7088162
1 6821197
1 34535
1 695014
1 5793876
1 7615468
1 9671525
1 8265789
1 2231360
1 1209900
1 8931536
1 3425183
1 2482475
1 3901035
1 2877450
1 1799804
1 8177464
1 2536095
1 4744458
1 766227
1 4789682
1 4731470
1 4996001
1 8067673
1 9596848
1 6214028
1 5295593
1 5474514
1 9549779
1 7370628
1 2842165
1 3615150
1 2437036
1 3161049
1 1116507
1 2727078
1 2625516
1 9058351
1 9902261
1 9207932
1 6977841
1 7432090
1 4347625
1 7896907
1 6611701
1 3064444
1 3821087
1 7975485
1 5786079
1 7808646
1 5660158
1 6601973
1 6463831
1 8617080
1 484566
1 2257997
1 5820655
1 5745966
1 4347525
1 1710629
1 1382163
1 6212714
1 297679
1 855996
1 8921900
1 2250756
1 1278035
1 2588511
1 8416424
1 9993818
1 4066230
1 2179990
1 4611026
1 1249500
1 2366125
1 525325
1 9945942
1 1724624
1 7125476
1 9042778
1 6782058
1 2816336
1 6208246
1 5749767
1 3052265
1 5067573
1 4379316
1 434018
1 3426222
1 997124
1 7823467
1 2291493
1 3063623
1 3303350
1 2229985
1 4198216
1 6193367
1 2117046
1 7756745
1 9717669
1 7661327
1 8946131
1 5463373
1 4652805
1 6061434
1 8661163
1 7536619
1 8186260
1 5560515
1 4805993
1 2457686
1 1507357
1 6498405
1 2029827
1 5863505
1 9257031
1 8779846
1 3188055
1 1019437
1 1665679
1 9291228
1 2237520
1 6123617
1 5204208
1 8207672
1 1045795
1 8740349
1 5891492
1 7201260
1 3514324
1 559832
1 5176652
1 3511847
1 1981413
1 9101482
1 6529284
1 201630
1 7339912
1 9055918
1 5343053
1 4242680
1 3563557
1 4033216
1 3267320
1 7682311
1 4409299
1 4112907
1 5308018
1 649698
1 7685446
1 7917126
1 1436947
1 1310078
1 614914
1 8903547
1 9737452
1 202147
1 5576581
1 5030196
1 4655434
1 827051
1 3632306
1 2151464
1 2823533
1 2669646
1 8831575
1 5741866
1 6289027
1 7352891
1 782822
1 5781739
1 6080976
1 92440
1 1330544
1 2005074
1 7826318
1 6439461
1 6194706
1 162106
1 8109046
1 473063
1 671076
1 9290198
1 6149232
1 88970
1 7895423
1 6565370
1 7655968
1 1562732
1 1547797
1 2996448
1 318245
1 9133380
1 7644764
1 3275271
1 6238466
1 853993
1 6660773
1 6354396
1 2620825
1 8786598
1 6504462
1 6308041
1 9826326
1 342829
1 7036265
1 3597437
1 2414724
1 7750196
1 7859310
1 5926645
1 2023550
1 1803536
1 2143677
1 269080
1 164287
1 763316
1 1586191
1 626800
1 2942715
1 5905812
1 4782128
1 5854438
1 3142111
1 1224807
1 2618968
1 5798144
1 4743824
1 8483504
1 4184590
1 4621912
1 3360845
1 7096210
1 4774517
1 7254586
1 8138134
1 280114
1 7719456
1 8579003
1 8190721
1 8851843
1 3273671
1 1620062
1 6772844
1 325346
1 2203397
1 7237411
1 735939
1 7459543
1 9066463
1 3179438
1 5330710
1 6788268
1 9258881
1 8475256
1 1279905
1 2749803
1 4574298
1 2699142
1 1745221
1 7637229
1 166397
1 9044946
1 7628332
1 3807128
1 7371363
1 2512037
1 205134
1 4352852
1 1948113
1 2183731
1 2022823
1 3487041
1 9580347
1 6694330
1 2248360
1 4270610
1 9064980
1 8397132
1 8709243
1 1723453
1 822810
1 5482698
1 740047
1 2854313
1 6861945
1 2187626
1 266867
1 1246827
1 7863345
1 2065261
1 9666674
1 2739952
1 677343
1 1861568
1 6968860
1 7070224
1 317087
1 4204995
1 4236890
1 779806
1 5788825
1 2909358
1 7055497
1 3704043
1 7702589
1 8690143
1 6046153
1 2318957
1 1229866
1 9988000
1 1318926
1 9304305
1 703700
1 4667921
1 3845067
1 578555
1 6887334
1 5259338
1 8081043
1 6921802
1 8537278
1 4336045
1 5619350
1 225424
1 7627514
1 168755
1 8479555
1 2716761
1 277035
1 2957911
1 6675342
1 6492335
1 5451170
1 2844476
1 9404680
1 2241
1 1746150
1 6491024
1 2188269
1 2215083
1 4982250
1 76370
1 384136
1 322484
1 5857578
1 8336770
1 4224952
1 6210856
1 1652597
1 8359179
1 9197606
1 4406724
1 1316156
1 2574451
1 1613631
1 8718045
1 5749616
1 6901917
1 5004905
1 1133083
1 270876
1 801159
1 7646170
1 994900
1 4958813
1 4467689
1 4915595
1 5908020
1 7557771
1 4987694
1 3735637
1 1205405
1 3943093
1 2030815
1 9619529
1 3201789
1 3419662
1 6679257
1 2457787
1 2984772
1 7338623
1 5020764
1 8371680
1 324269
1 6398232
1 1373191
1 4983790
1 2258480
1 9763200
1 4988123
1 4897525
1 1294062
1 5750025
1 6087786
1 8985194
1 7368342
1 1202123
1 4554286
1 6811919
1 1249000
1 155504
1 4991102
1 5733304
1 1125745
1 3182778
1 8737220
1 4347151
1 4404728
1 6646995
1 6612970
1 2333617
1 7528244
1 4964471
1 8137991
1 2331844
1 9186710
1 8207726
1 7966219
1 7990250
1 5988425
1 9682448
1 4027313
1 2924562
1 8688292
1 7284222
1 3486667
1 1347404
1 3747371
1 3538261
1 4730710
1 9633607
1 1144264
1 9961466
1 3665638
1 1402458
1 40376
1 9178154
1 5595345
1 6504603
1 6421271
1 229143
1 2388834
1 3098254
1 9069958
1 6752032
1 8557307
1 1936330
1 6218299
1 6146003
1 2493723
1 7366315
1 9785335
1 8871342
1 9990521
1 849702
1 7524267
1 8589679
1 5465360
1 8630644
1 1127230
1 6606851
1 3380506
1 5685747
1 8456285
1 3974525
1 2668591
1 2322000
1 5461810
1 840833
1 1860498
1 6936280
1 9874732
1 8116482
1 2328441
1 6615161
1 7743894
1 1404710
1 65115
1 2706544
1 7448683
1 1787800
1 8063537
1 4428177
1 3425479
1 3359697
1 7013361
1 6299464
1 5385966
1 9664669
1 3250549
1 8687256
1 5249839
1 2526167
1 2785268
1 6576691
1 5971661
1 8752636
1 2545643
1 9802846
1 5150313
1 6746088
1 3780488
1 249142
1 7492886
1 6657012
1 229113
1 4184740
1 7231978
1 4816938
1 8542825
1 3522608
1 3472386
1 3995629
1 2682862
1 498595
1 8870513
1 3295617
1 6491191
1 3953557
1 5348406
1 1769767
1 1476507
1 3936469
1 1262263
1 5083270
1 8901133
1 2286198
1 5083875
1 372083
1 6540487
1 9564186
1 6105570
1 4781758
1 6894093
1 4256182
1 8328552
1 3142944
1 5980363
1 6765170
1 3444647
1 7664044
1 1757079
1 7925386
1 2725335
1 2746360
1 5271529
1 2648959
1 7750069
1 4052914
1 5016254
1 5062993
1 5448690
1 9886746
1 7145528
1 3987024
1 9059873
1 4974256
1 5363841
1 7996626
1 9245745
1 904253
1 2436978
1 6604091
1 1163360
1 4593326
1 6855585
1 8119634
1 5059065
1 1950067
1 8706259
1 4648214
1 8457866
1 3039970
1 5632734
1 4721647
1 9294479
1 7791993
1 5792610
1 8677757
1 6243291
1 7276849
1 9520960
1 4803899
1 6187541
1 6969280
1 7814753
1 7633890
1 8601483
1 1533787
1 337412
1 1654516
1 8022514
1 1652
1 1328051
1 9204263
1 3940479
1 4211357
1 8278855
1 2106565
1 2332021
1 2295087
1 9707699
1 1408528
1 5221864
1 3510880
1 1626436
1 7805902
1 6384495
1 7323424
1 8744503
1 7440788
1 8134781
1 6971161
1 8466798
1 6065633
1 972528
1 7917730
1 4630814
1 6795601
1 5224370
1 8655821
1 1451892
1 8540340
1 7071858
1 3975264
1 6886587
1 993794
1 3957726
1 1519747
1 4748074
1 2031709
1 1471899
1 116806
1 5951634
1 4714393
1 8122354
1 8582263
1 1615740
1 1172423
1 5934724
1 6097074
1 4423484
1 8731156
1 6051872
1 2532543
1 6439820
1 4762485
1 4570851
1 3974715
1 4064271
1 7553635
1 8087248
1 5010085
1 7659092
1 194263
1 8996420
1 9970191
1 5670069
1 3178193
1 9238250
1 4493188
1 5036829
1 1670152
1 1275279
1 963886
1 2597797
1 7763898
1 4100278
1 2832073
1 1589274
1 2997321
1 5221359
1 5880469
1 3231723
1 7364848
1 7777498
1 3118059
1 9566843
1 2703250
1 3571837
1 4893526
1 8395046
1 7925074
1 3549882
1 8471538
1 283816
1 7784433
1 5392085
1 9654544
1 3339400
1 6534422
1 570458
1 9527976
1 6054382
1 5285338
1 807501
1 4231725
1 2954545
1 4780617
1 6897671
1 7270973
1 3136985
1 8945926
1 9730658
1 4075729
1 1652905
1 9918387
1 4518080
1 6095959
1 425976
1 694200
1 9593578
1 1844356
1 4820221
1 5492821
1 8421651
1 7125395
1 9689019
1 560934
1 1385784
1 2314317
1 2420327
1 7860599
1 8848783
1 7592542
1 6455444
1 2906499
1 4411896
1 7777540
1 839999
1 9904298
1 6070803
1 7773803
1 7968881
1 3730968
1 8156122
1 8340430
1 1294927
1 2161698
1 445494
1 4628872
1 504174
1 9995126
1 3110083
1 5119154
1 3252782
1 4170687
1 5722346
1 4260783
1 2937730
1 4473372
1 8084028
1 7592123
1 2303202
1 8460965
1 950320
1 6104403
1 9717810
1 4666439
1 2977428
1 8458323
1 2694395
1 5913223
1 4155750
1 8797069
1 6437107
1 3989325
1 6258124
1 6150176
1 1019488
1 3736300
1 4982858
1 4258918
1 1013590
1 8286950
1 3954957
1 4424727
1 3558059
1 8080621
1 2632701
1 8739852
1 7513825
1 7814389
1 6412270
1 9512513
1 7804737
1 6364376
1 6905298
1 6575469
1 8460054
1 1931835
1 7622770
1 8458935
1 5861716
1 4357964
1 1949544
1 54883
1 6039810
1 3444618
1 8328370
1 5439731
1 7837522
1 2618566
1 2071587
1 8527929
1 4134593
1 3778839
1 649240
1 4792158
1 1389266
1 266785
1 5684281
1 7962364
1 1435548
1 5215306
1 8187109
1 971194
1 5231128
1 2754748
1 8170277
1 2964141
1 2806830
1 7069043
1 5308649
1 1810116
1 2704415
1 7975824
1 5378820
1 1668696
1 2848535
1 6334231
1 832206
1 7666385
1 7799523
1 1689053
1 4626229
1 8562706
1 4703274
1 6438045
1 4247897
1 7579771
1 6524635
1 4623186
1 2238780
1 9500845
1 4098233
1 2912384
1 9969611
1 2176231
1 3667519
1 9098784
1 2665243
1 7556657
1 5622320
1 2608241
1 4845839
1 2138349
1 3684224
1 4894842
1 6774009
1 8266997
1 3764550
1 3535680
1 1117182
1 3649659
1 6954084
1 7482406
1 9993954
1 5876690
1 7467866
1 965409
1 3967564
1 9440090
1 8038278
1 8859135
1 9563248
1 7553586
1 2390517
1 2864591
1 7291717
1 4113239
1 1743837
1 1983431
1 2538295
1 6197161
1 3078709
1 7448775
1 3228716
1 9463667
1 2316113
1 2217255
1 5049947
1 7659019
1 5504194
1 3942325
1 8777571
1 4864598
1 6470254
1 1911027
1 3363137
1 1104957
1 4181431
1 8721116
1 7765548
1 5204735
1 2925702
1 4480643
1 1004699
1 7892378
1 7559291
1 7054805
1 1744215
1 3295996
1 2183738
1 9839156
1 7939070
1 9364342
1 9732855
1 3438852
1 5785916
1 2125871
1 6553598
1 2650662
1 5080813
1 9344684
1 5082946
1 2552971
1 8646451
1 5470748
1 4507431
1 7503092
1 3295816
1 5422979
1 9707231
1 1215172
1 8849828
1 6962477
1 688146
1 5453596
1 220832
1 5752180
1 2494241
1 5602662
1 4265328
1 1520695
1 3497136
1 1362149
1 2012285
1 2244964
1 9374715
1 3854645
1 5479171
1 8601171
1 2350516
1 1470128
1 5231544
1 3075104
1 3429889
1 3015965
1 3483773
1 3256351
1 9005536
1 4274247
1 6695313
1 3441229
1 5125127
1 3386390
1 5099986
1 9626460
1 3586289
1 2519956
1 2976235
1 3368881
1 367555
1 7049775
1 3927660
1 9448113
1 7134966
1 7800309
1 3636583
1 1818756
1 3012418
1 9315226
1 7980039
1 4796785
1 2239846
1 6105425
1 2508804
1 4215544
1 4745362
1 4389697
1 2233811
1 5735051
1 1011706
1 3602144
1 7627458
1 4765468
1 6782215
1 5614064
1 7371624
1 6962479
1 6861784
1 9481984
1 1317157
1 9971334
1 3664970
1 5748551
1 7085303
1 7514615
1 1156438
1 4519267
1 883155
1 18232
1 5063723
1 2296164
1 5742649
1 841127
1 7841910
1 5760144
1 7781646
1 2994882
1 5750729
1 8192241
1 8530361
1 8625182
1 6355995
1 9932503
1 6497085
1 5969352
1 5745281
1 1819577
1 9756039
1 5919984
1 1423263
1 504399
1 5665223
1 6386564
1 1939803
1 5953289
1 7145432
1 281499
1 5469924
1 1414152
1 6972665
1 9745484
1 6126952
1 740190
1 6349386
1 3296422
1 2776541
1 5973789
1 4657944
1 9226754
1 3669501
1 7701583
1 1859770
1 3876488
1 6611562
1 3771291
1 283108
1 3099635
1 4739473
1 1276254
1 5737405
1 8687054
1 1958525
1 3370805
1 4362152
1 4797932
1 7569031
1 8946654
1 3083752
1 1693653
1 7947633
1 2807046
1 9696887
1 2639631
1 8377066
1 7196481
1 7667840
1 9041658
1 2365890
1 5174828
1 2912689
1 1865590
1 2320337
1 9584505
1 5922046
1 8506156
1 5553821
1 6668006
1 9531254
1 2741976
1 8208614
1 9423529
1 7747732
1 5605371
1 7519748
1 2471777
1 4390885
1 6970689
1 5872517
1 6768339
1 1431716
1 4173985
1 4462360
1 9016941
1 1904608
1 1271553
1 7458212
1 7545433
1 8744091
1 360083
1 9706545
1 6397231
1 1530979
1 7156155
1 4884448
1 7090666
1 7153030
1 1240434
1 9775177
1 9454317
1 8087616
1 2955864
1 6460481
1 194026
1 4220376
1 6347313
1 4155852
1 5093961
1 9089170
1 7247534
1 613400
1 454219
1 3463860
1 8463393
1 296196
1 3116484
1 8653313
1 2822897
1 2638007
1 1222060
1 5939456
1 9400729
1 1613375
1 4898197
1 9747296
1 8796215
1 9897886
1 2249493
1 8225888
1 8354593
1 7291677
1 4603858
1 8958434
1 4313155
1 4140369
1 1126184
1 9603765
1 6964954
1 3865755
1 5653532
1 6524811
1 3614246
1 1345836
1 4631891
1 7387013
1 2523786
1 8212934
1 4762296
1 4268260
1 4028217
1 3867997
1 2173837
1 6068705
1 3534151
1 8639498
1 419
1 7301564
1 5668138
1 9846998
1 6329246
1 6778200
1 8044255
1 694561
1 3692067
1 5014049
1 8404751
1 3771504
1 4488912
1 9663736
1 336322
1 380495
1 4073235
1 8084971
1 3360372
1 8571122
1 3485620
1 1856100
1 2104044
1 1199067
1 8581870
1 2652077
1 2617773
1 8795567
1 6930996
1 1700981
1 3631620
1 9200928
1 783481
1 9174763
1 8718040
1 6673496
1 3342173
1 715788
1 3363880
1 1961414
1 7575835
1 5547668
1 9723674
1 2692372
1 5673364
1 7508684
1 4546541
1 8998080
1 809390
1 5712633
1 7306380
1 8491838
1 9642177
1 940352
1 7756237
1 6854556
1 5139290
1 5891319
1 82887
1 7336203
1 9264254
1 6079312
1 7664036
1 780770
1 7801768
1 8486713
1 8378930
1 5164496
1 9231343
1 6715100
1 7277565
1 2945355
1 9178060
1 639803
1 8930406
1 5720137
1 7103347
1 2923882
1 392
1 2243561
1 2110381
1 806895
1 3267254
1 2340776
1 3841734
1 1169160
1 5231395
1 7104391
1 1088958
1 3795017
1 4950614
1 1867522
1 8361205
1 5791065
1 7682921
1 7622675
1 6908446
1 5326413
1 1655964
1 3781262
1 590517
1 9535882
1 3609621
1 2199337
1 8601423
1 3281566
1 7597779
1 1907711
1 4233224
1 5568192
1 1599676
1 6409076
1 7673608
1 1119906
1 4290106
1 3044236
1 1233404
1 5769980
1 5803186
1 5072
1 6744464
1 9534736
1 712745
1 9277060
1 3072089
1 4656712
1 696526
1 20614
1 4183240
1 8369279
1 6571792
1 7960560
1 8453310
1 8712343
1 5905144
1 9043521
1 3989974
1 2901587
1 925040
1 6252072
1 3627963
1 723293
1 6534899
1 1406301
1 8933343
1 6524941
1 1783302
1 2613198
1 5290951
1 9458263
1 7473170
1 9243888
1 9032352
1 8459098
1 3334560
1 4650778
1 6390035
1 1837499
1 7138310
1 6140348
1 4491386
1 2942306
1 583477
1 6680893
1 9381451
1 4708845
1 7090617
1 4184680
1 4426085
1 5137221
1 428358
1 2645973
1 8639441
1 4933542
1 3205154
1 6092359
1 8381393
1 9617058
1 6448686
1 9327582
1 8369168
1 2380925
1 5977413
1 9570505
1 5027649
1 5424233
1 8254105
1 8100765
1 8097670
1 4502254
1 3978376
1 3289882
1 7953616
1 9518203
1 1605046
1 4002980
1 3991753
1 8009059
1 2749950
1 9170084
1 6254589
1 7522125
1 6528496
1 3895446
1 7134746
1 5655675
1 6105225
1 7587284
1 6910052
1 4601127
1 2910682
1 5088364
1 7360765
1 965269
1 998565
1 8214298
1 3253643
1 1532991
1 9664904
1 2382557
1 9891305
1 9325596
1 9172078
1 2715648
1 4078224
1 3602012
1 6852787
1 8298779
1 2510086
1 8847812
1 4687521
1 5466879
1 3691674
1 8997533
1 1975071
1 9699849
1 1866651
1 6607157
1 5426296
1 2712372
1 3496694
1 7655662
1 4682379
1 636686
1 7910782
1 4272567
1 2461946
1 6935020
1 66363
1 168282
1 3506972
1 4281016
1 6479158
1 9520210
1 5181802
1 637292
1 3076458
1 4043158
1 7668272
1 2922716
1 8730496
1 4940334
1 8954502
1 5112564
1 8463251
1 2899024
1 4455108
1 3931763
1 9564823
1 4435235
1 6428527
1 9656005
1 5860224
1 6653920
1 7468766
1 4639281
1 4544579
1 6392574
1 2321035
1 7687982
1 5154198
1 101555
1 9167630
1 6324212
1 9259200
1 1693813
1 5970767
1 9749607
1 1628802
1 1678683
1 4665339
1 6969510
1 335532
1 2476968
1 6477707
1 7715887
1 926571
1 7190327
1 2195251
1 2862107
1 7736642
1 1213001
1 2644017
1 2790830
1 4237296
1 4916485
1 2145221
1 8941695
1 6713730
1 7101764
1 4198132
1 1387637
1 3051375
1 4271777
1 6912766
1 6944908
1 2645517
1 7332474
1 303604
1 2150718
1 3798866
1 3800861
1 8084115
1 5782407
1 3620689
1 3646658
1 3819432
1 9468955
1 6575598
1 3028608
1 9399589
1 4252121
1 3631570
1 3732876
1 8224800
1 7544206
1 9312656
1 2141788
1 1270169
1 8858011
1 3671714
1 4654537
1 656677
1 2454851
1 9526074
1 550163
1 2004098
1 5506013
1 394853
1 8361614
1 9845816
1 7598952
1 3463131
1 4188723
1 1190182
1 5179605
1 6706713
1 9510355
1 937849
1 3717421
1 7974026
1 8960230
1 692682
1 5709648
1 5505970
1 6508178
1 337095
1 74000
1 171853
1 3974133
1 6068059
1 2266979
1 2321403
1 1855520
1 1463497
1 5298806
1 159694
1 4178009
1 1351014
1 3527313
1 7035882
1 4403145
1 6025727
1 9675144
1 3361665
1 7159321
1 6822958
1 8813101
1 1832601
1 3799893
1 8660319
1 5665016
1 4048396
1 2223344
1 9750351
1 3974497
1 4820010
1 4923854
1 3822873
1 3606082
1 7801626
1 9774004
1 3115426
1 9194692
1 8680205
1 3134152
1 837109
1 9490017
1 5933272
1 4850102
1 5964759
1 5558686
1 4783672
1 1526591
1 1711516
1 4937918
1 1031703
1 9075232
1 7429625
1 3912300
1 3393402
1 5378105
1 7271746
1 4448837
1 9217828
1 9817670
1 4611687
1 3420697
1 1008754
1 9253176
1 1347910
1 7168537
1 8481664
1 6751914
1 7938841
1 5167632
1 7341217
1 6331255
1 7492114
1 3940149
1 5570656
1 9903377
1 5882634
1 4798823
1 253638
1 8378436
1 1270824
1 8907705
1 1784506
1 3761846
1 7001400
1 4411690
1 4116884
1 4689774
1 6761253
1 2015284
1 7939507
1 970160
1 2533771
1 1880119
1 9602541
1 4429120
1 6286077
1 361042
1 2350958
1 1880318
1 8217725
1 3671905
1 7547177
1 8261555
1 4910278
1 8971540
1 6254998
1 8122050
1 5751112
1 5823016
1 4585817
1 9443373
1 1115669
1 2859462
1 3611242
1 3862733
1 6270610
1 3395802
1 4237495
1 4136860
1 2217654
1 5516808
1 3721149
1 8708433
1 1783123
1 1942747
1 445875
1 8083012
1 5593770
1 1698501
1 5060653
1 9506528
1 3159705
1 2771375
1 5575008
1 8032550
1 2051035
1 8008897
1 8588866
1 5384640
1 5838137
1 5922672
1 296524
1 9736104
1 670949
1 2191925
1 7357562
1 4987511
1 9743727
1 2504032
1 7971579
1 8511321
1 5835593
1 4037798
1 7688913
1 6461481
1 9148208
1 6322405
1 8686131
1 3718074
1 2429438
1 2854963
1 7319772
1 9545386
1 5205521
1 8154437
1 5954074
1 3876610
1 5647939
1 3540214
1 5762069
1 3490351
1 3856995
1 2630183
1 4422115
1 2621929
1 9510396
1 6061099
1 6479324
1 3652464
1 4854963
1 4091762
1 5242
1 4070154
1 3306479
1 7100150
1 6345403
1 5337505
1 6266449
1 8236224
1 617196
1 5475346
1 8132652
1 7646537
1 6178776
1 6224824
1 900656
1 6204563
1 5073564
1 1992227
1 2658419
1 7728342
1 371807
1 8229774
1 628323
1 9917040
1 2123118
1 5733646
1 2720599
1 7818489
1 3653479
1 4723264
1 1386580
1 1707765
1 6405258
1 8569304
1 5023858
1 5027909
1 8775495
1 3945629
1 5255765
1 483081
1 603141
1 2999340
1 5487951
1 8752059
1 4456806
1 457549
1 9354758
1 5502166
1 7005877
1 5739920
1 9418703
1 1754610
1 211691
1 8735562
1 9446933
1 7782606
1 5230866
1 6256713
1 4145572
1 8046533
1 2124509
1 7218976
1 5768587
1 6389475
1 1078689
1 4539201
1 7658634
1 2755093
1 2140484
1 6998414
1 967115
1 7591364
1 5079313
1 1754851
1 6287029
1 7082942
1 3596577
1 9756214
1 933135
1 8887200
1 4139238
1 3974208
1 4625712
1 475246
1 6286299
1 4492039
1 2295090
1 5695016
1 7116169
1 8807932
1 6465016
1 6455431
1 7422505
1 7828627
1 1153095
1 2342316
1 5779397
1 3442457
1 9315574
1 5502166
1 458198
1 288427
1 5610193
1 5770515
1 7526155
1 1956119
1 4216214
1 8294268
1 7539989
1 2859391
1 7898569
1 7859259
1 4295408
1 4815005
1 5155303
1 7564825
1 6196717
1 1708247
1 8953839
1 5854947
1 1174263
1 9096682
1 135536
1 5389079
1 1994932
1 4134813
1 813058
1 5062592
1 3740687
1 7537550
1 1429107
1 1356518
1 1595961
1 7998108
1 2078603
1 922203
1 5226936
1 4840879
1 854923
1 7194876
1 350793
1 8514536
1 3938244
1 1503805
1 5427216
1 8671561
1 2113563
1 757721
1 6680297
1 7900722
1 3911034
1 8290338
1 1416407
1 9299149
1 6694891
1 5898993
1 7944639
1 8250496
1 5291829
1 3002533
1 6577358
1 2792232
1 3726383
1 2413515
1 5853251
1 8957010
1 2174972
1 5505818
1 2411619
1 3160130
1 1587329
1 4109704
1 7472001
1 5673571
1 8026975
1 8767536
1 3303513
1 3200290
1 1707081
1 3535101
1 987760
1 945903
1 7526431
1 5309204
1 7006993
1 9469626
1 1700595
1 1906288
1 9456472
1 6124752
1 5407130
1 8861908
1 8702866
1 3826450
1 5335583
1 87625
1 2734152
1 7105318
1 3788508
1 6854055
1 6437664
1 5487306
1 9810345
1 974686
1 4759171
1 3437259
1 8018167
1 3934950
1 1111792
1 2358815
1 5421767
1 2357659
1 4007267
1 6543081
1 3550195
1 1496889
1 5493178
1 9218947
1 7255162
1 6398926
1 334855
1 3574816
1 6278874
1 2615404
1 5044822
1 6668120
1 2943568
1 3860132
1 4989160
1 7038936
1 7780160
1 4365046
1 9108787
1 1206535
1 4396787
1 8243362
1 4474880
1 5831012
1 6186846
1 3301570
1 9737070
1 4872964
1 4548121
1 3516053
1 7760672
1 3793836
1 9722639
1 1378412
1 3829132
1 8530144
1 2461916
1 3238873
1 2656862
1 7957696
1 9261367
1 9053025
1 6470548
1 1704761
1 5539099
1 6356751
1 2752546
1 2543448
1 102249
1 8879942
1 3885872
1 4816341
1 1670248
1 7925580
1 3109008
1 1979101
1 7501257
1 8478431
1 9434238
1 8503431
1 9818517
1 7784596
1 2255548
1 393936
1 3381291
1 4158714
1 5786202
1 3753715
1 1102488
1 5248852
1 7836449
1 149842
1 5909402
1 7005192
1 7333734
1 1393943
1 9064271
1 6843903
1 7761564
1 4479245
1 1586276
1 1027935
1 9404464
1 6831377
1 4304999
1 9514112
1 7572821
1 5684579
1 8606002
1 362877
1 3454049
1 9632989
1 5246653
1 7102382
1 7206691
1 9175623
1 9641297
1 1321531
1 8790881
1 8022038
1 9704928
1 7141512
1 6090156
1 1807763
1 9976521
1 6003608
1 3729771
1 4646657
1 3622691
1 67510
1 826254
1 4212568
1 4209933
1 4233882
1 6451844
1 4081608
1 497053
1 4028424
1 946145
1 3134587
1 4380449
1 405705
1 866276
1 6639985
1 1517304
1 5333270
1 3414446
1 4483404
1 4164236
1 79469
1 3439303
1 7212391
1 5211410
1 6965940
1 510635
1 833065
1 4880145
1 6802371
1 5358828
1 9687158
1 894707
1 8585115
1 574305
1 9138246
1 3544710
1 4326156
1 7409754
1 7543283
1 2901472
1 8875862
1 998867
1 1989838
1 1441402
1 4388163
1 895685
1 2380651
1 4447387
1 1552385
1 9717202
1 5242721
1 9937927
1 8136083
1 6047216
1 3518952
1 7881773
1 8598736
1 3810018
1 5301255
1 2649561
1 2429061
1 944924
1 9858800
1 7142962
1 4495337
1 5837416
1 4197183
1 7321253
1 5819272
1 2840196
1 9962924
1 1188813
1 8389634
1 9495117
1 8550507
1 5935076
1 8740511
1 1145524
1 4701404
1 9866737
1 1990601
1 7574610
1 4844011
1 626502
1 9351327
1 8276258
1 5252325
1 8185032
1 6965773
1 7561209
1 2157591
1 366165
1 7327245
1 3315721
1 6038008
1 6886661
1 6456378
1 9487661
1 4130650
1 817519
1 8179213
1 476885
1 6744202
1 4632592
1 9930934
1 8167673
1 4811956
1 5246637
1 8255788
1 843190
1 3865489
1 9418993
1 8265577
1 4629457
1 6731112
1 3212251
1 3675183
1 7035097
1 7220546
1 6494020
1 4630494
1 8480680
1 264639
1 6271926
1 7431111
1 9013109
1 957426
1 6562788
1 3210590
1 3756675
1 352349
1 1438574
1 6885912
1 1911828
1 5015472
1 8377270
1 8006508
1 7784121
1 660699
1 6553855
1 5985447
1 5165882
1 2763974
1 6510694
1 9975477
1 7964982
1 9703963
1 9118929
1 9807063
1 321949
1 714821
1 5985257
1 9979876
1 6542826
1 6901260
1 2454058
1 2585163
1 4553362
1 561731
1 6698926
1 2468016
1 6110281
1 9971161
1 21308
1 1807266
1 4759115
1 6690533
1 5542096
1 7023274
1 7834693
1 7101457
1 7009597
1 5752844
1 2604870
1 8583083
1 7480502
1 9315599
1 8665891
1 5794440
1 9025826
1 1740748
1 4114066
1 4070630
1 8076380
1 8668540
1 5806564
1 6746730
1 6722979
1 4923721
1 2538018
1 4401530
1 7856026
1 1895540
1 8156373
1 6623503
1 5211476
1 1608564
1 7962208
1 5988576
1 4053356
1 8528410
1 3782335
1 2443864
1 1650499
1 4949607
1 1979625
1 2434945
1 689551
1 483901
1 5132131
1 9818410
1 8533167
1 7616842
1 742746
1 9246213
1 9511944
1 370586
1 9725589
1 868341
1 5924251
1 9374237
1 6889678
1 7593721
1 9466770
1 6576923
1 8850541
1 3424231
1 9953401
1 8355627
1 7826510
1 2996936
1 5172102
1 47173
1 6059232
1 1440947
1 6850875
1 8546630
1 6502909
1 509128
1 9977674
1 8689793
1 4280534
1 3235243
1 2318957
1 622932
1 9141179
1 2430180
1 4655725
1 4336684
1 8720448
1 634914
1 3248992
1 1274984
1 8293610
1 4977105
1 4866351
1 5781927
1 7573436
1 3097649
1 1288404
1 6969448
1 6391709
1 3648830
1 42940
1 1906500
1 310512
1 7516091
1 4807455
1 4415314
1 3115180
1 8138844
1 2604350
1 1792919
1 9023906
1 9942580
1 2974088
1 6721972
1 5212533
1 607793
1 7163203
1 5458031
1 8559743
1 498319
1 5898527
1 9455544
1 1857238
1 6670141
1 8696857
1 1573261
1 3834604
1 1803453
1 8280925
1 1296459
1 4739560
1 9986753
1 724750
1 4584240
1 9229346
1 4645820
1 7289902
1 9203556
1 4679757
1 5527152
1 6628629
1 9751936
1 3955852
1 1762946
1 2406275
1 8460891
1 9640468
1 535830
1 9730409
1 8384822
1 4825447
1 3004020
1 3865601
1 4334022
1 2121436
1 9578883
1 2023953
1 4768353
1 9734763
1 2443201
1 2384864
1 8376397
1 2849464
1 2419288
1 9692239
1 2915793
1 7911365
1 6405460
1 3987728
1 3030837
1 9196638
1 7721183
1 6323618
1 4788187
1 8417161
1 5690431
1 2095031
1 9966336
1 3497430
1 3363896
1 9303570
1 6353733
1 9987109
1 1859725
1 1359598
1 9267801
1 9258452
1 672533
1 6784881
1 748729
1 9971522
1 3197213
1 9153742
1 5596122
1 7639092
1 8319131
1 3130044
1 6128638
1 5866548
1 8546504
1 8066831
1 4696822
1 3826317
1 3989359
1 2458158
1 5994677
1 8959446
1 5774418
1 4637784
1 5605198
1 4076321
1 7977357
1 3767236
1 3296334
1 8976251
1 9250172
1 7503362
1 9168057
1 4833184
1 1716126
1 4113573
1 714179
1 4978121
1 204396
1 2232008
1 9040302
1 7427186
1 6254142
1 8819781
1 7155546
1 2262677
1 21485
1 4564338
1 4656752
1 3092831
1 3506735
1 6959214
1 1335480
1 5826675
1 3354519
1 6905823
1 7266066
1 5686234
1 806557
1 6026920
1 231373
1 1487180
1 742091
1 7165617
1 4371753
1 8009367
1 704157
1 2270233
1 1402043
1 198368
1 5251922
1 2024264
1 6194095
1 7582115
1 9816134
1 1763013
1 9298712
1 8085300
1 3330467
1 9850848
1 6658194
1 2277110
1 2165067
1 7423727
1 4011687
1 5319059
1 9822059
1 2540969
1 6769090
1 3069203
1 5011657
1 610290
1 7848391
1 7590223
1 4457444
1 4528280
1 8010104
1 5186921
1 3865698
1 8880635
1 4835333
1 364732
1 2248292
1 9845841
1 7794961
1 6129218
1 4987434
1 9726967
1 1596803
1 632536
1 4925023
1 5082041
1 9185617
1 4906067
1 7676603
1 8140850
1 245039
1 1263775
1 7378768
1 496159
1 9294706
1 1156833
1 4888955
1 7051977
1 7943405
1 9287446
1 1264843
1 5872311
1 3180165
1 1897366
1 1441714
1 7158300
1 5017462
1 3855581
1 6600249
1 5169181
1 6332699
1 1168947
1 3296693
1 3439812
1 8277898
1 5169928
1 3494548
1 1060925
1 9829360
1 9763748
1 4967468
1 8146638
1 4824049
1 3562171
1 4841964
1 9159376
1 1872954
1 2332764
1 8184724
1 8224691
1 9946891
1 1269730
1 4153438
1 233509
1 7120776
1 8244395
1 8030331
1 6076519
1 936010
1 847103
1 8970180
1 3168339
1 5127616
1 142675
1 2369056
1 5163349
1 53871
1 5367562
1 1578796
1 4381929
1 6970458
1 5919435
1 8006777
1 6631191
1 8109499
1 3544484
1 4529776
1 8123670
1 9881204
1 5101948
1 8912737
1 4309344
1 6991079
1 715143
1 7568739
1 1504778
1 6627439
1 3180831
1 2712406
1 4248352
1 1688600
1 2866308
1 5585425
1 5158096
1 3850861
1 1653849
1 7559366
1 1140156
1 5401439
1 4414129
1 7872652
1 5513590
1 7939546
1 1434416
1 5506464
1 1560266
1 5557914
1 2349430
1 4907090
1 5863293
1 1784120
1 4290688
1 5808250
1 8128332
1 9498762
1 3761058
1 8329286
1 3794459
1 8261105
1 5282109
1 6175624
1 1261861
1 5496843
1 1784704
1 8990564
1 4085604
1 5352933
1 451798
1 7723355
1 8300941
1 1143546
1 9900174
1 2620045
1 4133923
1 9539504
1 5915338
1 6534242
1 6600507
1 9703984
1 721760
1 6028392
1 4720877
1 1795806
1 847460
1 937970
1 9239710
1 4170979
1 4195972
1 4089206
1 1168107
1 8946039
1 6044277
1 177882
1 4251568
1 2928075
1 8566603
1 4301641
1 5918390
1 4308996
1 8065051
1 8859363
1 9684816
1 2164799
1 1569730
1 5798431
1 6371501
1 9097103
1 631981
1 3724650
1 6313799
1 5172852
1 7339534
1 7820182
1 655299
1 1687611
1 7527803
1 9264843
1 3478716
1 8041808
1 3680402
1 8138750
1 1555287
1 9670835
1 6753586
1 807750
1 3209618
1 9892426
1 446557
1 6463958
1 5632350
1 8954239
1 2810095
1 5953162
1 8584464
1 5320692
1 5069935
1 1414657
1 1026124
1 9805125
1 2062407
1 8795435
1 4766729
1 4943008
1 8950718
1 1964271
1 6413522
1 5431910
1 1488737
1 873329
1 9823847
1 8619837
1 4444577
1 9289140
1 3354931
1 2361559
1 9987900
1 1529600
1 3073999
1 2289186
1 924073
1 1010287
1 537053
1 9708484
1 3417933
1 9093971
1 2345700
1 5349916
1 8077762
1 491957
1 762035
1 4898997
1 6317610
1 9349751
1 645515
1 3468075
1 1794754
1 968338
1 8918796
1 2486112
1 4806276
1 8393874
1 3120111
1 7615995
1 3245608
1 4786631
1 8321161
1 8431925
1 6755927
1 665629
1 3954449
1 5850760
1 4316833
1 2736687
1 8022674
1 8700334
1 3405861
1 9669182
1 5243268
1 4387079
1 88252
1 830688
1 4545675
1 5870500
1 6163631
1 5282753
1 78342
1 9368068
1 1216497
1 2051203
1 9591598
1 8298764
1 6924917
1 4313678
1 3690682
1 5400850
1 3238261
1 3350963
1 9101117
1 3488682
1 4976888
1 9580940
1 5890131
1 1023354
1 8851250
1 998435
1 9369358
1 8648141
1 7985558
1 8434834
1 6148219
1 7054057
1 2778473
1 1297625
1 493598
1 227060
1 6868934
1 2850784
1 8585013
1 2740033
1 403612
1 7993235
1 497125
1 2829426
1 8165076
1 595428
1 1283927
1 5443489
1 3402792
1 43298
1 9542553
1 3164946
1 480227
1 1773408
1 2536859
1 8799284
1 6064123
1 8605590
1 3089959
1 7963592
1 563579
1 7431540
1 3687174
1 5546512
1 2747512
1 3802248
1 9597513
1 3296448
1 1511511
1 2934096
1 6604355
1 5074019
1 7745251
1 1679228
1 7908749
1 9600058
1 1981143
1 4398656
1 7595172
1 1859082
1 1892306
1 264885
1 4792459
1 1062664
1 3614856
1 817971
1 4200290
1 9941557
1 9626339
1 3370688
1 6384940
1 2811546
1 1522185
1 3592377
1 9688645
1 8674113
1 1305629
1 4717370
1 2033210
1 3640343
1 6743994
1 2406288
1 716790
1 1821628
1 7282773
1 4291534
1 5720907
1 1435018
1 4764270
1 1594542
1 8543122
1 4259711
1 9233147
1 7495826
1 4228309
1 3639719
1 4231086
1 1224260
1 1482183
1 6809639
1 1119946
1 1608082
1 9915855
1 5499004
1 2714948
1 8788453
1 5726060
1 3786082
1 9210218
1 1010029
1 1202319
1 860145
1 8654604
1 5076778
1 4908052
1 7508715
1 8759360
1 4976191
1 2841218
1 7498855
1 8543531
1 4840516
1 5824634
1 423446
1 9439833
1 5727731
1 6946493
1 6137644
1 4266992
1 7970483
1 4363491
1 3113912
1 8095525
1 3396965
1 4065424
1 7315427
1 1665245
1 6344844
1 9784521
1 5113813
1 296181
1 9794119
1 4063381
1 63599
1 5386113
1 8510082
1 7700584
1 2050243
1 4524618
1 1914062
1 9392925
1 5266186
1 111369
1 394684
1 6337923
1 5316142
1 5064988
1 2691214
1 701461
1 97163
1 3884400
1 7645320
1 4290027
1 9289806
1 6596821
1 9239638
1 4277279
1 9964936
1 8492502
1 8350618
1 1496876
1 5518894
1 5273744
1 2533799
1 2599640
1 3234968
1 654501
1 2715603
1 9516523
1 588919
1 7136433
1 3065185
1 9537317
1 8017988
1 1532316
1 9527609
1 9428847
1 5560916
1 5947321
1 4864384
1 2754247
1 5601346
1 4631660
1 1545592
1 7849554
1 8222610
1 3774508
1 8622398
1 3002639
1 7649109
1 5405291
1 7203594
1 7282295
1 8109684
1 9695523
1 2385867
1 9598885
1 5574128
1 5486854
1 6564603
1 3685830
1 4900991
1 1832086
1 9705015
1 6023086
1 5835072
1 7881834
1 6455931
1 8526461
1 1912006
1 4812971
1 3272806
1 1032556
1 590400
1 5175948
1 3466760
1 3874603
1 642097
1 5407522
1 8844613
1 1055723
1 3398086
1 8725008
1 8955232
1 7747031
1 8143144
1 4103088
1 1430303
1 3074720
1 996605
1 5974417
1 8277950
1 7316315
1 1209264
1 8198947
1 7427617
1 1594727
1 3733756
1 8388236
1 4361903
1 9366892
1 1734014
1 4348880
1 4202668
1 3088099
1 3371683
1 1651814
1 7466513
1 2579302
1 1498143
1 1816640
1 6552672
1 4477222
1 1912885
1 6961410
1 7412160
1 6726155
1 1964923
1 4800634
1 808110
1 6037483
1 4967384
1 5551406
1 2280266
1 346711
1 8493366
1 916718
1 5089751
1 4943707
1 5841542
1 626708
1 3198438
1 5024779
1 6891286
1 1352046
1 1514266
1 9969782
1 970626
1 9247110
1 1933446
1 1629268
1 3388867
1 4461680
1 7300793
1 8794544
1 7380934
1 278714
1 536251
1 157928
1 2731075
1 6304884
1 7333059
1 3666526
1 5519240
1 6338337
1 34622
1 5886866
1 3401069
1 1139485
1 1700547
1 6977117
1 3499596
1 7913699
1 8263516
1 6941315
1 8741313
1 4328070
1 7350813
1 1365292
1 1800515
1 4973608
1 1707260
1 7759216
1 7224684
1 7666503
1 3039435
1 5195923
1 9935948
1 8109742
1 4889965
1 5759661
1 6584925
1 3294948
1 3745903
1 1082930
1 2146275
1 900918
1 430266
1 3073395
1 5758733
1 3591644
1 4856608
1 3105298
1 4657262
1 3925370
1 6283893
1 1463437
1 5537953
1 4445753
1 1685278
1 2082969
1 5387786
1 2690804
1 7175186
1 6897187
1 3275753
1 5007333
1 5557080
1 4310277
1 7935718
1 1148929
1 4627318
1 3640354
1 7345533
1 2306021
1 8087293
1 7432560
1 3425561
1 9911479
1 4808545
1 8638706
1 8301955
1 3953571
1 3297697
1 6914697
1 6663689
1 5916987
1 831557
1 865362
1 4663244
1 2250643
1 2746177
1 9673745
1 5670412
1 1107837
1 9804450
1 522062
1 5188913
1 1868990
1 4319480
1 547677
1 3944070
1 3957690
1 8286134
1 3039274
1 478766
1 9086382
1 311422
1 5538197
1 3318151
1 2327468
1 4920159
1 5962999
1 7161458
1 4002886
1 52260
1 4356270
1 6715590
1 2261723
1 8289817
1 878545
1 3212561
1 4674749
1 7637263
1 4012928
1 9519399
1 5407225
1 3316876
1 2172951
1 6575009
1 7486827
1 6593680
1 9589337
1 2864078
1 1382388
1 1177469
1 5269767
1 6856043
1 5994652
1 3990538
1 9790823
1 1308963
1 539630
1 1483776
1 3268795
1 5581720
1 577378
1 3122099
1 3395190
1 7233953
1 9276890
1 2086137
1 8858401
1 2677510
1 7480914
1 2825293
1 8813271
1 1940783
1 3685446
1 3003077
1 9274181
1 4968056
1 6494214
1 5427032
1 6567965
1 9316165
1 7893520
1 5460538
1 5532413
1 3517344
1 6314477
1 6607089
1 4722954
1 7051634
1 4440387
1 3314442
1 1976303
1 254661
1 8585632
1 655266
1 4310799
1 6287746
1 5875597
1 5894481
1 6311608
1 9259830
1 3644921
1 4021304
1 4427867
1 5439197
1 724726
1 6851787
1 708629
1 5652882
1 8191242
1 2447582
1 5173423
1 3887763
1 6973287
1 2606288
1 5931830
1 6928910
1 2330538
1 417955
1 4515360
1 4204069
1 776696
1 4468071
1 9690351
1 1920943
1 5350152
1 9550618
1 1784754
1 1596959
1 3050400
1 6813923
1 6874793
1 9371685
1 1683258
1 3113073
1 1544117
1 6795266
1 3684220
1 2699339
1 2416483
1 7339375
1 5632164
1 3822531
1 6155673
1 9611917
1 6359692
1 1395697
1 8245473
1 3521849
1 3823609
1 4987849
1 3435655
1 2412757
1 9527637
1 9851431
1 5198582
1 5809666
1 5820669
1 5866668
1 4184781
1 156860
1 5002439
1 1216659
1 869924
1 2556680
1 4983148
1 8537075
1 5046621
1 8735409
1 9653889
1 2057993
1 6991744
1 9841764
1 147933
1 4911407
1 6793879
1 3903909
1 5156439
1 7915283
1 778671
1 9907613
1 1871829
1 5115535
1 973734
1 1386771
1 5314908
1 282971
1 9008365
1 8917228
1 7177438
1 6309931
1 3399238
1 3463172
1 2117974
1 1011254
1 8988707
1 5647237
1 9707489
1 3655102
1 9848188
1 2500612
1 7617491
1 2270284
1 7529809
1 1378006
1 9479165
1 1752554
1 1416720
1 2879632
1 9728407
1 9904777
1 6735067
1 12202
1 4149715
1 4319306
1 8790055
1 2296275
1 3907078
1 980304
1 4779942
1 1245141
1 802419
1 622971
1 6876027
1 6399973
1 6888515
1 683913
1 9651959
1 1333092
1 4136713
1 4070579
1 4430951
1 3975914
1 8947482
1 1484087
1 3671768
1 9269064
1 8327816
1 4665454
1 4135744
1 8188319
1 2858240
1 6893365
1 3494853
1 3548619
1 7156630
1 6400122
1 2176094
1 5689664
1 6917273
1 3917201
1 743229
1 3241178
1 3886
1 4708740
1 8611416
1 6041214
1 3914338
1 5914351
1 9085558
1 1419137
1 2142201
1 5386361
1 5996136
1 8586197
1 3170689
1 8469052
1 6368156
1 3882068
1 5683618
1 8117830
1 5748544
1 9187021
1 8885741
1 1058757
1 9011065
1 1175832
1 4020894
1 8835996
1 9379467
1 4320176
1 3971012
1 7034908
1 5482525
1 1758939
1 6490288
1 2323193
1 4153584
1 6037218
1 7367292
1 1670464
1 9479962
1 2235347
1 9388227
1 9302296
1 9716308
1 3543941
1 525655
1 6548796
1 9720363
1 882493
1 2157064
1 7835289
1 6109559
1 8689450
1 8307516
1 3068721
1 2909554
1 9249383
1 7657701
1 4718538
1 1620591
1 7209975
1 7954680
1 7190800
1 8357724
1 8892175
1 3704693
1 4879141
1 588196
1 822949
1 6453774
1 9044369
1 8769995
1 4740611
1 8415619
1 4440120
1 958864
1 3451671
1 1791163
1 6745362
1 1761229
1 3210920
1 5278759
1 4690964
1 6044043
1 3623918
1 3455714
1 5437950
1 6877715
1 3649087
1 8102195
1 466503
1 1203870
1 7114640
1 8186113
1 3517685
1 6955659
1 3775988
1 2891432
1 6969499
1 9250165
1 8954142
1 9068256
1 1153699
1 8772273
1 9288699
1 124814
1 1913159
1 5372659
1 5921848
1 3072308
1 2590635
1 9481554
1 2003013
1 4904540
1 3599487
1 146753
1 9530165
1 6132326
1 7083987
1 7176554
1 9002234
1 6928925
1 5971477
1 5525417
1 5017561
1 8268229
1 4113255
1 6185055
1 1612678
1 8366096
1 4939805
1 3066621
1 8311487
1 6385193
1 4658058
1 4624560
1 3840738
1 4605947
1 2236273
1 3592294
1 247839
1 5391183
1 3314936
1 3410041
1 2349974
1 8039664
1 1862446
1 85131
1 9636980
1 3356048
1 7254542
1 5926221
1 6666592
1 9277885
1 1520653
1 7584864
1 7685511
1 5646662
1 5518602
1 1473408
1 6598251
1 7337294
1 6711166
1 2839912
1 50338
1 1039093
1 8565510
1 2622091
1 1746033
1 2114539
1 8849678
1 7283156
1 8004925
1 3162766
1 6105780
1 8603640
1 1638033
1 6695968
1 8923425
1 2019129
1 9909027
1 3521037
1 9413998
1 7492245
1 7236679
1 9774754
1 2377779
1 7275148
1 7005144
1 5159815
1 6823427
1 7927863
1 5651532
1 6476185
1 6093797
1 174016
1 1460258
1 1535177
1 682286
1 998577
1 414126
1 5953620
1 7120670
1 3929872
1 613135
1 5046859
1 6928886
1 7200929
1 3684641
1 4470201
1 2009127
1 9843668
1 8760537
1 3242583
1 3688499
1 4725251
1 7133107
1 3242698
1 3543989
1 6083822
1 3887920
1 6946419
1 2394938
1 2936646
1 7787086
1 9069430
1 4885712
1 7415343
1 4760548
1 8923140
1 5133859
1 6100159
1 9474699
1 6722056
1 6238170
1 3869824
1 1327826
1 2130796
1 3576414
1 6224479
1 5325829
1 4365717
1 9615375
1 9516155
1 9011357
1 5044743
1 5264094
1 1730859
1 1765533
1 3980799
1 270595
1 6788335
1 3567913
1 904625
1 6446656
1 6574095
1 4276224
1 2957097
1 8407302
1 8659910
1 6166669
1 196295
1 1928767
1 6451644
1 1977325
1 6519859
1 1837774
1 5786162
1 1981970
1 1305508
1 1768229
1 9021756
1 6750337
1 7047859
1 6417077
1 6936167
1 9531403
1 7147818
1 4849512
1 9838175
1 9232414
1 9087645
1 4863796
1 202119
1 4808677
1 2331256
1 3857380
1 4411102
1 8516940
1 2552478
1 1999317
1 8725212
1 9983284
1 8852728
1 3288555
1 538046
1 2723070
1 7621155
1 7082697
1 2566783
1 4373866
1 6230988
1 6847433
1 5235672
1 1360029
1 4758107
1 7066530
1 9709028
1 831150
1 1334303
1 3664966
1 9053981
1 3687443
1 2001807
1 1737491
1 5814300
1 8775943
1 3856185
1 5977906
1 8744743
1 9753313
1 9658346
1 2879296
1 3297290
1 8661911
1 7795002
1 6968300
1 3549688
1 6333376
1 6736656
1 2644855
1 6937624
1 6054654
1 2661832
1 17410
1 4335176
1 8164261
1 7464311
1 4468759
1 689878
1 2710083
1 3003237
1 1928494
1 8291551
1 644739
1 8806454
1 8432052
1 1838805
1 8805247
1 9870851
1 5250247
1 9984557
1 871074
1 1101756
1 288131
1 1656244
1 3646593
1 8095944
1 326323
1 2857682
1 4642492
1 7547165
1 5645294
1 4558579
1 9970690
1 3465148
1 407920
1 1710416
1 2137065
1 6967155
1 5542497
1 5042754
1 3837542
1 3188950
1 9023907
1 5936998
1 4398274
1 1402083
1 6538235
1 5430561
1 8859581
1 5564227
1 6341364
1 8790231
1 1126448
1 2823111
1 6906571
1 5065851
1 3215356
1 2671917
1 1869839
1 7835968
1 4768227
1 6957461
1 6659204
1 6551322
1 1851409
1 9539918
1 4994159
1 3733702
1 9460084
1 7753428
1 2947238
1 4173938
1 8180434
1 7098347
1 7686821
1 3206160
1 7204023
1 5524420
1 9975399
1 3072973
1 9939994
1 3577889
1 521540
1 6079523
1 3439742
1 5932433
1 8905198
1 5724495
1 1788491
1 9315720
1 3344539
1 3004645
1 4535469
1 5255536
1 6122020
1 3492112
1 2496367
1 8174465
1 1840245
1 2555557
1 3258674
1 3538700
1 1208219
1 5343546
1 5999695
1 8878234
1 6698360
1 157253
1 5888198
1 6011894
1 5571764
1 2540165
1 378476
1 9540689
1 546149
1 986496
1 6853519
1 4045347
1 344374
1 3986409
1 6332957
1 2446416
1 3761293
1 9034061
1 9235617
1 6420983
1 6529340
1 6524476
1 8101227
1 1237575
1 6443647
1 7510724
1 2038234
1 4062006
1 7231675
1 1547277
1 9045638
1 7742290
1 1453547
1 7982282
1 3868481
1 4953440
1 3897562
1 7302072
1 2867751
1 7220783
1 281561
1 8017719
1 5362161
1 6960928
1 2892078
1 5863684
1 5181213
1 581183
1 6146209
1 9122709
1 243983
1 443877
1 2162452
1 7273258
1 6798445
1 5758659
1 4259167
1 7117503
1 7010491
1 9953578
1 3595907
1 6888009
1 4595111
1 3881095
1 5457783
1 5069706
1 8068769
1 5914652
1 7519027
1 2586675
1 6985932
1 8898358
1 8241786
1 8601694
1 1269342
1 5527914
1 9323368
1 8923442
1 2607019
1 3104341
1 2659880
1 3772131
1 5176598
1 7514476
1 832030
1 3511572
1 4216887
1 4414800
1 921622
1 9650238
1 8726640
1 461034
1 278653
1 1841916
1 5658889
1 8258333
1 8408529
1 4513897
1 7130993
1 7650416
1 6735271
1 7336386
1 9555908
1 7701654
1 5583811
1 9170627
1 9519841
1 2006274
1 7356637
1 4211497
1 5948860
1 8316628
1 7800204
1 1775873
1 2582181
1 6089031
1 9430878
1 3364373
1 9358436
1 1560040
1 9244798
1 3207899
1 8618045
1 8914150
1 1802121
1 1114337
1 9229094
1 4628907
1 1240471
1 2894058
1 1496257
1 6037278
1 4279073
1 907752
1 8836409
1 2048203
1 555720
1 8728488
1 2156615
1 5561569
1 9110135
1 9029493
1 5403494
1 8015138
1 5981256
1 5935358
1 2023816
1 2869184
1 7111085
1 3273993
1 1509351
1 1213375
1 7037049
1 8352260
1 8031972
1 6011224
1 3099771
1 6411951
1 3052169
1 7552465
1 4382328
1 3133142
1 6945193
1 4699814
1 7971473
1 4642086
1 1653121
1 8610577
1 6827785
1 4892321
1 369120
1 3930331
1 7067382
1 6872936
1 3003163
1 3531651
1 304022
1 7511113
1 6822969
1 2169038
1 1881736
1 123481
1 3485663
1 9559347
1 6745368
1 3471762
1 2135041
1 3301392
1 1012540
1 563689
1 1361937
1 7599133
1 8616931
1 9522740
1 7617582
1 8995021
1 2016911
1 9540727
1 3191843
1 2479468
1 943473
1 3116779
1 9238430
1 6659980
1 6783951
1 5049558
1 1368251
1 8823849
1 7615062
1 7907659
1 4263409
1 67013
1 3740739
1 7770867
1 4939449
1 5199282
1 8092939
1 1651619
1 6018663
1 9743260
1 5737095
1 5653742
1 7945041
1 3768837
1 1325803
1 6756698
1 8134997
1 9879411
1 4545698
1 6234440
1 3056720
1 1338999
1 8033993
1 7962511
1 7608801
1 1089515
1 608939
1 3949732
1 5878624
1 1616434
1 1056517
1 3093815
1 8132938
1 2800153
1 7232368
1 6118258
1 9137494
1 2604351
1 4134599
1 5438763
1 6608741
1 1228578
1 3843612
1 5555197
1 9411962
1 5908476
1 6118581
1 1217124
1 3106052
1 4264887
1 1406870
1 8987100
1 7283091
1 4536644
1 1376279
1 1894365
1 6954738
1 5228606
1 6227278
1 6263494
1 3379356
1 5670687
1 5523312
1 3344859
1 1583903
1 9356030
1 9951626
1 905749
1 6559638
1 6022745
1 8177778
1 8673312
1 6008514
1 5720357
1 9019370
1 1229257
1 7071032
1 4354750
1 6755754
1 2357515
1 7239035
1 9978536
1 5479911
1 333859
1 6026412
1 2708587
1 8167532
1 8572782
1 2870465
1 5691310
1 3981366
1 8210501
1 3465216
1 7779380
1 4814841
1 2949076
1 8315915
1 1806420
1 2457197
1 560666
1 7850326
1 3587815
1 2120948
1 7320256
1 8217312
1 339728
1 7067737
1 3053939
1 923880
1 9880662
1 9704174
1 6324846
1 1299549
1 4270673
1 4645817
1 6288090
1 146701
1 9701485
1 4220229
1 7800546
1 9761644
1 9438366
1 9735229
1 2372328
1 9846623
1 6840095
1 7028629
1 4137024
1 1076055
1 7097086
1 7276735
1 3760411
1 6893904
1 5848013
1 2948889
1 895295
1 6469381
1 5833557
1 8926098
1 6126987
1 16615
1 2484
1 7582337
1 8144461
1 7262821
1 3642923
1 3115215
1 1230692
1 5049908
1 7287697
1 8498622
1 3690617
1 2688496
1 4342506
1 71930
1 125148
1 6145567
1 2164576
1 8623424
1 8985247
1 6542423
1 3827831
1 4099586
1 8237264
1 6917818
1 2429344
1 6867579
1 8321696
1 8442738
1 3499324
1 9357838
1 5246127
1 6868642
1 9162864
1 3395276
1 4503355
1 1814673
1 5905587
1 3459308
1 2322103
1 2738204
1 8971609
1 4970260
1 1719804
1 1429108
1 1527206
1 1194312
1 2225362
1 1561265
1 6580063
1 8281170
1 5706199
1 3854062
1 3962412
1 9837813
1 4232086
1 4273538
1 6856587
1 364637
1 2672609
1 8454821
1 3679489
1 13942
1 3557138
1 8046111
1 7895230
1 6457216
1 5937067
1 3032122
1 4632082
1 448129
1 44024
1 4468295
1 5578249
1 7224411
1 4578409
1 9287468
1 7745106
1 4713648
1 3463980
1 8127200
1 9418020
1 6004526
1 8999940
1 438728
1 3823407
1 5906306
1 1215259
1 1762259
1 9778446
1 8289802
1 2697794
1 6775441
1 2660626
1 7134046
1 738072
1 6542429
1 2792928
1 4643252
1 5750793
1 415737
1 8079561
1 504942
1 9459821
1 1108756
1 5717758
1 632805
1 2048467
1 7339172
1 8215589
1 8148245
1 9975948
1 3035230
1 3079047
1 8536808
1 8274354
1 7622927
1 4392705
1 6504331
1 7749587
1 9148748
1 8488558
1 7298628
1 7952254
1 7277476
1 4980855
1 3777534
1 8045481
1 406058
1 6036927
1 253447
1 6462449
1 8972075
1 9960313
1 4983889
1 9648704
1 4140087
1 3963944
1 2555729
1 1397413
1 1849476
1 484742
1 4787949
1 4905854
1 8131163
1 6920039
1 7931885
1 5236750
1 6284648
1 5557546
1 8154701
1 2407549
1 875445
1 9318738
1 291260
1 8360475
1 4473251
1 2737105
1 2836685
1 8069624
1 2424416
1 7050897
1 7640145
1 7906261
1 62395
1 1022156
1 1943283
1 6708109
1 4700497
1 1429288
1 8429242
1 7404788
1 4217155
1 8457889
1 5531170
1 2286113
1 9526683
1 7423031
1 2981434
1 1613105
1 7007023
1 1468361
1 139433
1 6862275
1 2472451
1 3827486
1 1707727
1 4182192
1 3846034
1 66469
1 5997742
1 9305025
1 2627105
1 2678202
1 7741561
1 7244333
1 7189656
1 1296832
1 331845
1 4863294
1 9447296
1 2245490
1 6130432
1 802528
1 5399708
1 4002515
1 3120694
1 6419248
1 2061742
1 6633380
1 6039573
1 4714941
1 7220909
1 396026
1 8265369
1 8604560
1 6540536
1 2555129
1 5128251
1 6536115
1 515389
1 9934130
1 3231981
1 9748332
1 4193356
1 7235604
1 5175287
1 293049
1 8038005
1 3495870
1 9268219
1 5521491
1 2773811
1 1282761
1 6882302
1 257626
1 8299739
1 517420
1 7460037
1 6388124
1 8330643
1 2220666
1 2928856
1 2141618
1 5366561
1 3919320
1 9563074
1 6998350
1 7124991
1 9953632
1 9455146
1 1986585
1 8756037
1 1034499
1 8878360
1 7248719
1 5893728
1 3840732
1 1980141
1 4859458
1 6116237
1 5115119
1 39669
1 8823730
1 3150685
1 972885
1 6467175
1 7231624
1 9707312
1 6324978
1 3178602
1 971264
1 2088571
1 3385680
1 5275424
1 5723175
1 798907
1 7756733
1 9694015
1 1286901
1 5455461
1 6119492
1 5623120
1 4472306
1 5278662
1 6065694
1 6792640
1 2695837
1 9636382
1 3404417
1 460418
1 8754986
1 9755931
1 4123836
1 4592683
1 4251240
1 4352404
1 8977258
1 2694426
1 4786080
1 3726927
1 4222195
1 4111774
1 4140768
1 8740709
1 7438041
1 767125
1 7905967
1 7470983
1 2339866
1 6094944
1 1840520
1 2344387
1 9117507
1 6955285
1 8364202
1 9212183
1 7966642
1 4111466
1 3737208
1 5938283
1 4786238
1 4451223
1 9042927
1 8557805
1 4091895
1 1826959
1 7327655
1 7620520
1 6351270
1 7280591
1 9957310
1 5293093
1 5208687
1 389245
1 9880997
1 8413257
1 5717732
1 3949100
1 1474266
1 1739096
1 1071235
1 348323
1 9372338
1 1416668
1 6214425
1 8311057
1 6189045
1 302041
1 7408554
1 1954362
1 1609473
1 9143171
1 6978598
1 1334643
1 7158350
1 5901360
1 8274120
1 7591584
1 813985
1 4227738
1 6296811
1 6253261
1 754728
1 6187622
1 9557948
1 1622518
1 5320752
1 8820061
1 4873153
1 8242576
1 5604894
1 9907140
1 928409
1 504539
1 4354174
1 1001731
1 2239586
1 5400587
1 1930681
1 8453829
1 280852
1 8262261
1 7624004
1 2696045
1 7241090
1 8122558
1 6955189
1 943567
1 1592854
1 3254095
1 9341045
1 6610685
1 1633819
1 6676275
1 3000087
1 3415594
1 4107820
1 2582839
1 2492574
1 2699117
1 8923457
1 291991
1 5401783
1 257920
1 1343339
1 5472403
1 6532677
1 731839
1 5333873
1 6064116
1 1357410
1 8316094
1 3393673
1 3176864
1 2271199
1 5629716
1 6485000
1 7312518
1 3179658
1 7278325
1 1791729
1 2664832
1 2461748
1 7565912
1 2331313
1 3620601
1 243770
1 973210
1 8603208
1 3066325
1 5332280
1 9658771
1 7909407
1 2909244
1 7223515
1 7431880
1 4733614
1 5619650
1 9373381
1 8963892
1 8664391
1 5812140
1 9226829
1 9419170
1 2518288
1 4129792
1 1073449
1 6416646
1 1987575
1 5471143
1 3382182
1 3272160
1 5090297
1 6520533
1 7436739
1 2322551
1 2390265
1 3942876
1 6215277
1 8411646
1 5639663
1 5390521
1 8753313
1 2542685
1 3803557
1 4727918
1 8959358
1 4134689
1 5348035
1 2695930
1 4807388
1 875764
1 5527914
1 6264432
1 8941174
1 4576010
1 64087
1 1171619
1 6616997
1 6605504
1 8601713
1 9901571
1 7184835
1 2154230
1 9141544
1 5302437
1 7189898
1 9127478
1 8820536
1 4656187
1 5148345
1 8440039
1 7814701
1 6275153
1 9371588
1 5607616
1 3430242
1 482795
1 6894206
1 1133646
1 4411331
1 1702220
1 8588507
1 6814370
1 3930772
1 5008892
1 2694000
1 4561053
1 4214418
1 4914799
1 5248685
1 1192225
1 7395234
1 8722861
1 1210077
1 2978308
1 9505906
1 4472177
1 6608040
1 1620415
1 6016358
1 6911056
1 1765834
1 5610750
1 4553710
1 8127423
1 560267
1 7035914
1 9176317
1 7699952
1 9832208
1 1017298
1 8302233
1 5833747
1 708649
1 3489494
1 3045046
1 6462662
1 2927642
1 2690179
1 8627273
1 1929231
1 5098192
1 4813492
1 2778113
1 4382941
1 9521025
1 6526293
1 962861
1 5548414
1 3783951
1 5853483
1 93212
1 723029
1 1031801
1 5727834
1 8839447
1 1441331
1 2415290
1 5424088
1 1630338
1 4898423
1 6538425
1 6405599
1 6436220
1 1510207
1 4815411
1 2769669
1 2987502
1 820994
1 2419351
1 1938399
1 5393187
1 9576837
1 4071721
1 3099147
1 4058769
1 9466065
1 9102165
1 2391653
1 3014818
1 80380
1 5023928
1 2186882
1 7296117
1 8349489
1 4224993
1 1987372
1 6108954
1 8360345
1 5911344
1 1725782
1 655269
1 8582086
1 9423664
1 8431763
1 4829425
1 6356508
1 5703571
1 2496357
1 6842371
1 8068962
1 2511738
1 6042911
1 8688705
1 6887632
1 2499091
1 3425211
1 8556862
1 359476
1 8403641
1 9841031
1 5171271
1 7222230
1 4663935
1 2757027
1 5619094
1 4746791
1 2338117
1 8770894
1 5079053
1 8178850
1 2484590
1 2740094
1 2554718
1 6496361
1 2481955
1 4387149
1 9635856
1 4931752
1 5383535
1 9247842
1 1967428
1 4723180
1 8897732
1 3104452
1 980231
1 4266455
1 3832228
1 2589291
1 3658117
1 5435394
1 1354862
1 5262425
1 8187020
1 114247
1 9748592
1 9267394
1 5610122
1 3833068
1 5698065
1 1803652
1 326680
1 5237925
1 8184860
1 2085147
1 466179
1 8374833
1 6354490
1 6223238
1 5247496
1 3065777
1 6614464
1 3633105
1 4587141
1 6265497
1 4868522
1 3561806
1 5713564
1 2357244
1 6511997
1 8517789
1 4713140
1 4494272
1 9223655
1 3092977
1 3354381
1 1284467
1 8037619
1 9427142
1 4792188
1 4173251
1 6604955
1 2382788
1 4032504
1 3570649
1 8856103
1 343202
1 8431756
1 1989984
1 360403
1 5053668
1 1210380
1 4152780
1 2403252
1 4568074
1 8549526
1 246600
1 4664471
1 8158177
1 3089825
1 6222212
1 7338787
1 1582307
1 9787577
1 617261
1 4604520
1 3522268
1 846289
1 4912794
1 1165806
1 9413792
1 6163076
1 5551891
1 3037017
1 7330144
1 5727878
1 8788486
1 8549982
1 9654544
1 5242629
1 33143
1 2087239
1 1424800
1 9334907
1 4666384
1 1781114
1 1293506
1 7229574
1 7662954
1 3026980
1 1490346
1 4792389
1 8872880
1 6730757
1 3365048
1 1341847
1 3370555
1 7804816
1 5443415
1 5782841
1 7895981
1 8086833
1 8254518
1 9977951
1 581414
1 6764274
1 2067328
1 8019406
1 8282634
1 1296433
1 5342083
1 137647
1 3853446
1 6516882
1 187719
1 2023266
1 175072
1 5193878
1 2636519
1 3422727
1 4926622
1 3006808
1 9922240
1 3934642
1 1012261
1 7704799
1 3735185
1 7958298
1 2474360
1 2905476
1 457823
1 453245
1 7332937
1 356041
1 370539
1 1018030
1 7605709
1 5968391
1 6284690
1 7414622
1 4862173
1 9915955
1 9235079
1 9725437
1 8437723
1 8358539
1 3292942
1 3534121
1 9848812
1 260581
1 4189261
1 8991726
1 9007183
1 4122894
1 6960295
1 20787
1 2172095
1 1364818
1 1634093
1 7908976
1 5499370
1 9017463
1 7407499
1 1821616
1 1793485
1 562527
1 4886094
1 651573
1 2425365
1 988989
1 4903516
1 2032092
1 9480087
1 4657050
1 2865350
1 8224375
1 6271746
1 1139740
1 6795407
1 5842171
1 374572
1 9796820
1 5112412
1 9229510
1 2992620
1 1727862
1 4871798
1 504600
1 9631678
1 2096929
1 2328618
1 1382537
1 9746455
1 7418608
1 1891982
1 1533993
1 7054654
1 8758826
1 592157
1 7125637
1 6682046
1 1664647
1 379507
1 5506874
1 8090098
1 2094373
1 7128826
1 6757227
1 7743204
1 5515249
1 8420432
1 7084090
1 787987
1 103415
1 1209543
1 4770250
1 9120507
1 156
1 6156885
1 4197941
1 3007774
1 8473663
1 6391747
1 1056546
1 1989853
1 5441404
1 3444438
1 3767457
1 6238717
1 8669261
1 22232
1 770650
1 4678364
1 11994
1 2365385
1 2474169
1 8302551
1 9766476
1 7930907
1 3733583
1 917738
1 421142
1 2377805
1 2883547
1 4537714
1 5142808
1 4283404
1 5573515
1 7933123
1 8551262
1 2410400
1 4778397
1 974103
1 310380
1 8751246
1 1634173
1 7687510
1 6311402
1 9393089
1 2247990
1 2538074
1 6302104
1 1744124
1 2338431
1 3213919
1 522574
1 7979629
1 3007621
1 3458855
1 9509113
1 2243169
1 1555253
1 5285549
1 2732503
1 2381210
1 224206
1 2606758
1 8152478
1 1922664
1 9276462
1 492636
1 7873853
1 7030304
1 311053
1 3764462
1 5224005
1 7465292
1 3336783
1 278189
1 548549
1 9052802
1 4765952
1 6604026
1 6991115
1 2615173
1 4838840
1 2721869
1 6095730
1 5204274
1 799372
1 3314844
1 3433770
1 3043161
1 1089550
1 8022636
1 6892176
1 3317896
1 6517011
1 4228167
1 9816037
1 3059241
1 3128985
1 2192596
1 7819577
1 2793847
1 4101749
1 2193513
1 3404776
1 726430
1 2264736
1 3666927
1 633407
1 718267
1 2371902
1 7797941
1 9267174
1 1735074
1 3260024
1 9465519
1 4251659
1 9544665
1 4955270
1 9430962
1 1370770
1 6589068
1 1897710
1 2713178
1 4112077
1 1759134
1 7863093
1 261682
1 4942044
1 758068
1 712012
1 8075685
1 4689573
1 8073754
1 5780528
1 4267548
1 3675909
1 9965135
1 6535266
1 3029266
1 5719997
1 2138792
1 9421530
1 3798853
1 6375483
1 7154625
1 3938760
1 9583743
1 7680271
1 3625989
1 8036508
1 8863927
1 3118157
1 5406499
1 7789486
1 9268388
1 8564391
1 6652471
1 9519703
1 9854656
1 879523
1 1043738
1 6868788
1 5334110
1 1444906
1 6425180
1 1043866
1 6642431
1 936728
1 6672468
1 8930864
1 3616481
1 7363661
1 3558498
1 1377721
1 4175629
1 5901959
1 8311814
1 3891208
1 4357213
1 3561211
1 8587196
1 3787131
1 9838005
1 9520478
1 3440154
1 7970682
1 6326192
1 149593
1 9819221
1 7683807
1 2841495
1 9946106
1 6327342
1 6762528
1 8377280
1 3512629
1 1976241
1 9482725
1 7429568
1 4425297
1 84144
1 907917
1 1180633
1 5194992
1 2579426
1 2013511
1 4451506
1 1526085
1 9436633
1 8374071
1 7698553
1 429025
1 406087
1 9712217
1 9893636
1 4581927
1 741943
1 5947068
1 8075101
1 7698553
1 5208758
1 6961710
1 9388896
1 2546180
1 122555
1 8675204
1 9930529
1 240839
1 36496
1 6547249
1 1348560
1 2636017
1 189960
1 3509194
1 5310184
1 5565546
1 7824964
1 8107482
1 196265
1 9345874
1 630171
1 3603250
1 112035
1 6776935
1 4691560
1 1375915
1 3814144
1 3807185
1 6071156
1 8452298
1 2627885
1 2238289
1 7463375
1 2827897
1 7940045
1 2403681
1 3350992
1 6913377
1 6278896
1 1830396
1 1765637
1 7920841
1 137001
1 1088320
1 4176062
1 492411
1 7740918
1 1976218
1 581146
1 7537066
1 872522
1 7049164
1 4554981
1 5874157
1 7723324
1 1973014
1 2637187
1 3274009
1 5779228
1 5169530
1 9134828
1 3570825
1 979951
1 7672334
1 5375951
1 3587328
1 960739
1 8328655
1 7672788
1 9437035
1 6335083
1 2433531
1 440495
1 7969797
1 6585131
1 550372
1 928154
1 5854310
1 7050522
1 2282507
1 1513249
1 5022446
1 482163
1 1786602
1 3476265
1 379659
1 5766075
1 8322665
1 5363265
1 1002379
1 6017719
1 8360394
1 90136
1 650724
1 4411516
1 2793275
1 5398470
1 5090981
1 7232900
1 3519879
1 6208068
1 2979737
1 4763559
1 7197400
1 7285616
1 1977473
1 1360376
1 8970278
1 286954
1 5658769
1 495526
1 904217
1 6555684
1 5295038
1 3712171
1 7496722
1 7562906
1 5912675
1 9326712
1 6411846
1 3059984
1 1969643
1 5219033
1 7459382
1 1853972
1 7748469
1 2035102
1 7889870
1 9877479
1 2378097
1 9145426
1 1071507
1 6997435
1 2458693
1 3710773
1 8150598
1 3304305
1 3497027
1 5446982
1 9746173
1 1811981
1 2455633
1 7338368
1 5454382
1 6028554
1 5672245
1 967672
1 9606459
1 3050571
1 5268656
1 4452631
1 7455395
1 2576361
1 8214909
1 9122040
1 4926280
1 4294285
1 1518558
1 4549722
1 4071656
1 479154
1 8670780
1 5044308
1 9382999
1 235130
1 3673537
1 2084662
1 4302288
1 3744784
1 1289835
1 4307468
1 7899811
1 2010971
1 6722524
1 8732145
1 8618660
1 3356383
1 5002272
1 7979005
1 1885200
1 2134026
1 9601668
1 2862200
1 9395275
1 6446152
1 9273991
1 9022267
1 5473104
1 6302935
1 6530527
1 2341587
1 4837786
1 962449
1 8782136
1 8711566
1 3605590
1 8797389
1 6633750
1 6217564
1 4516761
1 7564178
1 3824397
1 4433163
1 2632210
1 1642407
1 179794
1 4407515
1 9713524
1 1128510
1 854785
1 2616782
1 4225142
1 7216500
1 7341736
1 864501
1 8764298
1 4240261
1 3676800
1 4616410
1 6290713
1 9125224
1 895578
1 6271166
1 1047310
1 2167744
1 571537
1 7025062
1 8507566
1 3537536
1 1979593
1 9673705
1 8603097
1 9971453
1 3745632
1 7577284
1 9391789
1 8647691
1 1411683
1 9053826
1 8519081
1 5801922
1 4392321
1 3910821
1 3412418
1 1611991
1 4244175
1 8117502
1 5584062
1 1192743
1 7763854
1 8290513
1 2487014
1 8868268
1 1310711
1 5647435
1 9874187
1 4449152
1 2968225
1 2077825
1 3055273
1 7116373
1 2047983
1 9785815
1 6908057
1 4428586
1 5222248
1 4374682
1 6509210
1 9969030
1 5569994
1 1827950
1 5536896
1 5889712
1 4491726
1 4999646
1 9735060
1 8381809
1 7041667
1 8763002
1 8502677
1 5028543
1 4519718
1 4014879
1 4293780
1 232951
1 3873234
1 8359629
1 2633483
1 8132479
1 9964169
1 5510035
1 3989947
1 9539617
1 6124690
1 9299796
1 8114239
1 3073489
1 7605434
1 8792273
1 7060501
1 1888749
1 8033723
1 945257
1 8203264
1 1298594
1 8314405
1 6131655
1 6840610
1 662913
1 9809866
1 1665058
1 921683
1 5992670
1 5064677
1 7119232
1 6414917
1 7685377
1 6170669
1 7757799
1 6119122
1 9815289
1 5214689
1 9778502
1 7905325
1 2318016
1 5162518
1 7160963
1 2482767
1 6749301
1 9658636
1 5118577
1 7524132
1 9194738
1 4956163
1 6362164
1 8372248
1 109950
1 3328430
1 6432714
1 6247737
1 1699780
1 7136828
1 2068610
1 7543118
1 4257611
1 9241748
1 8553992
1 8275258
1 2778515
1 2325564
1 3780164
1 4883344
1 8649749
1 4910337
1 4584667
1 7339731
1 553170
1 6921497
1 2598930
1 9240300
1 3153492
1 238198
1 5790012
1 4745694
1 4898342
1 6613061
1 3134764
1 4551287
1 1888061
1 9677006
1 9836327
1 6153594
1 7459587
1 3778393
1 9249270
1 293040
1 6968983
1 3314007
1 6182255
1 4637947
1 3147616
1 1551721
1 389089
1 2658726
1 8905730
1 382093
1 4034383
1 1114317
1 9349085
1 2914978
1 9741958
1 4993415
1 3185717
1 3966308
1 3620433
1 2371566
1 4981598
1 3635867
1 6005077
1 216168
1 6591379
1 8423692
1 5382588
1 1456808
1 9356430
1 3726493
1 4084376
1 4545711
1 1874900
1 3646818
1 5279933
1 8200878
1 8918218
1 4374332
1 6573371
1 7083999
1 1519003
1 1456184
1 6813884
1 4667875
1 3937305
1 3295487
1 4843284
1 6052660
1 8034565
1 1714306
1 7914409
1 6490002
1 6308003
1 1618372
1 6194623
1 2291651
1 4892311
1 8998523
1 354775
1 2678208
1 5051637
1 8439295
1 4379383
1 6818359
1 424490
1 6639188
1 2798298
1 584567
1 9562321
1 2157935
1 3047116
1 8385730
1 5395107
1 7171046
1 9339559
1 7147680
1 3110245
1 3205882
1 8653428
1 5858442
1 3934149
1 8844735
1 6909127
1 7174022
1 3934555
1 8245303
1 353232
1 9523351
1 1905113
1 899181
1 9431821
1 8790396
1 6286682
1 791178
1 7114843
1 1122969
1 3339372
1 5855226
1 2868251
1 7535850
1 6328973
1 8523418
1 2312417
1 5217508
1 7633035
1 9534388
1 4251451
1 3686942
1 6125725
1 4859859
1 9426229
1 7640791
1 5567788
1 3406590
1 4620875
1 2646176
1 3031871
1 2521977
1 8774308
1 9864631
1 5334971
1 906095
1 2634767
1 993800
1 1828599
1 8890537
1 3355614
1 3059924
1 9563242
1 4141099
1 329926
1 4979004
1 2746216
1 5152626
1 5456710
1 9372176
1 7842166
1 7477899
1 5080625
1 3060063
1 6219104
1 7643398
1 5624460
1 5490772
1 450983
1 962972
1 2208576
1 9538328
1 6190313
1 8804556
1 3543117
1 3664813
1 3216449
1 8581714
1 359672
1 1309061
1 8580648
1 4539268
1 7677709
1 5605109
1 5586163
1 8216742
1 2681432
1 9432730
1 4009393
1 1307615
1 4347077
1 4981027
1 956845
1 896702
1 70224
1 8644983
1 7130763
1 8869979
1 5391871
1 9046075
1 3388162
1 4586109
1 2235546
1 559177
1 1022094
1 1179528
1 8966402
1 8820537
1 7688236
1 8176866
1 687547
1 163343
1 6731579
1 1952702
1 9554637
1 863399
1 8521104
1 2622403
1 8835497
1 1898775
1 366090
1 9052432
1 2448252
1 8222825
1 2353364
1 7856347
1 4528757
1 6161988
1 9184193
1 160194
1 4444602
1 8498665
1 9697769
1 3495828
1 6016940
1 5157026
1 3129369
1 3003390
1 6774439
1 1128880
1 8654123
1 4685676
1 5905537
1 7672769
1 1347265
1 922428
1 5753292
1 7250315
1 2288350
1 1915479
1 8789694
1 4607676
1 9199791
1 873786
1 1329184
1 2581408
1 1048088
1 6142282
1 8358649
1 2625543
1 6743410
1 1392945
1 1305113
1 6654825
1 6731018
1 7126601
1 7655768
1 8573185
1 9912530
1 5346675
1 4246
1 7725668
1 6107579
1 5857192
1 6181312
1 6092325
1 2419654
1 8017350
1 5987426
1 5393766
1 5686692
1 8434124
1 565665
1 5143392
1 405412
1 7576608
1 9641079
1 4275576
1 8329046
1 8995226
1 1830123
1 4119826
1 420849
1 7154015
1 2854039
1 8275980
1 1695973
1 514756
1 7396540
1 3873567
1 9998914
1 22361
1 8340178
1 2964941
1 3959929
1 7933247
1 2843451
1 3955840
1 1502684
1 8153362
1 5233075
1 8124500
1 3690913
1 1971077
1 4054952
1 3157451
1 8787664
1 3058817
1 4788015
1 7156175
1 4298613
1 6265209
1 6347443
1 4972802
1 7907777
1 7876757
1 3086882
1 9529066
1 6385408
1 8309000
1 6445611
1 3922342
1 8120151
1 8808475
1 3405114
1 9464727
1 7598358
1 3444675
1 1265925
1 9788572
1 9358835
1 3170601
1 8718155
1 9949510
1 8386345
1 347930
1 4449899
1 4739679
1 4810605
1 3448212
1 2195451
1 8748534
1 7325368
1 7905832
1 8444602
1 1528711
1 6066760
1 3550681
1 6967860
1 854175
1 5643557
1 6370389
1 3873198
1 2634090
1 4739316
1 1968305
1 982256
1 3848755
1 5420447
1 2835502
1 2741867
1 10454
1 312885
1 6255146
1 8898342
1 785896
1 229906
1 9266403
1 6169998
1 5922232
1 3211605
1 4013599
1 8220932
1 6131275
1 8479839
1 2825795
1 3205547
1 813110
1 9667369
1 3590211
1 5357835
1 1441607
1 4234902
1 8489032
1 1907643
1 7865435
1 2046869
1 3453443
1 706180
1 5277482
1 6446880
1 4054402
1 8788171
1 335029
1 722277
1 1314479
1 4913833
1 7107465
1 1200054
1 5231098
1 5543628
1 8382381
1 9646655
1 1379083
1 2091068
1 8254124
1 8559932
1 145096
1 5375875
1 9782620
1 7089182
1 5802818
1 7110417
1 107367
1 812310
1 3350643
1 7744700
1 4562333
1 8010249
1 6455714
1 6695172
1 2579570
1 6860732
1 7211134
1 4424513
1 7226664
1 9767220
1 7867558
1 7432490
1 6393749
1 9404953
1 6447465
1 5681311
1 4426078
1 9971908
1 9354290
1 9739186
1 2511895
1 818404
1 1347143
1 9809586
1 5104800
1 8359207
1 8113676
1 5337032
1 3031556
1 6607566
1 3151489
1 13702
1 3273674
1 9831832
1 2241122
1 5342009
1 1972853
1 5329129
1 8175353
1 8731631
1 1533108
1 5802608
1 8471878
1 5120571
1 823257
1 3363835
1 7097726
1 3252614
1 4158923
1 2980747
1 215089
1 4029573
1 8032854
1 6608484
1 4561598
1 7788398
1 3964609
1 7066247
1 401948
1 5774223
1 2258786
1 5903618
1 7801524
1 9981596
1 7656965
1 9471576
1 1031524
1 7348072
1 2813226
1 1501736
1 2491411
1 6083386
1 2909811
1 2390285
1 6289117
1 8989219
1 5520837
1 3023889
1 234866
1 3511091
1 568146
1 1001576
1 5025703
1 6912317
1 1326805
1 6355909
1 4478386
1 8717560
1 3103240
1 5143919
1 9294914
1 8572139
1 428673
1 6255092
1 1677487
1 7979801
1 2367738
1 9978986
1 4939264
1 9404437
1 2511048
1 5969816
1 2664647
1 551851
1 7397639
1 3089098
1 3263163
1 7383892
1 1071755
1 8158666
1 4846501
1 1533839
1 2672301
1 3671998
1 3268547
1 7440153
1 1887918
1 10350
1 9579296
1 4978286
1 6419465
1 5950141
1 1742575
1 6210206
1 9900546
1 7856300
1 2377704
1 455994
1 7182349
1 7030701
1 7428164
1 8024230
1 5816799
1 9224926
1 7881855
1 1906295
1 8024619
1 1581847
1 5006810
1 6787089
1 1659895
1 8642448
1 2512137
1 7116899
1 8683459
1 8943877
1 574865
1 1295178
1 9515315
1 5712705
1 916095
1 8964051
1 1469531
1 1028228
1 4113698
1 4892756
1 3965238
1 4683286
1 5802783
1 5008220
1 548051
1 6773776
1 4118306
1 8711350
1 5344767
1 6420156
1 1175734
1 8056797
1 2344480
1 6059565
1 8543329
1 3766193
1 8955528
1 5395320
1 6441596
1 1703797
1 3882766
1 2050031
1 5471883
1 9315704
1 7990459
1 7156917
1 4212824
1 3421854
1 6464408
1 5751071
1 3572883
1 8298656
1 113807
1 8955703
1 4294937
1 6702078
1 1037021
1 12050
1 4790563
1 229334
1 4248702
1 7074834
1 2916629
1 1834513
1 6215130
1 9554344
1 2299417
1 1501492
1 8018496
1 8002861
1 8992511
1 246331
1 4486493
1 9216225
1 285354
1 150343
1 6753280
1 3302038
1 3481944
1 7971526
1 4684896
1 8387054
1 1409447
1 5234494
1 5969205
1 1029303
1 9096840
1 7062059
1 2602737
1 5913227
1 1262582
1 394251
1 4336807
1 7898690
1 4768985
1 5798005
1 9301550
1 4705987
1 3568744
1 2375282
1 9460355
1 3630414
1 6417869
1 8409814
1 7900614
1 1195741
1 7647938
1 4263997
1 8763887
1 8961425
1 3683802
1 5969932
1 1681482
1 2370502
1 5227642
1 3350857
1 251743
1 2603749
1 1297949
1 1456302
1 6710291
1 3572590
1 1442803
1 7877307
1 5012874
1 7749802
1 9166165
1 7388469
1 809862
1 6044793
1 1086558
1 5525944
1 4236838
1 3827552
1 6413568
1 1852146
1 395454
1 5671192
1 7148491
1 4146359
1 7876030
1 1950892
1 9840728
1 9254389
1 6766572
1 2670154
1 8748459
1 5805725
1 6316230
1 2737054
1 2686088
1 3298514
1 7431000
1 9242665
1 37611
1 1352695
1 9310507
1 7639356
1 3421268
1 7756011
1 1724456
1 6153593
1 6835724
1 7986882
1 7800730
1 8341176
1 9181851
1 7990492
1 7618988
1 1131773
1 5163500
1 1421845
1 4862695
1 4500325
1 1011645
1 1056123
1 1204788
1 2631502
1 2190911
1 5617870
1 4703401
1 5077280
1 8269655
1 7344651
1 8916743
1 4985238
1 3190449
1 6983328
1 500135
1 757515
1 4652257
1 6700926
1 2347664
1 1992709
1 5636584
1 9259925
1 3622322
1 3829877
1 3701337
1 1542576
1 7663047
1 1602825
1 3951336
1 9871420
1 2698763
1 8822328
1 93923
1 8617808
1 2032057
1 4159753
1 2581449
1 8235241
1 2213932
1 1423522
1 6149690
1 96585
1 2321833
1 572767
1 7092534
1 7772371
1 5440564
1 6222893
1 282291
1 1425039
1 5508360
1 2843513
1 9029356
1 396933
1 3050297
1 7947765
1 5664331
1 9923698
1 9702715
1 6214498
1 8972704
1 2250069
1 7401315
1 7195091
1 8314791
1 2637529
1 5666959
1 6016288
1 998932
1 7393262
1 9203055
1 9966255
1 1474438
1 3979002
1 7986869
1 2912641
1 5715367
1 9501554
1 2339473
1 1407188
1 2714592
1 1545728
1 9156190
1 2122104
1 353554
1 6331092
1 7625441
1 2193046
1 6892710
1 7956915
1 8271379
1 8067242
1 4538533
1 7161204
1 3281458
1 3001737
1 3617103
1 111427
1 5212690
1 6053166
1 9650773
1 1572922
1 1958749
1 1408474
1 7871399
1 1537427
1 5993476
1 3126372
1 394790
1 3429350
1 9986724
1 4558027
1 2193992
1 6891785
1 7393219
1 5535327
1 7050557
1 5273080
1 8422578
1 122466
1 4890781
1 1551264
1 4238427
1 2054064
1 9291387
1 5520055
1 9724221
1 129634
1 431764
1 4827314
1 6417026
1 1797653
1 2009408
1 4786302
1 3777460
1 330393
1 4350862
1 6451414
1 6528580
1 5172660
1 920168
1 8664642
1 5765860
1 5413665
1 2794562
1 8913971
1 1002094
1 5704507
1 4510833
1 5506881
1 107010
1 1577069
1 9167026
1 9375085
1 8869180
1 2714376
1 8339501
1 3727213
1 2594066
1 7873081
1 6861947
1 4172340
1 9463710
1 2657834
1 8621702
1 1692160
1 8507941
1 8667479
1 9875862
1 4955099
1 8912187
1 4103605
1 4227773
1 1040887
1 675262
1 6502868
1 1632142
1 9660267
1 2650424
1 9038416
1 2980053
1 6836580
1 904340
1 3275113
1 9478358
1 7696130
1 6789516
1 3748028
1 6726935
1 6822803
1 5044990
1 9005692
1 8690487
1 2932686
1 4615903
1 1458090
1 3202691
1 511040
1 1441169
1 8483745
1 3014691
1 8187038
1 4290464
1 6228077
1 8821974
1 101814
1 4160092
1 7965876
1 442712
1 8820374
1 7800401
1 9323274
1 7065709
1 3777684
1 1160146
1 6233280
1 8880059
1 4418122
1 5297604
1 778379
1 4105977
1 3827896
1 5311854
1 3466519
1 6303299
1 1363785
1 5773447
1 7020285
1 9124861
1 7732840
1 9027127
1 8994306
1 3215739
1 3382714
1 6412432
1 9043700
1 1791752
1 8865105
1 8110397
1 9596426
1 9290420
1 1984685
1 6545597
1 2953404
1 4947822
1 1904583
1 817653
1 9250850
1 9967824
1 5727372
1 7441496
1 4830351
1 6989250
1 2503654
1 356295
1 7357294
1 3206560
1 4595016
1 168689
1 8246283
1 7652802
1 9951230
1 9566167
1 8556136
1 9178277
1 3993752
1 8118888
1 2616259
1 165408
1 7940312
1 9894171
1 1725947
1 1430514
1 3706088
1 276363
1 7482717
1 9177246
1 1437731
1 3257387
1 1740384
1 2738859
1 967367
1 656829
1 4362217
1 9600131
1 5266696
1 6539532
1 9021652
1 9043508
1 6026092
1 7507775
1 3957517
1 6697145
1 2889719
1 4115395
1 4176570
1 1164812
1 5152488
1 5139917
1 7340713
1 4557174
1 2564996
1 7045361
1 4518803
1 5941631
1 865034
1 7045035
1 8430828
1 6213183
1 1062385
1 4988398
1 6203943
1 7130527
1 7156895
1 6778489
1 8476645
1 8325773
1 9539675
1 2961286
1 1301878
1 9940197
1 9504274
1 6475655
1 9969948
1 1302442
1 4736106
1 3819095
1 4058531
1 3006452
1 7578012
1 8962008
1 7947054
1 6931179
1 9773169
1 3400072
1 842510
1 5664915
1 2714008
1 4180442
1 127687
1 4913262
1 6958826
1 6725487
1 2016533
1 3017575
1 9351674
1 6157139
1 7529854
1 4297387
1 2981868
1 8172037
1 5539512
1 5438768
1 4337633
1 6494506
1 2314407
1 1269974
1 7723535
1 3406732
1 3206529
1 7112294
1 1135157
1 3332545
1 8485697
1 7917361
1 8663439
1 1328505
1 1240032
1 3884838
1 487372
1 4228749
1 1977859
1 4939698
1 4685518
1 8276771
1 993481
1 4967551
1 6231509
1 8857009
1 3455731
1 919709
1 5951716
1 938103
1 9157587
1 9352783
1 9280296
1 9281061
1 1601708
1 5155221
1 6143772
1 4236352
1 3164300
1 9356314
1 6583384
1 669448
1 1188821
1 2761464
1 1875366
1 2615135
1 6281083
1 2123958
1 5563210
1 494565
1 9944902
1 2577200
1 7006222
1 8757822
1 7108577
1 4780919
1 8531806
1 5476569
1 6280572
1 216551
1 7488655
1 2495792
1 9670645
1 985692
1 1339396
1 5198439
1 906221
1 1716125
1 5140207
1 3082509
1 4205391
1 8787843
1 4662720
1 5999340
1 7794047
1 7147381
1 2678572
1 8611278
1 939729
1 678553
1 9372070
1 5820296
1 477628
1 7851287
1 401676
1 4475515
1 6508412
1 5699592
1 8760975
1 9160985
1 661676
1 6638605
1 5982790
1 2411335
1 3034044
1 5541786
1 865214
1 3167685
1 3194476
1 4353871
1 4002709
1 6298950
1 3460225
1 7489359
1 4533892
1 232130
1 6993337
1 7581731
1 8340736
1 2916561
1 547096
1 7353350
1 2035417
1 9151046
1 9426353
1 5872532
1 3553403
1 6026789
1 4028248
1 1328155
1 9888832
1 6938546
1 2718522
1 7223815
1 7842176
1 9353606
1 2352472
1 9281376
1 4394875
1 4590598
1 7650906
1 7267049
1 7534483
1 6353083
1 9967239
1 7401237
1 885174
1 2118259
1 5491205
1 3021078
1 1438652
1 1951025
1 3272976
1 6095751
1 5405812
1 5894851
1 3028307
1 5956172
1 7782710
1 2402945
1 3584551
1 6706453
1 4636891
1 2450617
1 1450115
1 776622
1 6002530
1 8548881
1 2845122
1 3663345
1 8357450
1 9728968
1 9622498
1 3567560
1 7777171
1 5749324
1 1610358
1 5673270
1 7735795
1 647434
1 2153699
1 4870410
1 7622970
1 7228533
1 1683578
1 8833561
1 5484876
1 9596839
1 451136
1 917416
1 9498703
1 2523359
1 6033260
1 5911137
1 3794374
1 2421725
1 47381
1 6989349
1 1793252
1 1075051
1 8694734
1 3627913
1 8637047
1 656155
1 2663229
1 2542951
1 9847588
1 4453174
1 9851764
1 8353346
1 8103528
1 7518601
1 3319396
1 9080164
1 1044686
1 6637450
1 5351079
1 7986502
1 1575905
1 4800761
1 1862234
1 6294867
1 982189
1 8367626
1 9785358
1 5618108
1 5375919
1 7531775
1 7286472
1 5846384
1 4451028
1 4387582
1 8717240
1 6784431
1 6868727
1 7481197
1 5073011
1 1932879
1 7245483
1 6812791
1 5465018
1 2212184
1 5214570
1 8307810
1 893711
1 805167
1 9975079
1 7791480
1 1054625
1 1772949
1 5556412
1 1638197
1 4580876
1 6900525
1 3506803
1 6968411
1 2669413
1 7813507
1 8828274
1 491113
1 9540962
1 3734703
1 5605541
1 136607
1 151384
1 2837599
1 1019738
1 6687199
1 849689
1 1167564
1 2343453
1 6161287
1 1908807
1 280536
1 1433998
1 8910094
1 2451852
1 9420976
1 6655582
1 1554444
1 7219413
1 5249587
1 1028580
1 9273064
1 4754447
1 1683581
1 8570814
1 6100355
1 6823205
1 877239
1 9138732
1 5317653
1 5865695
1 7506419
1 4365189
1 8110413
1 1054397
1 913871
1 2688221
1 4871702
1 4529857
1 6749178
1 1270828
1 7656914
1 1656646
1 5375952
1 1249890
1 1650887
1 5360914
1 5740866
1 3885399
1 2503522
1 7306534
1 8991280
1 1669338
1 3791241
1 2061152
1 9973955
1 505333
1 4583227
1 3502914
1 7774887
1 2910922
1 5802656
1 1835718
1 8127669
1 1240998
1 8813111
1 9892951
1 8167125
1 1090822
1 9864270
1 2175198
1 6396714
1 1047893
1 4161379
1 2780247
1 515534
1 4315181
1 14453
1 4682654
1 5792453
1 6297937
1 8434613
1 4201978
1 5362679
1 743810
1 4968370
1 6747958
1 8363006
1 5149895
1 7815541
1 509469
1 2336910
1 6792392
1 9614277
1 4728522
1 957646
1 7457427
1 8793190
1 3510309
1 3270771
1 7463207
1 9866361
1 7810200
1 2472683
1 9712042
1 7747634
1 5651051
1 8275674
1 6932691
1 3116365
1 7190818
1 2438828
1 9781332
1 9848836
1 2637434
1 109925
1 1969711
1 2064365
1 8501501
1 395154
1 8419448
1 1868361
1 9053060
1 5583780
1 6443648
1 2483219
1 2813353
1 5366213
1 6425823
1 446530
1 2320406
1 907458
1 3640066
1 1115148
1 181252
1 3272825
1 6555766
1 9064676
1 8937300
1 7941697
1 17095
1 39039
1 7463651
1 102175
1 5419627
1 3708456
1 6981525
1 7846457
1 6071962
1 260250
1 2090035
1 5425782
1 2483077
1 9184612
1 1446451
1 5379384
1 8005325
1 8540935
1 5736895
1 873652
1 3431438
1 1529430
1 8793828
1 9967453
1 4392827
1 3328784
1 1618528
1 886882
1 7763114
1 8127407
1 5184750
1 9632875
1 5426467
1 6472892
1 7688130
1 3225011
1 8624210
1 5210902
1 7415868
1 2508711
1 2077219
1 4939428
1 692170
1 5572908
1 7574928
1 4132573
1 246865
1 2112104
1 2002755
1 7375055
1 612392
1 8560137
1 6268559
1 7189948
1 5846636
1 6308099
1 2263904
1 606067
1 8365301
1 9420494
1 1184849
1 8279444
1 1929516
1 6781613
1 8130030
1 6902861
1 5629658
1 4753319
1 2580467
1 3190191
1 3514652
1 8875660
1 2394773
1 9535293
1 9374727
1 9499174
1 4123204
1 4694102
1 4197957
1 904871
1 2179234
1 6500622
1 9036746
1 4986625
1 5234276
1 3090864
1 6278811
1 6920157
1 6712688
1 3763837
1 9441204
1 2630095
1 7071639
1 2575852
1 3107319
1 8825008
1 1616642
1 4050235
1 5998830
1 1210584
1 3217416
1 699830
1 3863456
1 748060
1 4516278
1 3627116
1 3088802
1 6793306
1 5461391
1 4856880
1 9108681
1 7057189
1 5350664
1 6820217
1 3542529
1 6341636
1 8602247
1 4625375
1 7412724
1 4562015
1 686362
1 5479690
1 2546778
1 7192374
1 207339
1 8473449
1 3808077
1 3612026
1 7649503
1 240488
1 219138
1 1176323
1 7349070
1 4696547
1 4456670
1 4586550
1 556179
1 4687004
1 3780259
1 3496687
1 1003131
1 4826253
1 220146
1 5348966
1 9315985
1 7988838
1 160383
1 9940558
1 4335240
1 5812333
1 787604
1 2495867
1 5045444
1 7650386
1 2287147
1 2257232
1 4754991
1 164438
1 4083327
1 5811958
1 9720782
1 9789972
1 3950589
1 2886618
1 2372053
1 2666625
1 9617915
1 4221598
1 7483184
1 8216510
1 4094016
1 3093511
1 1771506
1 2927412
1 6588037
1 6099062
1 7992416
1 8887964
1 7320250
1 4018319
1 6523536
1 8830982
1 5295507
1 2873703
1 6493965
1 990155
1 7617664
1 7930858
1 1798589
1 5442743
1 3269695
1 1239999
1 4225037
1 3083999
1 7950301
1 1582102
1 9205221
1 8750662
1 6544615
1 7050198
1 6549780
1 2764606
1 3460997
1 5251109
1 3581207
1 6403491
1 2845357
1 3316858
1 7710849
1 2280945
1 5412070
1 8650572
1 7650153
1 5581090
1 1254828
1 8638228
1 5509423
1 5998491
1 5651303
1 1824708
1 9781845
1 8886022
1 8387137
1 7012862
1 1140884
1 6277499
1 2601304
1 9409869
1 2129646
1 1972160
1 9759641
1 9958928
1 620826
1 2703604
1 8579993
1 9452168
1 1573522
1 5819070
1 9681703
1 6207684
1 2427347
1 1845574
1 5206169
1 3652297
1 5924685
1 6658156
1 951366
1 9267537
1 9804863
1 4737624
1 4725838
1 8902529
1 156555
1 4665588
1 1794518
1 917839
1 3969672
1 4234694
1 5547013
1 3338194
1 6650054
1 2797121
1 4726845
1 8405920
1 1417746
1 4828506
1 1221494
1 4624198
1 5767036
1 2772242
1 30852
1 4483244
1 6280928
1 3942682
1 1914319
1 678692
1 7185815
1 8810123
1 6398657
1 9771416
1 141731
1 636614
1 2791080
1 7747357
1 6563662
1 9212551
1 7244968
1 2324840
1 4394878
1 5975373
1 2365974
1 3316497
1 767916
1 2733249
1 5086807
1 6473127
1 7832439
1 7025752
1 8564416
1 5823421
1 5304381
1 1602906
1 193237
1 1217626
1 508582
1 477877
1 4112762
1 9307455
1 8273560
1 7335995
1 2164138
1 5494130
1 1063032
1 8199107
1 4076092
1 9501862
1 1915505
1 6387770
1 4795961
1 7406279
1 2961340
1 2523593
1 1473686
1 9185312
1 9349949
1 3041542
1 9741129
1 153455
1 1852132
1 7489517
1 299080
1 2973442
1 1947519
1 2922347
1 9753985
1 1563490
1 6418806
1 5138490
1 1571332
1 1868548
1 5465726
1 7786481
1 4452540
1 9129350
1 7164149
1 3701696
1 8445122
1 8573730
1 7480518
1 6336770
1 4678310
1 4684738
1 2503477
1 5679652
1 2870088
1 3921438
1 8746130
1 2781996
1 643226
1 9718634
1 3362275
1 9080620
1 620554
1 1862730
1 2047061
1 2376817
1 8000281
1 3085435
1 1586342
1 3959668
1 9386372
1 9276007
1 664442
1 988790
1 9707061
1 9788140
1 4504439
1 4598373
1 648059
1 7854196
1 1932203
1 147069
1 6927710
1 9710840
1 7482279
1 7823073
1 8972182
1 2768103
1 4641521
1 7299271
1 1735355
1 5476517
1 1148619
1 1026059
1 1003565
1 9950899
1 4403148
1 6185632
1 3322937
1 1296710
1 9612801
1 4274667
1 1423249
1 2967385
1 9832538
1 507950
1 9619113
1 8730663
1 3669823
1 8121394
1 6460177
1 8100574
1 6359297
1 5674800
1 6539485
1 7844474
1 8986768
1 4091746
1 1634908
1 3465702
1 2609710
1 9247620
1 2373219
1 2368016
1 4099987
1 2773527
1 3106462
1 7930402
1 4756547
1 7916016
1 4758410
1 5662111
1 2174187
1 8218666
1 2101657
1 9398409
1 8498399
1 4911339
1 3655628
1 4846358
1 240067
1 4704095
1 1136619
1 7333312
1 6033349
1 3788026
1 774754
1 6695455
1 3861965
1 9647848
1 9907132
1 3977452
1 8467677
1 9872897
1 2726836
1 112174
1 2761814
1 694833
1 7403006
1 6120477
1 5379597
1 2835470
1 2722487
1 6496843
1 3299386
1 5372400
1 8302916
1 3418242
1 8188217
1 6817523
1 2708017
1 2000166
1 7110751
1 2739991
1 1971544
1 1285427
1 6448992
1 3701852
1 5364564
1 6482084
1 3992002
1 8371002
1 9929251
1 5626539
1 9106621
1 6720944
1 778773
1 3689857
1 4668302
1 5218156
1 1610327
1 1264981
1 9850639
1 8536970
1 2512600
1 4438682
1 2414654
1 2309710
1 1846846
1 7941610
1 4063233
1 1324143
1 4191990
1 6895418
1 2253996
1 5949232
1 3630183
1 1078287
1 7204607
1 5835833
1 3252534
1 8243198
1 626375
1 5138517
1 6430450
1 7418266
1 5760730
1 3396939
1 4032469
1 7697886
1 4506637
1 2322102
1 7136817
1 429964
1 1038597
1 7067091
1 7058596
1 2949081
1 8226683
1 8267550
1 1702874
1 7769623
1 6350486
1 6271801
1 8450552
1 1552320
1 1397907
1 1235344
1 952793
1 3903784
1 9529723
1 9048133
1 850753
1 9581555
1 6792499
1 8328932
1 5809344
1 8477943
1 1978238
1 3416523
1 233376
1 9069220
1 7188415
1 7988194
1 6002292
1 8146311
1 2699907
1 9145020
1 3483664
1 9536026
1 2566563
1 5895902
1 5184749
1 8449049
1 3798148
1 7237746
1 9584249
1 1727520
1 5280502
1 522262
1 5520805
1 9577564
1 4282207
1 4002342
1 7111580
1 1273529
1 4862623
1 4218302
1 509845
1 6882644
1 7749329
1 2264109
1 6352746
1 3141729
1 3413355
1 6881909
1 4037976
1 284770
1 5005792
1 7346974
1 5799282
1 3962140
1 6821016
1 4634149
1 2878319
1 9959855
1 5322021
1 2707079
1 863916
1 5545491
1 1254893
1 7363906
1 21368
1 7913426
1 7433165
1 3107692
1 3254529
1 4947323
1 6253846
1 9732100
1 6892689
1 1650206
1 5579015
1 7273125
1 9008270
1 6635979
1 2563447
1 4729387
1 5358768
1 2145470
1 2605180
1 1491601
1 3267455
1 3274583
1 6928658
1 9896579
1 1429944
1 7003489
1 7917184
1 9400604
1 3594118
1 5438334
1 469015
1 7279577
1 8571404
1 8486865
1 526317
1 4668882
1 1102159
1 5376895
1 2605690
1 2348262
1 1814951
1 7188329
1 9156883
1 9403022
1 8180903
1 4539212
1 9976354
1 1352006
1 4148923
1 4191068
1 6773517
1 2921933
1 5219092
1 823303
1 3045325
1 441929
1 4614670
1 1559942
1 4380333
1 5476078
1 2037324
1 6765482
1 2547268
1 7260861
1 6309154
1 6525820
1 6314953
1 681089
1 9338808
1 1863236
1 6189295
1 7123850
1 7673517
1 1842291
1 5080263
1 4699321
1 9237004
1 3986471
1 5796220
1 7155094
1 4071132
1 1610854
1 1970542
1 2561537
1 9018880
1 8101152
1 6211735
1 9019764
1 8419360
1 972758
1 8478879
1 4598066
1 137269
1 1838192
1 6874152
1 5073009
1 7238591
1 2747577
1 7580045
1 3915044
1 1106703
1 5079856
1 1652664
1 6467161
1 5468343
1 3330686
1 1510592
1 361630
1 9608895
1 2623269
1 2713833
1 512702
1 6343226
1 1044292
1 4768049
1 3905710
1 5485579
1 659814
1 567717
1 3304480
1 9298136
1 5379512
1 7866886
1 4002393
1 4432576
1 3265751
1 9975747
1 5340382
1 8445230
1 6355902
1 1097452
1 8602295
1 5640012
1 4989195
1 3822441
1 1222832
1 2581871
1 652808
1 5975421
1 4625099
1 555788
1 9862756
1 4987585
1 831229
1 2647470
1 7748461
1 2399720
1 5681350
1 8027798
1 7030675
1 9306050
1 2804186
1 1167957
1 3130148
1 8273189
1 6864076
1 5123522
1 2353293
1 6161882
1 350568
1 8072702
1 6249449
1 6335578
1 7194615
1 934075
1 6472744
1 2901720
1 6259875
1 1481220
1 5091288
1 6292269
1 1369717
1 5237380
1 8122282
1 3174902
1 6959095
1 3055411
1 2568120
1 963148
1 6894600
1 8953403
1 3851335
1 7100660
1 4136834
1 2873311
1 2490050
1 1177219
1 5506412
1 4543564
1 7950188
1 8624022
1 5267513
1 3432214
1 844173
1 2690362
1 7134928
1 6574228
1 1926829
1 3322146
1 920713
1 4679896
1 949041
1 9062445
1 4503380
1 8073746
1 6040796
1 5665108
1 5482562
1 9175828
1 3378885
1 9819265
1 9947803
1 3154604
1 8533149
1 4135113
1 8802738
1 9060609
1 2344842
1 3720152
1 9928485
1 5851158
1 7708636
1 9854514
1 6065650
1 5237707
1 3059523
1 4999841
1 9267989
1 9837044
1 4627280
1 8520231
1 8808479
1 9420992
1 8891555
1 3472140
1 9224495
1 5665120
1 502509
1 1470586
1 8110914
1 9825606
1 7472274
1 7916932
1 3332306
1 8417210
1 1245820
1 5728528
1 7816574
1 3129651
1 9164256
1 3736610
1 2818811
1 3496748
1 4749767
1 9529118
1 9012638
1 4176082
1 9181638
1 7514601
1 4515674
1 8844242
1 2410840
1 6804884
1 5099124
1 4686137
1 9202187
1 2764603
1 4481872
1 5890684
1 3021774
1 7012288
1 8966292
1 6545135
1 9249369
1 3741663
1 1919581
1 8138840
1 1905683
1 9102801
1 3376777
1 8108844
1 9438101
1 6128052
1 1517386
1 5220938
1 3196538
1 9010794
1 5952412
1 8738
1 1753774
1 309366
1 764780
1 8803475
1 2460687
1 9184287
1 9270996
1 3479461
1 7712130
1 991113
1 2318239
1 4114450
1 393883
1 8535631
1 7715714
1 6797134
1 7695224
1 7072160
1 8133127
1 3472342
1 9987939
1 5175250
1 6273230
1 5413073
1 279628
1 7190003
1 8931705
1 558417
1 8053935
1 3899826
1 2939309
1 2560585
1 1587045
1 963299
1 2405571
1 1293135
1 2774163
1 5073185
1 4669197
1 7057562
1 1500085
1 9400682
1 8215367
1 3133550
1 7615612
1 1717520
1 3991847
1 8202540
1 6152766
1 4176344
1 7063654
1 1293606
1 4351021
1 1755895
1 7395306
1 2806362
1 9417496
1 9239455
1 6720809
1 4909471
1 7153788
1 9757240
1 8947346
1 4938165
1 1314643
1 7695988
1 7922364
1 9838580
1 4114218
1 1782454
1 8664434
1 86684
1 3307281
1 5417795
1 4407551
1 437893
1 8546955
1 6469247
1 9038260
1 2654580
1 4777377
1 5324616
1 3516939
1 7280836
1 7754760
1 9272752
1 6518015
1 6198589
1 7453485
1 3583942
1 3143068
1 3738069
1 3488064
1 1416978
1 8160361
1 7809793
1 6217893
1 956894
1 1239268
1 1115088
1 1974616
1 5577148
1 1620665
1 4168157
1 2196096
1 5039381
1 162423
1 3437321
1 7220239
1 7983409
1 8433826
1 331668
1 1618656
1 4097979
1 3701020
1 9708850
1 3890292
1 738693
1 8207537
1 1339581
1 5261434
1 9380654
1 9891309
1 5966165
1 8838401
1 2585796
1 1993780
1 5893021
1 8696268
1 1032531
1 7273675
1 5278061
1 1702302
1 4077058
1 827006
1 1329788
1 3715163
1 5127815
1 2348405
1 348677
1 8477134
1 9298483
1 4125214
1 745799
1 5330983
1 1863409
1 5096078
1 4317110
1 1283062
1 4728319
1 8782459
1 2338803
1 2009047
1 625767
1 6113771
1 9130007
1 713819
1 2048737
1 733309
1 3251755
1 9869238
1 4549000
1 5264527
1 1209569
1 4202496
1 8500886
1 9037111
1 1897386
1 8135296
1 9116050
1 7908661
1 5386971
1 6609180
1 6204284
1 3093508
1 5991297
1 9516857
1 6658648
1 7514622
1 8605661
1 70094
1 9159890
1 6860780
1 5400762
1 2456019
1 4196977
1 6788354
1 5395223
1 1233314
1 1158201
1 6822351
1 2644294
1 8570665
1 8433122
1 9115241
1 5450179
1 5226843
1 1080961
1 4566483
1 2041534
1 8030104
1 1196711
1 7042362
1 6049061
1 605234
1 3322269
1 7704456
1 4314002
1 8635376
1 5174455
1 6432834
1 5736709
1 3475057
1 7286977
1 8506727
1 2458022
1 2571827
1 3339357
1 2803431
1 5942237
1 6446470
1 5011969
1 9202885
1 5487920
1 297311
1 4190468
1 5455109
1 7332807
1 9256677
1 9197277
1 2967422
1 6125991
1 7773325
1 501530
1 7235913
1 9337232
1 1662304
1 9821581
1 9957293
1 1761884
1 9694028
1 8197670
1 3041178
1 2894497
1 9574830
1 2080484
1 6445840
1 9476104
1 7109824
1 9182098
1 618713
1 4985149
1 8012531
1 2830206
1 8777951
1 5723201
1 4490205
1 1786781
1 282532
1 1029375
1 4964756
1 7586271
1 8669111
1 1694303
1 6633235
1 6642612
1 6519408
1 7146381
1 3165931
1 3869660
1 1325885
1 9207563
1 6285046
1 8026004
1 9833562
1 4200158
1 4033826
1 2002395
1 1891330
1 5921395
1 5369497
1 339766
1 1255763
1 3334915
1 6538297
1 3792252
1 9718002
1 2452251
1 8956329
1 1202858
1 3951301
1 1911600
1 1233092
1 2509686
1 2592498
1 7256437
1 9296051
1 475896
1 7159239
1 559965
1 7724317
1 7023530
1 5883603
1 4478881
1 1021702
1 1307495
1 4922233
1 4225198
1 6470000
1 6228410
1 8529343
1 2084308
1 3346594
1 4073673
1 7267282
1 9801801
1 183187
1 3370125
1 9956629
1 7481297
1 3556355
1 4109379
1 5411640
1 3158073
1 1868128
1 5905758
1 5440614
1 5260523
1 6949135
1 3423570
1 9758358
1 6398678
1 3129703
1 6087130
1 3161063
1 2151027
1 9782277
1 4824474
1 474022
1 2742123
1 6403271
1 4087187
1 1525271
1 172890
1 7851258
1 1228696
1 4079685
1 7494797
1 67013
1 1725627
1 5849278
1 9097129
1 8551660
1 5004684
1 8370045
1 3838612
1 4094764
1 7252439
1 9099248
1 786445
1 3987800
1 3066373
1 1287734
1 8300198
1 1081399
1 5088091
1 5843449
1 5011131
1 5471881
1 4362874
1 4539806
1 5690010
1 5141250
1 1319237
1 3621276
1 8136855
1 8558396
1 5203982
1 6064228
1 7761086
1 2444574
1 5879466
1 2557592
1 7365090
1 7520765
1 6870241
1 2540286
1 1798811
1 8277614
1 236683
1 9714739
1 6745629
1 838848
1 9570724
1 3142809
1 8132547
1 4348366
1 1480855
1 6091391
1 9008384
1 1427675
1 8641608
1 2240911
1 813297
1 2293619
1 8076110
1 2809372
1 5650259
1 3587616
1 7515459
1 2120441
1 7052690
1 3385478
1 6553621
1 5086508
1 7380372
1 6240284
1 1486344
1 4129554
1 8236012
1 1640667
1 1547318
1 9079306
1 476696
1 2731310
1 2066998
1 2248233
1 7174150
1 2172150
1 9563602
1 5344706
1 6451308
1 6349188
1 7701471
1 7309228
1 3324474
1 9054009
1 2256060
1 18647
1 5283702
1 930328
1 6872767
1 7142466
1 3745984
1 1195299
1 4165033
1 5726911
1 6583406
1 5026302
1 8596127
1 3384892
1 2499369
1 194040
1 8380315
1 1590558
1 6797111
1 850508
1 5639647
1 1450704
1 451022
1 4039093
1 1793478
1 8909484
1 5830232
1 4278814
1 1986730
1 1852670
1 2994436
1 8002507
1 9144061
1 8144221
1 1656304
1 5055665
1 3478080
1 7391040
1 28923
1 6348313
1 6193138
1 7915892
1 9371088
1 8474901
1 6907983
1 5476005
1 5957782
1 3205142
1 85034
1 2600236
1 8310204
1 5738128
1 3781005
1 4097655
1 5695972
1 7666114
1 2931092
1 9148456
1 681414
1 6319164
1 3257224
1 1877386
1 9067376
1 2303147
1 4478989
1 8407414
1 9407405
1 7680844
1 4137970
1 5477034
1 2559997
1 5723784
1 9886777
1 7368894
1 8329087
1 3958918
1 3186847
1 8449245
1 2237021
1 1612762
1 5716563
1 4045445
1 833791
1 7635983
1 9748753
1 7455241
1 8501087
1 2335334
1 7038775
1 9593586
1 7091463
1 7270148
1 8655724
1 5312702
1 7885487
1 257528
1 6053905
1 3590127
1 6612919
1 5199424
1 1235547
1 1448671
1 5405256
1 1918800
1 5787164
1 222748
1 7118570
1 5665036
1 2409727
1 6116453
1 9693723
1 7929617
1 3351164
1 9387604
1 5499875
1 8391005
1 6688528
1 3524358
1 9164359
1 5610893
1 339016
1 7182642
1 72468
1 7796773
1 4334870
1 712052
1 2546375
1 5446169
1 4315093
1 7448215
1 2901875
1 9621035
1 7485503
1 8993732
1 1721063
1 867045
1 3111556
1 4857834
1 9758133
1 9351474
1 8738273
1 5517013
1 5008592
1 7093125
1 9339264
1 8274052
1 4086466
1 3464334
1 2378173
1 2212433
1 6282417
1 2881080
1 3427708
1 2917319
1 7026247
1 6114948
1 3816917
1 1632524
1 4313476
1 6549743
1 2331271
1 9238041
1 9327552
1 1806629
1 8894386
1 4431642
1 5882638
1 2820872
1 2002494
1 9681012
1 4331147
1 5398830
1 2355352
1 2048064
1 5266560
1 4014578
1 6537864
1 8362402
1 1893072
1 2195997
1 4456778
1 5950840
1 4673925
1 1781034
1 4520491
1 7914422
1 6882014
1 3618178
1 4657339
1 656069
1 164151
1 5170579
1 1063251
1 4523419
1 5470535
1 6546201
1 4539710
1 7295822
1 5432210
1 7865230
1 777047
1 7531465
1 3325862
1 4611307
1 7231339
1 1203830
1 5980317
1 9855412
1 6224923
1 3308256
1 6278925
1 3692473
1 1271599
1 3196514
1 2910721
1 2367220
1 7856267
1 1073945
1 6666574
1 5791549
1 8765946
1 4487718
1 1201895
1 8121329
1 1556660
1 3620151
1 3670383
1 8443850
1 6740643
1 9413013
1 4957491
1 7045855
1 5527167
1 4994286
1 4542792
1 3263216
1 7669816
1 4846807
1 6221658
1 4512472
1 7867471
1 4243558
1 1585401
1 9508842
1 900754
1 6187264
1 6246213
1 8039133
1 4316965
1 248085
1 490023
1 5321308
1 3316387
1 4625309
1 2436865
1 597212
1 1160228
1 2125167
1 2563987
1 4437292
1 7593692
1 6422559
1 3823389
1 5193195
1 4705576
1 9603943
1 772420
1 7301717
1 4563594
1 8467348
1 8281146
1 8364720
1 2088401
1 2927151
1 5433994
1 9012595
1 9541413
1 1237399
1 247001
1 830896
1 3258525
1 107876
1 5061538
1 6608704
1 4824691
1 6878403
1 9592262
1 5227038
1 4666841
1 4060054
1 8600869
1 602293
1 6671558
1 4751118
1 9608084
1 6114582
1 6407112
1 3699552
1 5777350
1 8372984
1 1951250
1 5652247
1 8512221
1 8630472
1 385454
1 5343962
1 7402477
1 6040572
1 769744
1 5677362
1 4266943
1 9114384
1 9272044
1 9957174
1 4216043
1 8411654
1 6595162
1 9024836
1 1854678
1 3440865
1 9184694
1 4770375
1 8258631
1 5656338
1 7040485
1 3739286
1 4477286
1 2986658
1 4557855
1 5740830
1 5743622
1 4569940
1 2361136
1 5469881
1 5127583
1 4098332
1 7612541
1 2470029
1 9092634
1 655611
1 2819578
1 7383679
1 9288586
1 2854689
1 3473068
1 1603476
1 2013713
1 2507391
1 3875756
1 1374608
1 2874223
1 8329535
1 5774087
1 9522009
1 1532219
1 1696389
1 300360
1 2107306
1 5730256
1 41279
1 8284070
1 9888490
1 6716809
1 167626
1 4173374
1 8806889
1 8450249
1 8251996
1 9987042
1 567128
1 4545978
1 3232066
1 9701191
1 6415162
1 4312170
1 671700
1 7093988
1 7870408
1 562603
1 4563700
1 1596467
1 1128841
1 4858832
1 1183180
1 8820325
1 4778749
1 4765258
1 4446744
1 8530428
1 6512682
1 3576640
1 2501198
1 5377317
1 2784873
1 8556763
1 6801284
1 63258
1 3975564
1 7267401
1 7190668
1 1297522
1 8815289
1 5088934
1 5009238
1 4704567
1 6597590
1 5727313
1 1861423
1 6758105
1 5942442
1 4779854
1 2985638
1 5981328
1 6917556
1 9354386
1 9985180
1 3098700
1 2062297
1 325758
1 7574513
1 13897
1 5775811
1 4430994
1 8754322
1 4575254
1 598068
1 4234576
1 5814362
1 9360746
1 2178159
1 550693
1 6478711
1 705424
1 3431157
1 3612142
1 7482533
1 7243951
1 8014861
1 1897404
1 7091797
1 3508197
1 4423831
1 4539636
1 9200415
1 7241010
1 4502586
1 1517892
1 2484829
1 5302119
1 1452040
1 8037074
1 4616079
1 9867570
1 5243662
1 7690345
1 9244194
1 9380437
1 4566779
1 4768736
1 2232163
1 2621563
1 7535657
1 5779139
1 6584095
1 2296375
1 5543128
1 1769033
1 8697154
1 6538511
1 2828833
1 6683412
1 8856394
1 471771
1 3109848
1 5449183
1 1218449
1 5172281
1 5631163
1 2765158
1 2781644
1 93357
1 1191171
1 9466815
1 3685334
1 8604975
1 3744566
1 4880811
1 5704170
1 3357339
1 2474913
1 1978082
1 1897610
1 7016756
1 5573751
1 6941426
1 8167539
1 9864053
1 6312003
1 9253871
1 406112
1 5834047
1 4709173
1 2777647
1 1032646
1 1228419
1 9673762
1 7705485
1 1734660
1 3316452
1 5169269
1 6830776
1 9404463
1 3519403
1 6694430
1 8394000
1 8895607
1 5320278
1 7774881
1 753319
1 4743978
1 3883926
1 7894554
1 4576237
1 950844
1 5318240
1 59570
1 6315612
1 6199001
1 915380
1 6335154
1 8609295
1 8780438
1 2581594
1 2238864
1 5933919
1 2027882
1 8902150
1 1487323
1 2918541
1 2565530
1 7116214
1 4325278
1 7823444
1 5631931
1 4126869
1 5099341
1 8828651
1 5866970
1 1994447
1 308923
1 159665
1 5103990
1 2747306
1 3466281
1 2473626
1 7555744
1 740479
1 8828653
1 2654747
1 6732600
1 2453220
1 9346611
1 2089250
1 6250526
1 9486948
1 213453
1 3472940
1 900513
1 3729247
1 9968993
1 8103174
1 7263898
1 1227470
1 9577407
1 8641356
1 458460
1 5564455
1 4656102
1 4722301
1 7219618
1 2671474
1 1675957
1 8828352
1 5298035
1 5043750
1 3991312
1 1307351
1 1812454
1 6046756
1 7768547
1 7793366
1 3533819
1 5268109
1 3270011
1 2698566
1 431314
1 3216793
1 2490491
1 4614175
1 620683
1 5591849
1 9240326
1 7104035
1 8157467
1 2069476
1 8268036
1 8818646
1 4061857
1 4093717
1 8774265
1 1589795
1 569199
1 8278017
1 6805618
1 4920739
1 9928493
1 3096376
1 6697434
1 6863162
1 5002541
1 5089944
1 6987387
1 7228019
1 9352138
1 7670915
1 8773626
1 4853884
1 3882792
1 723786
1 2212361
1 4373799
1 6772993
1 5517790
1 2842317
1 3222574
1 8876290
1 6121507
1 6130110
1 2836383
1 4132158
1 3393457
1 3961504
1 1628341
1 9794573
1 5848434
1 2936135
1 7062201
1 5921667
1 7429127
1 3269854
1 2521414
1 5903947
1 8441845
1 3450872
1 8204676
1 3429438
1 1653094
1 9784430
1 5518899
1 354613
1 1174754
1 4491165
1 3322555
1 9284956
1 2201275
1 3575689
1 8519310
1 2994461
1 5409693
1 3940776
1 3974663
1 6776213
1 4131175
1 9519881
1 2013743
1 5558279
1 7006311
1 5333917
1 7921633
1 6357162
1 9816522
1 4887470
1 1128451
1 148382
1 5510993
1 5368117
1 4788534
1 1301404
1 3744685
1 4038793
1 1501966
1 3821245
1 5864518
1 5435837
1 1927336
1 3997515
1 4126212
1 3844658
1 4432027
1 2074897
1 9961756
1 5121852
1 5350004
1 3336604
1 6604141
1 3282292
1 1366824
1 8821392
1 9362014
1 9642315
1 3910153
1 7318772
1 9057314
1 2355772
1 9512633
1 2416701
1 4556247
1 3422746
1 2572982
1 3258227
1 9368365
1 1649084
1 8113580
1 2779083
1 3208391
1 9990880
1 4506160
1 6204201
1 3031161
1 6561052
1 8241096
1 6588218
1 4920693
1 6207321
1 5672817
1 5285791
1 8146395
1 1140788
1 2039713
1 7845159
1 6462686
1 4630964
1 8155074
1 9093043
1 7457557
1 4479610
1 2585999
1 9109891
1 3088755
1 7287142
1 1486699
1 7494258
1 4176420
1 6531550
1 528833
1 4258088
1 3610855
1 149183
1 2746869
1 9947989
1 3132438
1 8622941
1 2410032
1 6041610
1 1768558
1 9066439
1 6540833
1 6568232
1 948462
1 7833434
1 8931191
1 7835193
1 4608656
1 4000811
1 2074686
1 2384009
1 6937474
1 4036670
1 8618709
1 4186151
1 5261998
1 7136972
1 6942294
1 6962774
1 3434981
1 4550251
1 8880495
1 5285285
1 5651181
1 6020845
1 2995210
1 6690040
1 7102977
1 3122844
1 903951
1 8194901
1 5441860
1 2329209
1 5435241
1 1761118
1 1861151
1 3494176
1 2368941
1 7986139
1 474633
1 9064461
1 2904015
1 3263184
1 4610524
1 1309070
1 3841718
1 1842886
1 8852119
1 7866752
1 5721669
1 6621372
1 7998406
1 6521855
1 7780788
1 2075823
1 6782506
1 586961
1 7473433
1 8823808
1 5848679
1 5292116
1 7072443
1 6774653
1 3845574
1 7249747
1 8546420
1 5947045
1 4298203
1 3755164
1 4850281
1 5967586
1 1939746
1 7164167
1 3964960
1 9643276
1 6471330
1 1626258
1 916011
1 7695565
1 6125083
1 4399071
1 1956447
1 4769419
1 7247631
1 7350232
1 123857
1 4129484
1 6124704
1 4219150
1 6198209
1 5730712
1 8923203
1 6740829
1 8337187
1 3031890
1 8864302
1 7052329
1 9167810
1 653722
1 3911469
1 7627637
1 3053225
1 5495351
1 4543475
1 546300
1 1467024
1 2225037
1 7107463
1 9455050
1 6041363
1 7799391
1 1978895
1 5051769
1 5123528
1 471550
1 4678992
1 544832
1 1109899
1 2351702
1 7076579
1 7142024
1 7325458
1 7680154
1 8105399
1 2100465
1 9361052
1 8452057
1 6276968
1 5349047
1 3838554
1 3631003
1 3827176
1 3840906
1 4127843
1 7350099
1 3530428
1 3569600
1 3972708
1 6896029
1 6877672
1 3873578
1 5228987
1 9847912
1 960939
1 7280302
1 1583320
1 1268211
1 7454459
1 9540771
1 8040532
1 468698
1 5776157
1 1998858
1 3243020
1 570044
1 2308658
1 2406627
1 1959668
1 30061
1 981582
1 6785398
1 4533713
1 1021526
1 6818541
1 1020031
1 6942911
1 5561902
1 3571862
1 9245619
1 648324
1 3558114
1 2217503
1 840764
1 7080947
1 8926787
1 523562
1 8466047
1 5137200
1 6988477
1 2626026
1 6697392
1 7085817
1 3780891
1 2495938
1 7920112
1 5392172
1 7425152
1 6650196
1 3663459
1 6304771
1 9453425
1 393894
1 247315
1 1804651
1 4412387
1 5411793
1 7534158
1 6889374
1 4299609
1 481704
1 9340514
1 8638607
1 2116272
1 1554730
1 8304202
1 9093442
1 8105911
1 6344253
1 5897288
1 6823904
1 6600497
1 618486
1 1085420
1 4659687
1 1630232
1 9800942
1 6443603
1 4967181
1 3272747
1 1516626
1 4598532
1 6808329
1 7018212
1 7378135
1 4494231
1 3108644
1 9068514
1 7877478
1 3457783
1 7977053
1 6216795
1 2896285
1 7741503
1 6817535
1 1864061
1 4412755
1 3046085
1 9756801
1 7843942
1 3801652
1 2204141
1 4666759
1 1145018
1 4923671
1 2027666
1 8769508
1 1869694
1 251172
1 5427975
1 6937649
1 6753522
1 8108277
1 6725738
1 2739414
1 8802531
1 3671056
1 7659841
1 5633861
1 6735478
1 7744904
1 6518964
1 5938718
1 1737695
1 1724968
1 1497148
1 9683712
1 8620910
1 2675092
1 6153680
1 9041722
1 1003970
1 6971501
1 7655863
1 5136719
1 2992889
1 13425
1 5824180
1 9555340
1 4480687
1 8323994
1 6701967
1 9046919
1 6337458
1 160643
1 3358686
1 5358984
1 65727
1 2073563
1 9542822
1 2328722
1 865081
1 2759655
1 8766768
1 6506071
1 6134857
1 8703989
1 3008665
1 2348403
1 1141694
1 5571231
1 1874543
1 3932115
1 3027948
1 5116587
1 7960520
1 8999713
1 7234851
1 7701596
1 3993612
1 7213723
1 4751591
1 170807
1 3875811
1 7276864
1 3816897
1 9900578
1 6361312
1 241594
1 9081633
1 9600379
1 9664714
1 4297089
1 1146688
1 6694018
1 4535048
1 2749019
1 7300239
1 8490994
1 8718061
1 7369833
1 5130436
1 5130900
1 250132
1 2629548
1 2032728
1 7113634
1 6232652
1 2401533
1 4924766
1 5542765
1 9808271
1 8108144
1 2839129
1 3565264
1 8783807
1 4102248
1 2211482
1 2628381
1 6279849
1 3118857
1 7923208
1 5033284
1 7976550
1 2415235
1 5000995
1 527922
1 9768336
1 3762035
1 781032
1 6705229
1 4501074
1 9279408
1 6217974
1 1503783
1 5026034
1 6986132
1 6750708
1 4675391
1 9889999
1 3364326
1 3384526
1 3460825
1 7228779
1 6144048
1 7580027
1 5617112
1 4222210
1 1666466
1 2509239
1 9734436
1 7332442
1 7562215
1 9773682
1 9945917
1 6643937
1 8184488
1 4839641
1 3288408
1 7772636
1 8782599
1 3416007
1 5176201
1 3088394
1 3796824
1 7488607
1 9572046
1 2004546
1 9623954
1 8692876
1 6826642
1 9035751
1 6254511
1 2158303
1 3926922
1 9352141
1 1664680
1 7757662
1 5464508
1 8123538
1 5667286
1 2016521
1 5852067
1 9943134
1 711892
1 9645462
1 363442
1 3141648
1 8197531
1 69413
1 1142179
1 7940295
1 8501445
1 6529858
1 190905
1 8616250
1 6084223
1 3918849
1 6233255
1 6865636
1 7075102
1 1212350
1 3472934
1 6815313
1 2650302
1 8328753
1 7031893
1 796822
1 230230
1 8058933
1 7059103
1 3153397
1 4012654
1 4088083
1 5328471
1 2762393
1 7236242
1 3916774
1 8799127
1 8398415
1 7814569
1 7883531
1 7774608
1 7646692
1 6163498
1 5221294
1 4252221
1 3402136
1 9160320
1 2769978
1 8332659
1 3365614
1 9663032
1 7242249
1 7960926
1 8138320
1 3895685
1 6290360
1 3417308
1 2487303
1 6176439
1 1108047
1 6309645
1 5878972
1 2126312
1 9871236
1 3832876
1 2941334
1 1495001
1 5445494
1 1291905
1 2672104
1 7061613
1 4299958
1 3126019
1 5919592
1 8653233
1 7983573
1 5786733
1 8901531
1 9383428
1 83382
1 3283622
1 9876441
1 5593340
1 9277232
1 8312870
1 1850647
1 2467441
1 9757502
1 5200480
1 9489136
1 2408652
1 4088004
1 1972538
1 5934659
1 4896480
1 2307905
1 8796071
1 2237419
1 4487001
1 1339386
1 4354297
1 2624603
1 7862867
1 9122377
1 230992
1 4541262
1 8095761
1 8247485
1 3483580
1 1211867
1 9991888
1 6920256
1 8532800
1 1065199
1 7635863
1 985612
1 6621935
1 3978747
1 3405597
1 5430247
1 4286804
1 9088640
1 3223291
1 7046295
1 9587903
1 9696524
1 3183875
1 4279639
1 7503066
1 121437
1 3446374
1 1498208
1 6314213
1 3127277
1 8655910
1 5926563
1 286998
1 6046554
1 6846958
1 5125006
1 9910351
1 7570024
1 5814251
1 4247493
1 4226915
1 9107301
1 8132529
1 9180985
1 5132849
1 1361924
1 8310288
1 2419751
1 2518242
1 7416973
1 6491140
1 231630
1 5522181
1 5490568
1 2603209
1 8473383
1 6295645
1 124569
1 362855
1 28658
1 8547795
1 8102956
1 9269594
1 266720
1 8375822
1 1549358
1 5574876
1 2635908
1 7990994
1 8468152
1 6721756
1 3484608
1 4693603
1 2192307
1 3913982
1 3594268
1 6386588
1 2550658
1 1065108
1 5453102
1 2922625
1 3240791
1 2717641
1 3258359
1 3604762
1 3624766
1 745078
1 8031272
1 8515665
1 9039671
1 5980454
1 9589246
1 2771466
1 8245944
1 1579132
1 2905385
1 510004
1 2442801
1 3196303
1 3617230
1 4196344
1 1890233
1 6533095
1 6664895
1 9063576
1 3730998
1 9885990
1 711695
1 3439424
1 3032052
1 614742
1 1324564
1 870862
1 3820290
1 137079
1 9338400
1 8382134
1 7927882
1 1695926
1 3918494
1 9754345
1 4615401
1 1303610
1 708362
1 333067
1 7756355
1 2792088
1 8451369
1 3770874
1 5192397
1 3581214
1 1904908
1 7750900
1 4265599
1 7574655
1 7877527
1 3734646
1 4992729
1 8725883
1 9329425
1 6440213
1 6403387
1 8130749
1 9733706
1 6665762
1 1907
1 7607435
1 3993219
1 8370938
1 1671783
1 99398
1 3062530
1 5402959
1 5664770
1 6505405
1 1177263
1 7203022
1 2556180
1 7545452
1 7776365
1 951810
1 6744965
1 1183171
1 2615
1 8707309
1 7602149
1 5173725
1 2956978
1 6925360
1 3162241
1 7272106
1 7136949
1 2182288
1 6663647
1 6839163
1 1209816
1 9887095
1 6815138
1 4815872
1 1283624
1 92861
1 2854765
1 4076609
1 9849863
1 7139732
1 6342258
1 8061118
1 335957
1 5150565
1 5581803
1 6761041
1 8522988
1 6171753
1 5925716
1 4029763
1 8856055
1 8912730
1 6567052
1 2543512
1 6896981
1 129699
1 9623320
1 5513570
1 8321329
1 5222360
1 31605
1 81250
1 5386931
1 9079935
1 9612913
1 8578481
1 7709979
1 8785363
1 4054604
1 9872105
1 2843523
1 1988479
1 7715081
1 2618595
1 3354857
1 8578774
1 5234167
1 3482589
1 1896390
1 4329682
1 9849768
1 3175971
1 9232965
1 1888855
1 29914
1 1227229
1 7645776
1 6205528
1 385617
1 7350644
1 5600065
1 6653344
1 3276881
1 2510686
1 4082037
1 8155003
1 1770013
1 2343039
1 9847847
1 6102056
1 610563
1 1727560
1 6447446
1 2124239
1 2081044
1 4693108
1 947353
1 1834368
1 7125190
1 5986882
1 6319712
1 6325161
1 7142542
1 24743
1 6743483
1 4173699
1 5042937
1 6699869
1 605839
1 3855508
1 866789
1 8451000
1 3466653
1 5289114
1 9089423
1 6356497
1 1448940
1 5558148
1 8340670
1 6050129
1 4836547
1 1030527
1 7031046
1 8799510
1 1319414
1 573262
1 3184764
1 6066258
1 2182825
1 4940827
1 7407823
1 5448457
1 8866040
1 1553222
1 6300673
1 5608016
1 3550025
1 4332877
1 5624746
1 449435
1 521268
1 2774619
1 6286634
1 9445606
1 5233926
1 6280516
1 3695727
1 6794976
1 7097197
1 9900389
1 6856385
1 8102799
1 896424
1 6346703
1 8277314
1 4992054
1 2440637
1 9683513
1 6940274
1 262393
1 2355204
1 179921
1 5082536
1 4711876
1 2786028
1 547765
1 9284159
1 3669162
1 4691102
1 4649258
1 1010649
1 6404867
1 8109655
1 3666969
1 3051254
1 8393158
1 7656719
1 6317718
1 1657545
1 500205
1 9528367
1 3591610
1 6453233
1 9810088
1 9890156
1 1890716
1 3986221
1 2524732
1 6604937
1 5074018
1 4305709
1 8006612
1 5616563
1 6934227
1 9523937
1 1482973
1 6918576
1 7158978
1 4469770
1 5634378
1 7993150
1 4018236
1 1090018
1 7259673
1 7196791
1 6168479
1 5744849
1 602040
1 4932144
1 7165745
1 3728657
1 4388613
1 4403726
1 1799117
1 545903
1 3339481
1 3802871
1 5354119
1 5258239
1 8591799
1 2895901
1 8099318
1 1348177
1 545700
1 1225103
1 1934815
1 6195158
1 8631569
1 4827231
1 9161353
1 136778
1 7607090
1 152609
1 8504106
1 6279603
1 1031608
1 1883110
1 6198047
1 3352928
1 8566538
1 3425827
1 1800962
1 6824827
1 2427758
1 6415352
1 3003260
1 9272199
1 6009819
1 1546823
1 3274150
1 2476420
1 1944466
1 2047304
1 4669175
1 3251148
1 1340441
1 8291253
1 5546074
1 9472316
1 1565233
1 9078897
1 938934
1 6261722
1 190087
1 597540
1 7976878
1 4091550
1 4675337
1 2895967
1 922938
1 2807783
1 2254916
1 7872606
1 1701327
1 2745051
1 8374568
1 5926926
1 3824290
1 3575224
1 8516029
1 1038630
1 8220212
1 935966
1 1972798
1 6719694
1 3285029
1 8657972
1 8203166
1 4361313
1 2905603
1 8029044
1 8312458
1 1477620
1 3782437
1 3485102
1 584741
1 5715974
1 5888290
1 2770499
1 8129532
1 6059859
1 1619196
1 5802078
1 7340347
1 3539237
1 2816430
1 6178557
1 6721391
1 1975796
1 4641796
1 8524050
1 2950281
1 4227358
1 4887205
1 4991793
1 41002
1 3305162
1 6975714
1 2347749
1 4058281
1 5570586
1 4672019
1 7742322
1 8539333
1 1301232
1 3922363
1 1806424
1 9081871
1 4606888
1 9999169
1 7163278
1 3539581
1 7124359
1 5955527
1 4529810
1 3402316
1 9097768
1 3382811
1 5473573
1 2852611
1 3576730
1 2445874
1 440076
1 7713745
1 8073956
1 998545
1 1684353
1 8562358
1 2141027
1 5019448
1 7219770
1 9190965
1 2856521
1 9834595
1 571336
1 4621690
1 8764330
1 7037882
1 6837482
1 7133470
1 1084655
1 459551
1 1205983
1 2716977
1 1413871
1 1346148
1 8754532
1 8462314
1 4263764
1 5599133
1 5152418
1 5114452
1 9619350
1 224188
1 8217721
1 6309790
1 1915054
1 8441613
1 2718023
1 910603
1 3609409
1 1545389
1 8541482
1 2126048
1 1199027
1 4345290
1 7374894
1 9995870
1 1035803
1 709302
1 3209126
1 5772101
1 2321578
1 4956108
1 8825907
1 4719662
1 6654224
1 3868795
1 2341956
1 1564983
1 6117321
1 6098656
1 4781547
1 4062262
1 9890076
1 8910640
1 9645455
1 9739940
1 5948313
1 122993
1 896608
1 8150335
1 536056
1 9684475
1 6079876
1 2540162
1 750117
1 7334667
1 9096390
1 9937129
1 2743068
1 9572280
1 4911515
1 2968229
1 7019967
1 2158804
1 4680091
1 868380
1 7139460
1 7856433
1 8913676
1 987906
1 5069930
1 653173
1 1059363
1 3676151
1 4463102
1 1224806
1 8298591
1 9375775
1 5372282
1 9929831
1 6985361
1 9517128
1 2783036
1 4762982
1 8878472
1 710575
1 7945642
1 3568726
1 9429041
1 5014328
1 6259705
1 661747
1 3257059
1 4867851
1 1824686
1 8721027
1 6812533
1 563269
1 6162429
1 3137288
1 6569143
1 2790174
1 7742755
1 2277370
1 7989995
1 4024033
1 5181077
1 4468587
1 3491671
1 6574763
1 8810108
1 7424952
1 7641970
1 6368489
1 8665456
1 9866130
1 5580496
1 1527390
1 3100414
1 6155801
1 5660923
1 5837811
1 5326035
1 176852
1 2614035
1 3877722
1 6770585
1 3784550
1 1588097
1 6351027
1 6175385
1 1661598
1 4760399
1 2844667
1 1427592
1 7965761
1 1643561
1 2354338
1 9363734
1 4893641
1 7227006
1 9282178
1 5440859
1 4059397
1 5062511
1 5984179
1 2763085
1 8497008
1 5649331
1 5338050
1 4537862
1 7579274
1 160789
1 3267386
1 6577658
1 4166118
1 6745940
1 9101213
1 6985638
1 574042
1 1127818
1 1449236
1 8414825
1 77070
1 9748013
1 5979441
1 1644931
1 3628859
1 267579
1 1984167
1 3866196
1 1314736
1 7478834
1 5959490
1 249604
1 7498323
1 3019767
1 164934
1 3280574
1 2825658
1 380247
1 9931525
1 7008648
1 6370421
1 1702975
1 1451995
1 2761870
1 3268018
1 7095275
1 2492861
1 8085633
1 3766077
1 7332775
1 9495208
1 5935780
1 1760826
1 7437285
1 8410416
1 6194081
1 2350805
1 300390
1 6456281
1 8405906
1 524560
1 3539260
1 4987036
1 1496629
1 8641064
1 1310527
1 2223359
1 6333270
1 3572675
1 4247383
1 8097096
1 8366421
1 9292230
1 6360191
1 1432824
1 7175492
1 3191891
1 3802868
1 7913710
1 2284162
1 7059348
1 8385057
1 8208916
1 7786029
1 4049090
1 8869903
1 8587991
1 9042733
1 7058508
1 174957
1 192079
1 1146154
1 539091
1 1829673
1 7300138
1 4343295
1 8410134
1 4035322
1 3713578
1 1586769
1 7533440
1 7761801
1 666422
1 7875068
1 2601292
1 8444282
1 3116653
1 9173112
1 9218999
1 854757
1 309437
1 1333265
1 9425309
1 6825014
1 950236
1 1460058
1 3216922
1 4298524
1 4996114
1 4568831
1 2791748
1 4519036
1 5819537
1 555562
1 6862394
1 2223192
1 7068494
1 8125054
1 1171728
1 5191165
1 6804788
1 6380962
1 6970510
1 2752706
1 9662838
1 8276003
1 6634032
1 8342622
1 7608533
1 3521995
1 8080910
1 9978448
1 5757295
1 3954442
1 4588410
1 5779987
1 5690779
1 6015952
1 2600945
1 430633
1 3544620
1 8416639
1 5630642
1 4733624
1 1400065
1 7062182
1 263908
1 2981841
1 973510
1 9049042
1 9645484
1 8006641
1 295712
1 6200838
1 9002075
1 6662197
1 7456884
1 1553672
1 333889
1 9341280
1 1390774
1 6696480
1 9042772
1 7773786
1 6087356
1 1174739
1 2450836
1 7159061
1 4753183
1 7238933
1 115063
1 7888653
1 1329345
1 9583686
1 422515
1 891750
1 7780827
1 7274242
1 7308981
1 3094940
1 1066292
1 991260
1 7402961
1 5994961
1 5013057
1 772909
1 9240666
1 7956324
1 2855684
1 4526145
1 4867214
1 7139309
1 4816528
1 7561810
1 3546374
1 5019820
1 5981167
1 8259436
1 7951955
1 5894222
1 6598300
1 7911349
1 4831390
1 2383642
1 8903421
1 5573572
1 25935
1 4858635
1 3777095
1 6159906
1 7783366
1 6187564
1 5286386
1 4979580
1 4571447
1 1942551
1 1316948
1 4011502
1 8126079
1 617865
1 778414
1 4140043
1 9065746
1 3883886
1 5789126
1 8031501
1 1623621
1 1747917
1 3309883
1 7591937
1 2087017
1 1434867
1 6390123
1 5062197
1 7855633
1 8829226
1 6183519
1 8112905
1 3067550
1 3749571
1 5274094
1 9785933
1 5774321
1 1041067
1 6849964
1 1049945
1 6977004
1 3129707
1 5718766
1 9756846
1 5533433
1 1707358
1 3520296
1 1016342
1 1441881
1 5297804
1 7493400
1 2689005
1 3518002
1 4371807
1 6111312
1 2666306
1 3812149
1 7001071
1 8231663
1 6069234
1 4061399
1 3990563
1 2620011
1 5407833
1 2678897
1 2050815
1 687567
1 8471234
1 9170011
1 2486548
1 3336388
1 2592424
1 9188507
1 8942976
1 8446017
1 9376008
1 8327594
1 9207186
1 2577804
1 4341958
1 9159198
1 2733750
1 8709325
1 7533183
1 4617939
1 2778948
1 1623965
1 863273
1 8032887
1 6242054
1 3861797
1 625318
1 4497207
1 136942
1 7549709
1 16197
1 5811821
1 1412929
1 3324831
1 6488996
1 5308260
1 3316014
1 174972
1 8911426
1 2514204
1 1523780
1 5730796
1 7494646
1 1978052
1 5849235
1 947221
1 7185285
1 8463092
1 6198893
1 6110371
1 2728668
1 3188815
1 9563639
1 9919684
1 844028
1 3941723
1 9519196
1 72388
1 848557
1 9177419
1 8341621
1 6413185
1 9506385
1 5969326
1 9021468
1 9852371
1 859025
1 6875484
1 4300799
1 9049384
1 4799177
1 7318188
1 1779669
1 7288529
1 8300358
1 3456496
1 8773106
1 9239111
1 8903174
1 5993017
1 3381090
1 4742005
1 899354
1 2554548
1 4826029
1 5928574
1 5484063
1 4128713
1 5886746
1 79009
1 9942522
1 6398418
1 6672150
1 8172936
1 6706577
1 8284910
1 2226599
1 3394695
1 4742926
1 520788
1 715016
1 3639693
1 1401785
1 5885707
1 513790
1 4201591
1 6705311
1 4932558
1 7050631
1 3270274
1 9628466
1 2364195
1 6770684
1 7948530
1 525813
1 1002348
1 8234942
1 6534553
1 755383
1 564426
1 5158323
1 5475098
1 470527
1 5027662
1 3945697
1 1553347
1 4669180
1 5293596
1 261372
1 2329364
1 5406608
1 2061953
1 9878859
1 9723546
1 1326026
1 2771195
1 6697493
1 5898150
1 9263824
1 4491856
1 8013003
1 1446999
1 6758699
1 8711761
1 8116818
1 767384
1 2049042
1 4428331
1 3617950
1 131469
1 2663050
1 7246455
1 2774995
1 7045318
1 7935693
1 8659732
1 5822329
1 446034
1 5337202
1 4886088
1 6689800
1 2813524
1 3134046
1 4532080
1 5076264
1 9882553
1 4379054
1 6584585
1 1862323
1 7200836
1 1063985
1 2855332
1 372035
1 3839973
1 2982738
1 4057092
1 5539908
1 1890155
1 881134
1 390738
1 9937814
1 5311959
1 9459785
1 6387931
1 3177729
1 6556346
1 2120901
1 4249453
1 5037840
1 2883542
1 3512328
1 7694807
1 3242089
1 6595855
1 4976555
1 1093942
1 7069165
1 837550
1 9878614
1 1407395
1 2747193
1 6744840
1 5624326
1 6564043
1 8527217
1 3861319
1 4961810
1 6959444
1 9082011
1 7259750
1 7345970
1 3030937
1 8102802
1 8615248
1 7295059
1 298676
1 7579839
1 5175367
1 7097031
1 3245818
1 5078552
1 5912378
1 1614251
1 6096520
1 9640663
1 4443812
1 7234822
1 70668
1 4996259
1 5220634
1 3794585
1 5764249
1 4479891
1 7027393
1 5923088
1 3395571
1 8805119
1 5712586
1 7935923
1 9285921
1 7586323
1 3696447
1 3424233
1 409731
1 4383163
1 2613231
1 4279228
1 5208539
1 6353916
1 4827439
1 4783329
1 4387689
1 5366652
1 1336648
1 7488423
1 4629660
1 727449
1 6334840
1 5548372
1 8859439
1 459065
1 2815692
1 4549744
1 5477302
1 4707553
1 7241185
1 1421106
1 7421576
1 6171477
1 3423869
1 5124078
1 6788967
1 9103863
1 9019226
1 5832234
1 9726336
1 7672430
1 9104538
1 3875128
1 4735945
1 7113645
1 3901227
1 907518
1 3342126
1 8492966
1 6850865
1 7678375
1 2198069
1 4339431
1 8400398
1 5378357
1 9314813
1 9454765
1 2760704
1 3704204
1 8376355
1 8024173
1 4918499
1 1008808
1 6353924
1 496831
1 5708553
1 845195
1 4973596
1 2416703
1 9486486
1 5944952
1 5889938
1 9519445
1 7036501
1 6058135
1 7762252
1 8446592
1 6222675
1 887499
1 6125841
1 5120997
1 952338
1 7374576
1 9562628
1 1312006
1 7191287
1 4081894
1 5538056
1 3552398
1 8773874
1 6049987
1 2823930
1 949293
1 606540
1 9902467
1 3020949
1 508682
1 5973368
1 5124679
1 217343
1 8821428
1 3086141
1 182627
1 7158850
1 8544865
1 1768492
1 3313168
1 4885145
1 8746943
1 5050865
1 9850986
1 9850267
1 9772321
1 2349003
1 5239715
1 5090597
1 2240591
1 8385166
1 7947264
1 2297237
1 3118892
1 6580459
1 5479720
1 3779428
1 3934553
1 5893212
1 836566
1 7880478
1 6797998
1 6205365
1 6545847
1 2735472
1 4392073
1 827132
1 1505771
1 9345318
1 5635970
1 5114278
1 5180524
1 7305302
1 1435956
1 6810742
1 1076225
1 3797598
1 6515605
1 4963086
1 7679054
1 942803
1 4921308
1 5868397
1 8757821
1 2672346
1 4226119
1 4497971
1 2654935
1 5369896
1 1709581
1 1062852
1 1695994
1 1549794
1 8956623
1 6833146
1 6039832
1 4921125
1 8082912
1 6041330
1 6124782
1 5738959
1 2156551
1 7279115
1 3157069
1 4859423
1 603025
1 1194070
1 4590490
1 1464143
1 4475097
1 7080591
1 9868018
1 3173206
1 3350715
1 2922347
1 8525264
1 6129659
1 1655446
1 7338782
1 3828946
1 1849380
1 5884353
1 1548887
1 2638132
1 7078670
1 3945496
1 1638906
1 6877502
1 2229069
1 8637358
1 1830721
1 4925168
1 2388245
1 339532
1 9573369
1 8620600
1 3456791
1 5931710
1 7875855
1 9941068
1 1465307
1 448501
1 2969801
1 2876466
1 9127190
1 5602625
1 3463963
1 7167111
1 6002553
1 848742
1 7158896
1 1444923
1 6142478
1 5085090
1 8722385
1 187151
1 5124354
1 3063403
1 1913732
1 5687340
1 5406221
1 1233821
1 9014849
1 4736692
1 2746559
1 7107430
1 1971951
1 6620127
1 4308398
1 1371287
1 9376154
1 4011766
1 488244
1 3962552
1 3106114
1 4510047
1 3031444
1 8731664
1 3057565
1 1048601
1 8554999
1 1332810
1 6199498
1 9077346
1 239044
1 9523419
1 1566837
1 8782597
1 6686005
1 2675489
1 3293453
1 6952795
1 1488461
1 1720378
1 1423292
1 159691
1 8336925
1 5496575
1 8787992
1 8186612
1 3442502
1 8081584
1 5925052
1 5137905
1 9713809
1 8957754
1 5051036
1 468634
1 4978797
1 2121259
1 2966399
1 8725005
1 4760758
1 6711396
1 7218559
1 2523263
1 989900
1 8541648
1 4190301
1 7776394
1 9442718
1 1100398
1 7608207
1 3171026
1 2931255
1 2292282
1 7343756
1 2626295
1 2149916
1 6914569
1 7944777
1 7217754
1 7934515
1 7283908
1 5352305
1 6542313
1 6206509
1 1291255
1 2298337
1 4127136
1 7550295
1 2808432
1 9253176
1 5685899
1 6057538
1 3066948
1 4146211
1 4774277
1 4586533
1 8057196
1 8185175
1 4412323
1 8301101
1 9802312
1 602718
1 4684988
1 4022117
1 3291658
1 383361
1 1310875
1 280713
1 6599207
1 7854442
1 9258862
1 6967102
1 7955189
1 4672886
1 9245684
1 7117758
1 3365000
1 8365511
1 3108424
1 3128032
1 1492937
1 25513
1 1101765
1 2114518
1 3151925
1 6981114
1 2536622
1 2731868
1 7072465
1 3685795
1 7330549
1 4266442
1 3538678
1 4424840
1 5370941
1 2860598
1 9869623
1 2612612
1 7533005
1 9343856
1 1542796
1 1870782
1 5089390
1 2538325
1 99008
1 5663263
1 4130126
1 5042663
1 9618898
1 1795319
1 5548099
1 6935220
1 3941218
1 2880124
1 8575134
1 5662020
1 2954739
1 1452860
1 1639612
1 1966411
1 2253986
1 7496504
1 182652
1 8994135
1 6475260
1 8785110
1 1993855
1 6043272
1 939201
1 8311597
1 5880422
1 7119177
1 8842617
1 2106989
1 8856676
1 5470734
1 1456876
1 2472306
1 8051706
1 5981150
1 3773625
1 8694276
1 4821078
1 445167
1 4375065
1 976835
1 5127077
1 6904020
1 1200836
1 1101387
1 8844
1 9395327
1 6924094
1 5603245
1 2374188
1 2247844
1 5723443
1 9436787
1 2313382
1 6257760
1 4616055
1 6589820
1 7099300
1 6191490
1 6321655
1 3288868
1 8973693
1 5906042
1 1467892
1 5295794
1 3749478
1 54280
1 3860925
1 8125378
1 480212
1 5387433
1 6617316
1 7944476
1 7815363
1 3314001
1 1928175
1 897060
1 897382
1 6494350
1 659022
1 5758567
1 5159240
1 4957184
1 9734407
1 1920321
1 4194284
1 664050
1 4983916
1 7251369
1 6869420
1 398062
1 7194913
1 8253651
1 7795337
1 9172742
1 6982461
1 8405557
1 5990046
1 8513674
1 8213482
1 4233132
1 9818798
1 3869125
1 3777919
1 241724
1 8356880
1 7249311
1 6416157
1 3005886
1 3804759
1 8301245
1 8415446
1 2562183
1 5317258
1 8613794
1 2557135
1 7298490
1 8321299
1 2156521
1 5763993
1 5559668
1 7235042
1 3312033
1 5260801
1 1987425
1 5594346
1 5016720
1 6760813
1 6275238
1 838715
1 6960386
1 6023708
1 2568817
1 4718762
1 3189882
1 1277510
1 4000492
1 4348245
1 1660113
1 498896
1 8228651
1 7657445
1 4582556
1 6367898
1 3927765
1 8121169
1 531268
1 3131100
1 9543230
1 8433070
1 6049332
1 5620082
1 849506
1 3262175
1 3699276
1 2178093
1 1181000
1 5820374
1 3396464
1 6526912
1 9297055
1 6788362
1 7888586
1 1381275
1 6619092
1 7899888
1 5212723
1 5293861
1 8013232
1 1626321
1 8709979
1 6639542
1 8425373
1 2368968
1 9559447
1 3741579
1 9383312
1 3174763
1 5493790
1 7040265
1 7637836
1 3260782
1 309090
1 9753873
1 7854256
1 104365
1 2892073
1 5846882
1 6217938
1 21882
1 166618
1 9520223
1 6569206
1 4798438
1 2613821
1 5765244
1 7110417
1 8582348
1 4956927
1 5964971
1 661503
1 8614211
1 9635960
1 8860693
1 9037130
1 4253119
1 4326177
1 7089279
1 7537005
1 3168423
1 6409161
1 2907424
1 3583137
1 7457565
1 7184209
1 4974680
1 5591534
1 811659
1 7284205
1 4760562
1 2591212
1 7889848
1 5836920
1 2167647
1 5910230
1 7726847
1 3303168
1 7684956
1 9237592
1 4399199
1 3619064
1 3380
1 7179684
1 3844907
1 3561988
1 5930044
1 8714416
1 892277
1 8428257
1 2452387
1 6135871
1 3191891
1 3663932
1 4573818
1 9237704
1 6402061
1 6157126
1 117748
1 9029415
1 7179205
1 7454947
1 6830923
1 6566856
1 6272178
1 9061839
1 6063068
1 5395769
1 3144570
1 9923673
1 8704719
1 9735267
1 64093
1 5631599
1 9857790
1 3038048
1 2074012
1 799344
1 4341131
1 6872917
1 4032805
1 8338560
1 5723381
1 7790812
1 3136397
1 4251547
1 7238858
1 5760786
1 6869509
1 7044294
1 7824125
1 1339760
1 2661073
1 4485214
1 7862168
1 1843538
1 2123746
1 830521
1 8824593
1 9156543
1 9401619
1 943437
1 3650147
1 6007699
1 7823350
1 9795018
1 238341
1 9606521
1 123103
1 8246557
1 7692875
1 2084604
1 2490864
1 5639223
1 3205039
1 4833058
1 6137545
1 6276262
1 7975800
1 6753680
1 1814378
1 6790421
1 9270055
1 1764504
1 6915218
1 204582
1 1650853
1 9588699
1 4721805
1 2743589
1 9514844
1 8328711
1 9984688
1 4337223
1 2324573
1 2761284
1 6523663
1 9043089
1 1508999
1 3881388
1 321195
1 6799349
1 8893693
1 6472703
1 8873677
1 3507348
1 2422700
1 7900930
1 3167151
1 4042279
1 6599040
1 6927228
1 4622869
1 5584813
1 2960649
1 102659
1 2114344
1 5663121
1 85510
1 2212631
1 3151239
1 7671556
1 2197514
1 4981627
1 1593470
1 6751118
1 6760759
1 9047172
1 1387068
1 8507113
1 5447954
1 4402445
1 1466597
1 5107092
1 7620273
1 3928889
1 9163143
1 7025346
1 2673555
1 9687442
1 4144651
1 6251374
1 8817687
1 7159723
1 6164377
1 1625542
1 8355846
1 5873455
1 3401196
1 1058637
1 8410928
1 8460058
1 9742611
1 4022295
1 1658987
1 8007750
1 4835021
1 5712869
1 5969685
1 148855
1 3888966
1 3817725
1 9946796
1 7754012
1 9852654
1 8668016
1 5600539
1 2302778
1 6235954
1 2211842
1 9291837
1 6977615
1 5309109
1 4798462
1 9073859
1 3186842
1 5180293
1 2177786
1 2723114
1 4194002
1 710601
1 9434860
1 3297602
1 9494086
1 1146483
1 5156564
1 5201149
1 2988036
1 5061512
1 737479
1 7894384
1 2986161
1 7205799
1 3671284
1 2044617
1 684193
1 6259640
1 7310783
1 5392143
1 4715773
1 8767343
1 5639148
1 1093979
1 4458158
1 8912753
1 6418478
1 3088437
1 8841634
1 3873161
1 3094190
1 2962422
1 942956
1 4305798
1 9850268
1 8498862
1 5928409
1 4286213
1 6997564
1 2153995
1 8842190
1 456707
1 4895051
1 6328802
1 9167424
1 4503803
1 293470
1 8524002
1 2089657
1 1555685
1 9774448
1 5742445
1 7574421
1 9555473
1 2724081
1 5592274
1 9459922
1 4561384
1 8383092
1 4549045
1 9254487
1 6605157
1 7414549
1 9301200
1 6443164
1 9391978
1 7356640
1 8325550
1 1306872
1 212533
1 2256837
1 7083379
1 6315522
1 2383862
1 1688531
1 700676
1 3989908
1 7263304
1 6555278
1 3715543
1 6419022
1 1468628
1 2178756
1 1081201
1 2494334
1 7610227
1 9571610
1 6825219
1 7332843
1 6710100
1 5095000
1 2446007
1 7929701
1 9233177
1 339557
1 5936598
1 6310592
1 9552112
1 3666545
1 2045080
1 1033699
1 1431957
1 2549940
1 2584055
1 617178
1 4269383
1 2637278
1 5814327
1 2503552
1 3950350
1 7037251
1 8120353
1 4485248
1 6351051
1 2631611
1 7614604
1 9432627
1 742960
1 5800740
1 212751
1 9086857
1 1501895
1 712945
1 8369994
1 7667835
1 3844302
1 6767392
1 4182
1 9579116
1 6449748
1 3681174
1 6538268
1 4050053
1 4176135
1 4068125
1 5037432
1 7203243
1 6820516
1 9931521
1 8243191
1 2585903
1 5202680
1 6844867
1 4183178
1 7069738
1 1590889
1 7693862
1 9443792
1 7221341
1 8051361
1 6151633
1 1810077
1 4207804
1 141684
1 4146998
1 9181871
1 5743483
1 4037974
1 4003162
1 6109288
1 6537297
1 1796099
1 9379981
1 6711012
1 9865699
1 6409556
1 7079948
1 1104895
1 9903889
1 334440
1 4740681
1 7369967
1 2632501
1 1737648
1 7909134
1 229903
1 4675287
1 7016976
1 6220410
1 7995507
1 9662279
1 5665704
1 1775874
1 6363480
1 7043854
1 7811120
1 5038618
1 3814880
1 4463498
1 8420956
1 4850406
1 3422409
1 9286907
1 6929526
1 107972
1 6538016
1 9127200
1 1111654
1 6931708
1 5323928
1 1012307
1 1488553
1 7452709
1 6790797
1 9180962
1 1027123
1 3427502
1 2936610
1 8876541
1 9972640
1 8771463
1 9617109
1 5322497
1 9369747
1 8283348
1 6600881
1 8650226
1 4632076
1 2999674
1 940764
1 4113636
1 996016
1 9931971
1 9215794
1 4881980
1 6355248
1 7327704
1 8415581
1 3491528
1 3035935
1 9958973
1 4236157
1 2633374
1 8167004
1 2464570
1 4558379
1 4905236
1 6720381
1 2116907
1 9234479
1 7706001
1 2212932
1 3107531
1 7612037
1 9617639
1 4862333
1 299129
1 5579476
1 359430
1 3551675
1 8379991
1 8873760
1 8154281
1 6929559
1 9497447
1 1669086
1 1271229
1 3187880
1 4025137
1 6391590
1 2963964
1 3785556
1 6977778
1 2418663
1 7217372
1 3651196
1 403989
1 2600160
1 9304759
1 2038636
1 9831227
1 1625870
1 2450851
1 1490315
1 7775776
1 2879350
1 9487141
1 9027177
1 5554820
1 7824298
1 8947695
1 657349
1 4722584
1 9780291
1 5317151
1 1198234
1 2690166
1 3602636
1 6205930
1 9353292
1 9849040
1 9300844
1 7525948
1 9201437
1 273067
1 1909353
1 5612949
1 9316299
1 8630176
1 7719888
1 7216152
1 2190502
1 2198851
1 9831703
1 2882789
1 5840469
1 9786114
1 8294122
1 5983528
1 1416323
1 5834128
1 4879342
1 5002675
1 8209109
1 4884795
1 6309104
1 9229556
1 7168111
1 7088122
1 3851828
1 4127721
1 322861
1 6360023
1 9810565
1 3843093
1 4169291
1 8372534
1 1162932
1 2332928
1 3620501
1 5238311
1 7137300
1 2677524
1 5585621
1 1461437
1 9324556
1 5110902
1 1294327
1 9501520
1 9695291
1 2079986
1 9741340
1 7205486
1 3300384
1 7390386
1 2548811
1 6643733
1 1677416
1 6952550
1 831643
1 657335
1 313037
1 9294424
1 6210976
1 4225382
1 2403763
1 8181194
1 4827783
1 6579088
1 5344643
1 8387877
1 2057530
1 5329259
1 5510447
1 2042826
1 4819752
1 5076886
1 403062
1 2743751
1 168411
1 7624765
1 9120391
1 8662394
1 5222670
1 6956549
1 2040247
1 8459551
1 9803674
1 1543661
1 3245871
1 6721742
1 2112993
1 2770262
1 9702724
1 4522718
1 2756054
1 2037196
1 2148850
1 3409309
1 9426713
1 4999856
1 9686375
1 6497682
1 3148660
1 2812000
1 1339371
1 6230114
1 7405016
1 5044331
1 4442
1 3102786
1 8607809
1 7554686
1 3129638
1 4422829
1 3323544
1 2286011
1 8054369
1 9905533
1 4737302
1 7200393
1 6292580
1 3303155
1 3256545
1 8811722
1 9191397
1 6462108
1 9783178
1 8625010
1 9587676
1 9641001
1 6786623
1 2549323
1 5975511
1 2993480
1 3996594
1 8817523
1 9471516
1 7177743
1 2683254
1 4635599
1 1609147
1 9294648
1 586051
1 6594022
1 2977249
1 381337
1 7919858
1 4525009
1 3566888
1 8565605
1 7833148
1 5092033
1 9499803
1 8885578
1 4402656
1 8664164
1 5656293
1 281443
1 9810375
1 3206282
1 7685886
1 2446743
1 6589412
1 9848408
1 2356323
1 347397
1 2820043
1 5219944
1 9822399
1 7607827
1 3068490
1 3493603
1 8670650
1 8236269
1 269770
1 7784442
1 8325379
1 6694163
1 2048858
1 4963535
1 3116874
1 6550659
1 9293606
1 1072893
1 6795136
1 3614377
1 7908429
1 9890162
1 3730219
1 4946707
1 3575169
1 5341430
1 6498195
1 374290
1 9604895
1 2997325
1 2559700
1 1032797
1 4448424
1 3443913
1 895867
1 4125131
1 5217211
1 2472828
1 7457404
1 6531541
1 8746115
1 8868285
1 3212487
1 5372591
1 3846349
1 3901412
1 4760576
1 165067
1 4228393
1 8187152
1 1568852
1 4056573
1 6219844
1 2694267
1 6232059
1 181631
1 8361013
1 9702562
1 1634526
1 6137637
1 5749984
1 5058123
1 5498533
1 4141459
1 7476226
1 9425870
1 1970108
1 2786076
1 1866399
1 217667
1 6070999
1 8338384
1 3802260
1 1983908
1 9596942
1 6355261
1 4485735
1 608967
1 3140235
1 3887054
1 1827227
1 3015524
1 7263604
1 1214374
1 2115975
1 3627477
1 1529223
1 3095697
1 6115369
1 9627216
1 3947399
1 5910989
1 8349349
1 7081553
1 4847554
1 427942
1 1693953
1 942168
1 676415
1 9934328
1 6783722
1 7145260
1 623174
1 4076479
1 3479182
1 1714612
1 8853894
1 9741355
1 4691486
1 4482825
1 1336760
1 4330235
1 3862038
1 7350417
1 3772669
1 2331821
1 9035619
1 9522320
1 8277938
1 5437575
1 3731849
1 6364873
1 7064692
1 6895844
1 6254539
1 7335526
1 1282704
1 381911
1 3242537
1 26798
1 3403555
1 2365469
1 8827939
1 2290603
1 3448602
1 7004954
1 8447282
1 811469
1 5491547
1 416023
1 4954334
1 7368130
1 1639527
1 3843002
1 4417611
1 243669
1 1149788
1 903829
1 8551224
1 4964976
1 9023977
1 9484671
1 8621007
1 648821
1 8515566
1 740808
1 3665805
1 2638369
1 7047734
1 513457
1 788948
1 1838752
1 7138973
1 8279447
1 3482497
1 6394430
1 583192
1 1725319
1 3361141
1 2731051
1 4600811
1 2855893
1 4291276
1 4389402
1 4612785
1 8194912
1 4352353
1 7402773
1 7033982
1 2337803
1 7390953
1 9465780
1 3186560
1 7283994
1 6091650
1 7845093
1 2139033
1 9472951
1 6058687
1 9429876
1 1348309
1 5372521
1 3798174
1 576201
1 8559004
1 8532195
1 6068845
1 6934394
1 8539800
1 7299910
1 340551
1 1480617
1 1591086
1 7356984
1 6813047
1 8215387
1 3485725
1 5937713
1 9960456
1 1013784
1 7899842
1 4476123
1 2701001
1 8810115
1 146608
1 5732348
1 175773
1 2541422
1 500280
1 1088545
1 2271487
1 5035440
1 6360807
1 9034461
1 2067032
1 3484365
1 8627676
1 1178638
1 7740228
1 9043106
1 8947049
1 9453556
1 2128895
1 4839027
1 198927
1 1045032
1 7881270
1 7127418
1 8620694
1 9228276
1 2142995
1 7759389
1 7545217
1 4793178
1 9490319
1 7110477
1 7662306
1 6274064
1 7410237
1 2134906
1 904441
1 5264934
1 9747875
1 5593594
1 2870540
1 8660331
1 6350023
1 6185882
1 8942623
1 4911364
1 2612671
1 2074462
1 492524
1 3178212
1 8882577
1 7050327
1 5470291
1 8379183
1 2642015
1 5033652
1 4356907
1 5161727
1 7065667
1 8409775
1 363485
1 5419703
1 6675391
1 2934560
1 9937866
1 9177064
1 3232928
1 6543955
1 7157864
1 3758908
1 9589140
1 3156280
1 9447731
1 8921992
1 8306506
1 9170390
1 8006882
1 431770
1 1893453
1 1303360
1 6986819
1 1279125
1 7206581
1 3338806
1 6429888
1 784582
1 4752036
1 7669785
1 9500668
1 2635377
1 575535
1 9534984
1 339665
1 1411270
1 5558955
1 9141916
1 1514506
1 5673757
1 6376659
1 2386746
1 952755
1 604376
1 9578508
1 2861747
1 7106030
1 7299798
1 2432899
1 5703980
1 8634972
1 6859181
1 2984511
1 2999487
1 3679131
1 842464
1 8674860
1 7855089
1 3922341
1 7514157
1 4567875
1 5859693
1 2920827
1 2338758
1 8307453
1 8975536
1 9659579
1 1092116
1 798732
1 7989098
1 1385147
1 100138
1 5964727
1 1294130
1 2162642
1 9349595
1 5555447
1 2961520
1 6936618
1 9682626
1 1278760
1 7586342
1 8283160
1 3010154
1 1646424
1 4558142
1 6673796
1 6827346
1 4373620
1 1663017
1 9867212
1 3643968
1 5381038
1 8690005
1 4470663
1 5541756
1 9586344
1 2071059
1 6632195
1 6598258
1 8824616
1 6981706
1 6420606
1 9874928
1 2341550
1 929110
1 8941209
1 9261644
1 9428950
1 9478132
1 7455619
1 9590359
1 6520079
1 7839258
1 8736694
1 4186791
1 8118979
1 2547126
1 9135775
1 8961286
1 5499988
1 8836976
1 6274734
1 2549315
1 5497298
1 5142245
1 374060
1 4687503
1 3524325
1 7377579
1 24277
1 6164026
1 9627996
1 7959908
1 6767228
1 9850766
1 2156882
1 6434452
1 6965460
1 992792
1 8851375
1 8552912
1 7792383
1 1751106
1 3229101
1 2649798
1 7775097
1 4144340
1 3664018
1 2537783
1 6352393
1 2935803
1 5704258
1 7757193
1 5190225
1 6848049
1 4272660
1 7033292
1 6070924
1 5206883
1 4892657
1 7037194
1 3792403
1 6416551
1 9210394
1 8542228
1 2513167
1 4951500
1 8179560
1 9827200
1 3301778
1 9381085
1 5957109
1 80413
1 2439398
1 4311322
1 1591939
1 5172164
1 2539913
1 3554181
1 6926595
1 3700277
1 3108988
1 8182768
1 4252829
1 1992417
1 9177727
1 902666
1 9973374
1 6936768
1 6235331
1 5384918
1 3107878
1 4533996
1 5727713
1 8457271
1 5969098
1 6048077
1 2679625
1 5039407
1 9328766
1 3938406
1 4305065
1 7377978
1 9829078
1 7584599
1 2305175
1 5389759
1 8468364
1 3430055
1 3463221
1 1136652
1 1046565
1 8881669
1 4042888
1 3422749
1 2692402
1 5057508
1 7898466
1 417356
1 7933493
1 3542176
1 4287476
1 2958541
1 1311443
1 9543952
1 7526987
1 619193
1 9847645
1 6251863
1 7297229
1 450067
1 9132829
1 5649819
1 3261237
1 2415268
1 7797036
1 7705246
1 6573591
1 7131275
1 5991790
1 4025930
1 3081023
1 3022711
1 6084363
1 4595967
1 3078956
1 842624
1 1161624
1 3190073
1 6924010
1 3019170
1 8281370
1 3035653
1 8078593
1 4048679
1 5658957
1 5827401
1 5781156
1 5902028
1 2746531
1 2587882
1 2280609
1 9910330
1 4189408
1 7170442
1 9146042
1 4720596
1 8775400
1 3393995
1 1728840
1 6529592
1 5728778
1 8325097
1 2605262
1 1549128
1 916153
1 6920499
1 9948729
1 4143907
1 974971
1 8322869
1 8628857
1 7899562
1 3785214
1 8382279
1 9139486
1 1398564
1 9922461
1 8108709
1 474138
1 8578150
1 4100090
1 4594114
1 1324695
1 6932550
1 6383505
1 4216419
1 7815117
1 7419543
1 4403408
1 3461540
1 1772266
1 4206040
1 109898
1 8409600
1 3224974
1 5188679
1 7930685
1 3769408
1 3635562
1 2199250
1 1642095
1 8040588
1 4573054
1 4590317
1 2564404
1 5962744
1 9080141
1 6874197
1 2127219
1 2517733
1 1200352
1 275441
1 4547934
1 1573025
1 7393367
1 789331
1 3021623
1 9505873
1 6613707
1 3131678
1 9618542
1 8805551
1 3206270
1 1716001
1 427206
1 2878907
1 4232620
1 7685435
1 6841086
1 6650631
1 7633941
1 4860021
1 7551637
1 1675885
1 5250659
1 9984064
1 1768262
1 8762091
1 2201705
1 781082
1 9094079
1 6283142
1 3792580
1 7077908
1 9508580
1 8770410
1 6942099
1 5860733
1 3291529
1 7792160
1 3078041
1 7509159
1 6865035
1 1680616
1 6110001
1 2426698
1 9078743
1 8066323
1 1549498
1 5358855
1 6841513
1 8392138
1 6737831
1 7078947
1 5639178
1 7586654
1 6633647
1 3988671
1 3040411
1 4642803
1 9377315
1 8878668
1 3317675
1 2480625
1 545351
1 4949733
1 7001362
1 7750674
1 1813002
1 1857278
1 2798080
1 9534098
1 7609242
1 3118439
1 4809894
1 8259458
1 1776969
1 2115805
1 8708432
1 1851679
1 5202026
1 7891846
1 4560092
1 673934
1 4382375
1 2849904
1 7699597
1 2605474
1 538691
1 2228428
1 9391819
1 9606776
1 4726608
1 3549070
1 5531964
1 7870615
1 3977945
1 522633
1 6065900
1 5500359
1 9628925
1 4664466
1 7982633
1 3061357
1 4113818
1 2061368
1 7932624
1 6279690
1 9518222
1 506420
1 6269998
1 3275024
1 152775
1 2046440
1 22076
1 6250468
1 3053368
1 1753128
1 6052865
1 6783249
1 5596744
1 8248972
1 2769359
1 7986280
1 9274388
1 8552646
1 5846634
1 4645791
1 1467812
1 6241305
1 8669519
1 310
1 4695910
1 3356021
1 3438206
1 3256091
1 1234518
1 6246570
1 3965977
1 5884803
1 1625064
1 3253798
1 8096238
1 6760849
1 8795277
1 5283555
1 4664029
1 4992038
1 8346512
1 9678173
1 9356168
1 2470268
1 905162
1 1082544
1 1228482
1 1340583
1 2327782
1 3227321
1 4518751
1 6065507
1 5978272
1 6977817
1 7056774
1 569230
1 165818
1 1451075
1 5505135
1 5322094
1 3925444
1 3076484
1 4804429
1 1575668
1 6349012
1 6782092
1 5632272
1 7713526
1 5652497
1 5359537
1 6008978
1 9095866
1 3092117
1 6442448
1 1634150
1 2862879
1 3922623
1 7944456
1 9486222
1 5547937
1 3442052
1 83190
1 2356674
1 7261550
1 5772885
1 1783221
1 4012048
1 5282435
1 1497975
1 6902729
1 367209
1 3979226
1 8831759
1 6369198
1 7552416
1 6182683
1 4471032
1 883121
1 6717905
1 6923557
1 6115354
1 749956
1 9966903
1 8492197
1 1660619
1 7086973
1 6272347
1 7965937
1 3901383
1 5923051
1 2701282
1 1459047
1 5781131
1 6891990
1 8997054
1 7312952
1 8166392
1 6802935
1 9719303
1 6654485
1 9384436
1 5905237
1 2453319
1 2956986
1 7097131
1 4981029
1 8963861
1 2186814
1 9772372
1 3052865
1 3494009
1 605039
1 8677113
1 9515493
1 5873985
1 6773542
1 7680240
1 4010028
1 8233907
1 9575940
1 7900734
1 5379370
1 1416942
1 564251
1 6484311
1 9263670
1 7473370
1 1574385
1 3136344
1 2807778
1 1886428
1 8355071
1 5347817
1 656415
1 9381377
1 9660870
1 3095703
1 4225251
1 5589572
1 8511628
1 6906586
1 6157939
1 1760378
1 2045834
1 7949819
1 7562206
1 3403043
1 3628016
1 527106
1 7313602
1 7823347
1 6718723
1 6329104
1 3091827
1 6008656
1 8143443
1 235385
1 3585527
1 7760429
1 6313800
1 7409323
1 518411
1 3476351
1 48977
1 6188917
1 8175031
1 771411
1 4793122
1 8355044
1 1382371
1 4005107
1 1819810
1 8125624
1 1492395
1 2137088
1 7255679
1 8045046
1 9313542
1 3525659
1 5442758
1 6134405
1 594321
1 2500860
1 8427738
1 8686764
1 207733
1 7045243
1 3971797
1 8162460
1 6166187
1 700536
1 9621878
1 1218794
1 5429900
1 6919973
1 6993757
1 4638816
1 9072422
1 9645634
1 6004240
1 9585310
1 4752725
1 6528510
1 1650369
1 6176867
1 1946613
1 5107251
1 2393099
1 4171806
1 8387878
1 5110217
1 1787446
1 4955614
1 3352596
1 5537277
1 4908331
1 5834441
1 4883501
1 6130288
1 72062
1 4208754
1 7322271
1 5650692
1 8555935
1 7825360
1 2519720
1 7021844
1 8294521
1 6223535
1 4541861
1 6120904
1 9662321
1 4022906
1 6128191
1 5003630
1 8144745
1 1185516
1 6010815
1 1830815
1 5077494
1 5857932
1 6972854
1 1225312
1 5452452
1 1037061
1 7058644
1 8507139
1 9941187
1 3332573
1 5107590
1 4862708
1 3482915
1 1507772
1 8499133
1 8944495
1 3872596
1 1450454
1 4311243
1 122793
1 1678160
1 9396295
1 3467171
1 7444731
1 7541951
1 1378693
1 7003323
1 1442888
1 4707203
1 9818686
1 9998522
1 1043081
1 6205843
1 1909000
1 6474026
1 5509819
1 9378347
1 381219
1 4599758
1 3592384
1 6782204
1 4550066
1 7330150
1 5357185
1 1934188
1 8898087
1 9941212
1 3294973
1 1073600
1 1332256
1 996353
1 464011
1 7965215
1 5683671
1 848282
1 7352009
1 603704
1 3790785
1 1837680
1 8509300
1 4407527
1 5485607
1 6116611
1 1389035
1 9803747
1 8157901
1 7690774
1 7328570
1 5585394
1 905626
1 2919002
1 2744019
1 4136964
1 3660085
1 6112436
1 313303
1 4713158
1 2100629
1 7465611
1 5530807
1 9693630
1 1670483
1 2561594
1 2734773
1 3705701
1 8752463
1 9737662
1 2368426
1 7320717
1 7851371
1 8714555
1 9790801
1 1269272
1 7962463
1 1767606
1 8844164
1 6873692
1 9833277
1 1915679
1 783324
1 8487815
1 8631309
1 2825343
1 989770
1 3434114
1 44694
1 4340060
1 5263664
1 2798327
1 6210386
1 6284852
1 8104653
1 2022988
1 2515287
1 9704151
1 6555855
1 4680428
1 3661184
1 9304963
1 909247
1 9993765
1 8587123
1 3767952
1 8687534
1 9340611
1 5186700
1 6796818
1 2752914
1 6127281
1 1290799
1 9863534
1 9029926
1 4613631
1 2977386
1 3865867
1 4756578
1 5181338
1 4070729
1 5469420
1 4321737
1 5527776
1 9157965
1 6153160
1 3888674
1 398602
1 5180066
1 1869918
1 9770362
1 4408034
1 7412818
1 6662534
1 2911831
1 7253541
1 9314264
1 4295450
1 1221395
1 4062229
1 1555261
1 463311
1 3083114
1 1407203
1 547414
1 7113026
1 6497449
1 3293311
1 5821096
1 9404458
1 6612043
1 6539909
1 9362009
1 8344467
1 8208264
1 3854856
1 9677656
1 7635608
1 605700
1 2864246
1 4960775
1 9459137
1 423698
1 4276597
1 5076389
1 6869997
1 4732007
1 8532501
1 7359369
1 7495856
1 8869735
1 6521815
1 741979
1 7362355
1 5162272
1 8602425
1 7798403
1 7383926
1 8267443
1 4080333
1 4963991
1 8793896
1 4922420
1 265353
1 3062717
1 1603956
1 4777123
1 8837224
1 2558187
1 7659847
1 9830807
1 8387270
1 8699767
1 654065
1 3711096
1 762889
1 8408112
1 3833550
1 4802887
1 1864872
1 7540504
1 3352115
1 4525517
1 7187339
1 7154942
1 4529986
1 2324906
1 4945854
1 7640927
1 4695404
1 1303865
1 7260153
1 7653330
1 4323014
1 7218217
1 8177806
1 9756351
1 9005875
1 5993116
1 7224590
1 98814
1 8241318
1 1388982
1 6607648
1 5908430
1 4484482
1 449191
1 6577886
1 4499836
1 8797610
1 495199
1 2572228
1 5851790
1 6645835
1 1573369
1 2737532
1 954607
1 1539640
1 5645941
1 6097349
1 6941405
1 2078499
1 2515449
1 8553592
1 6808409
1 3702449
1 9078664
1 3981932
1 5667809
1 5330393
1 2142857
1 3193811
1 303235
1 3100144
1 4130320
1 3254308
1 9571249
1 5693227
1 7986430
1 3224631
1 1614367
1 5335445
1 9326993
1 8124562
1 2845908
1 3687756
1 2746141
1 8664411
1 7811363
1 9702240
1 2594364
1 5272165
1 1020862
1 9490590
1 2856947
1 7308194
1 2202778
1 8609000
1 5498806
1 8845078
1 8079890
1 3551848
1 2376979
1 895387
1 9767772
1 1068815
1 3009241
1 2124391
1 6907233
1 8464901
1 2701490
1 7836009
1 4380360
1 6237604
1 5177125
1 4730570
1 1310118
1 6806735
1 1659261
1 3545694
1 1579577
1 5990493
1 284786
1 316520
1 211548
1 5745935
1 2549902
1 2655902
1 8052733
1 8767796
1 9672801
1 9069301
1 4617059
1 9051192
1 6391529
1 263970
1 1309968
1 8361550
1 4257308
1 2699222
1 1677026
1 8518665
1 1447991
1 226914
1 6196569
1 968446
1 5825451
1 3006760
1 432839
1 7050599
1 8838158
1 8106056
1 9742411
1 6484383
1 3028063
1 5461020
1 2409349
1 241196
1 9787470
1 7097192
1 7334378
1 8618547
1 1858016
1 2340157
1 4852638
1 5108323
1 3223697
1 9331266
1 8726624
1 3145155
1 8632491
1 6899295
1 4587531
1 4738865
1 3229029
1 746738
1 4970213
1 8343168
1 2735070
1 6103253
1 8437737
1 5468124
1 8073984
1 2329411
1 2112683
1 8814422
1 499960
1 5489720
1 1902536
1 12175
1 7240166
1 6994752
1 7600389
1 5648025
1 7115378
1 7995870
1 3426303
1 7633374
1 1643296
1 7231880
1 4324000
1 1643621
1 1262172
1 8832602
1 3931517
1 4956656
1 6308047
1 9553303
1 1156572
1 466315
1 8186498
1 5775884
1 4639714
1 8405518
1 7799521
1 8250408
1 9911507
1 7672023
1 9551932
1 5948404
1 9715176
1 611796
1 9444435
1 8292016
1 9509721
1 3376488
1 9950880
1 606380
1 1821588
1 5915709
1 4031220
1 7122199
1 1785678
1 4206917
1 7672126
1 4915032
1 492024
1 4536325
1 4927503
1 588605
1 6308233
1 4093121
1 9479515
1 7829616
1 332468
1 9621109
1 1992982
1 9521904
1 8027607
1 5548229
1 9757121
1 1432792
1 7366607
1 9019168
1 8830143
1 5070881
1 8827605
1 5975193
1 7564233
1 4704131
1 712799
1 1973599
1 4013719
1 1123474
1 1474372
1 855831
1 1433735
1 6140518
1 102001
1 4296127
1 6628765
1 486333
1 1149816
1 5983587
1 6973105
1 9995727
1 6879694
1 5344592
1 3131817
1 5620184
1 1063827
1 4927145
1 4038403
1 3950919
1 3678323
1 7207019
1 5737712
1 657720
1 5142798
1 4815684
1 4199379
1 1180193
1 6313025
1 9900658
1 338857
1 7770570
1 9297063
1 9908876
1 7906466
1 3501745
1 4292823
1 5079598
1 7150915
1 108855
1 7307497
1 2868359
1 3282020
1 3700442
1 5296419
1 2932892
1 5657470
1 5298741
1 1737496
1 7580401
1 8378889
1 8036211
1 9504970
1 8056093
1 6659805
1 8144521
1 1244596
1 5012049
1 5566704
1 6113803
1 7645891
1 5470755
1 6954697
1 1831136
1 7467443
1 862632
1 3132783
1 8357065
1 785035
1 8043540
1 787944
1 8855149
1 3378713
1 8525157
1 358136
1 7714544
1 6723591
1 3610319
1 9768757
1 320551
1 4958904
1 8988136
1 2139651
1 6128195
1 4035068
1 1304081
1 7312308
1 2739639
1 7819703
1 9957848
1 8918253
1 42949
1 5800618
1 5921319
1 7024130
1 6252967
1 9872464
1 5078851
1 8465097
1 9362665
1 1198362
1 3411877
1 8798101
1 5847352
1 3067347
1 284615
1 379188
1 3669939
1 8098603
1 5598777
1 8103527
1 4802507
1 583659
1 3206315
1 3042183
1 734405
1 5145475
1 7752149
1 3287864
1 3119148
1 9290695
1 8698268
1 4561487
1 4476356
1 2006331
1 776382
1 3523389
1 7292251
1 5193897
1 4955709
1 7679661
1 7419091
1 6244776
1 697453
1 8277938
1 3849586
1 1076735
1 46395
1 9497524
1 9991928
1 9899636
1 411698
1 9782408
1 8716906
1 4436290
1 9581754
1 1621582
1 4822879
1 9290202
1 3049159
1 8930289
1 6340910
1 9532783
1 1822856
1 504388
1 7485338
1 9839625
1 2863472
1 683355
1 5349775
1 170911
1 5161602
1 8615992
1 9648797
1 955787
1 4649313
1 6841440
1 4562052
1 578753
1 2733260
1 5462025
1 8996002
1 6395999
1 9803853
1 4562437
1 9341735
1 1584105
1 4618544
1 8612736
1 328870
1 1420742
1 8432993
1 7833240
1 77620
1 9482243
1 3786305
1 3815716
1 7302246
1 8348916
1 5679758
1 7687237
1 4271909
1 2214449
1 1405566
1 1238057
1 6322598
1 9613288
1 5982973
1 2498270
1 9820788
1 3933967
1 3397011
1 4742887
1 2773611
1 3218067
1 2121018
1 5700589
1 9940096
1 8875837
1 7578072
1 1534552
1 5546514
1 3356032
1 6518496
1 2186568
1 9465399
1 3119042
1 7317592
1 172323
1 7415807
1 2689208
1 1599326
1 4501321
1 2306351
1 618458
1 4011970
1 2032940
1 7645385
1 9884988
1 2950298
1 1095581
1 4208101
1 3149698
1 7611242
1 8758760
1 488990
1 3968608
1 8925784
1 4711753
1 4574846
1 7541807
1 2110138
1 5752017
1 9253981
1 7630920
1 2448678
1 7286187
1 4300544
1 1333898
1 4516082
1 9923947
1 4620632
1 3005262
1 7481442
1 8783269
1 8680144
1 8052484
1 4225441
1 9197174
1 8681573
1 5308538
1 4611286
1 7628444
1 5093340
1 382915
1 4475114
1 9304203
1 3178726
1 3514161
1 7575353
1 7498865
1 4115529
1 1644861
1 5288223
1 14660
1 2243032
1 1709181
1 8863017
1 7029363
1 1996328
1 5832990
1 1759019
1 194513
1 7792098
1 7718211
1 6812844
1 373455
1 7661503
1 8506266
1 9663009
1 3122476
1 618112
1 8005912
1 3052496
1 9990885
1 7770824
1 9403458
1 1051990
1 1125908
1 6871018
1 3403493
1 5930368
1 4189382
1 4414371
1 2250193
1 1357460
1 7686575
1 9438759
1 4404185
1 3330165
1 9847219
1 4095887
1 771876
1 4609002
1 3674058
1 1460338
1 7034445
1 8114777
1 4343898
1 2523562
1 9950217
1 7669112
1 174991
1 7444803
1 5985776
1 7301101
1 484132
1 5478506
1 5900796
1 4210878
1 6849144
1 8309243
1 9416172
1 9456317
1 5239223
1 6852747
1 442307
1 5569148
1 8613087
1 7205225
1 6134499
1 4186708
1 8043851
1 6061557
1 563405
1 1201550
1 8623614
1 104669
1 8141705
1 9044204
1 5610949
1 3395344
1 7281912
1 9828148
1 4712604
1 9420452
1 431824
1 2481336
1 9927269
1 5150358
1 4179918
1 5420669
1 5840642
1 6164424
1 4338639
1 2381737
1 505920
1 182098
1 294014
1 2702599
1 300443
1 6744058
1 126016
1 9750280
1 7352579
1 8240146
1 2856825
1 9397443
1 8819071
1 3871628
1 786090
1 3124023
1 9808253
1 7640394
1 8903218
1 8779493
1 9696709
1 9512531
1 1429247
1 5620282
1 4645809
1 9510955
1 4882231
1 3225888
1 2697771
1 9627117
1 4655738
1 3723485
1 2932513
1 6354379
1 9789082
1 1734546
1 9969966
1 5725241
1 7353313
1 9848338
1 646346
1 9032764
1 5168788
1 614183
1 5150513
1 5571538
1 5123173
1 9916893
1 5006428
1 8167952
1 5800408
1 42066
1 6844355
1 1026811
1 261012
1 1439017
1 7177617
1 9167022
1 7178249
1 7691427
1 6210406
1 1514783
1 5217071
1 2431880
1 9519869
1 5172782
1 6937882
1 3730494
1 9666787
1 7268590
1 5412033
1 3967363
1 1661660
1 1346949
1 4556122
1 8859037
1 2226298
1 26332
1 683850
1 649251
1 7032375
1 751391
1 7524536
1 9709703
1 6566867
1 3893091
1 9086724
1 1657602
1 5933553
1 2040393
1 4346201
1 8322224
1 2633095
1 8652829
1 4612467
1 2999978
1 6350525
1 5151414
1 3273645
1 4031118
1 9042945
1 1897417
1 186145
1 3753146
1 2800541
1 2683989
1 3671817
1 245473
1 5779444
1 747813
1 2509987
1 8185438
1 6297013
1 9723498
1 9112843
1 4512343
1 8235594
1 9209894
1 8057416
1 8100563
1 8196464
1 795696
1 6609949
1 1305518
1 2934496
1 60571
1 9833893
1 8089915
1 3490214
1 4539796
1 9205850
1 5041797
1 9748143
1 4597874
1 3791763
1 619716
1 8553478
1 5426122
1 3481720
1 7507252
1 3520372
1 1115474
1 9018716
1 3024244
1 710578
1 1335288
1 8001645
1 7598914
1 1952338
1 5443450
1 528177
1 5254921
1 319788
1 2099252
1 1210814
1 6266103
1 3069485
1 913762
1 2633868
1 8731682
1 363624
1 3634889
1 6558271
1 6914837
1 8770208
1 1184132
1 5457930
1 6565388
1 1436148
1 5616337
1 2749691
1 4949608
1 1911106
1 5821987
1 895137
1 8792500
1 1227677
1 3566369
1 9009367
1 9430046
1 2706979
1 9011819
1 6787589
1 7952152
1 4298730
1 9035816
1 4085514
1 6052069
1 8250241
1 5917547
1 5837524
1 9169790
1 7584332
1 883257
1 9577840
1 3988458
1 9676751
1 6193727
1 4049734
1 3648191
1 9774435
1 9439020
1 9739342
1 8208628
1 4969381
1 2424903
1 3600303
1 6527726
1 1725962
1 5524303
1 2816170
1 7539203
1 695527
1 6261612
1 3846513
1 5835735
1 6905070
1 2384543
1 958146
1 5819091
1 9666075
1 8357355
1 8469221
1 6042759
1 7680841
1 5370604
1 1526418
1 6408476
1 3742984
1 4308574
1 519176
1 1478923
1 7422531
1 9067534
1 9673448
1 8394750
1 3578971
1 870566
1 8491325
1 681304
1 8200803
1 4511341
1 5036422
1 2975678
1 7361454
1 9932290
1 9329994
1 3399099
1 6950407
1 3503653
1 7354817
1 9251446
1 2650933
1 3381593
1 9276532
1 4214687
1 902789
1 9810737
1 7816638
1 2093944
1 3579413
1 1918610
1 7727178
1 9147199
1 7430353
1 4897426
1 9247458
1 5521736
1 8300519
1 3700427
1 6927352
1 1803249
1 7638038
1 772308
1 6229783
1 7160049
1 256006
1 9431105
1 9242403
1 3671725
1 7212488
1 9326002
1 5859505
1 5419704
1 5552477
1 2352761
1 5386127
1 4087576
1 1862657
1 2104483
1 6782657
1 8558286
1 7124799
1 4476331
1 8845336
1 9022668
1 7915727
1 2636547
1 4307952
1 8090625
1 5700321
1 7037757
1 7232102
1 8933513
1 9698125
1 8902757
1 587578
1 1784307
1 7371075
1 1253583
1 4767212
1 6594566
1 6468787
1 7569624
1 3831749
1 4355200
1 6880828
1 4191215
1 8942564
1 5301325
1 8435935
1 3103703
1 7589344
1 8505488
1 5818049
1 220281
1 5229232
1 5419564
1 6466468
1 2474304
1 8588269
1 3060202
1 7680963
1 8829854
1 1601789
1 508936
1 9694411
1 9181407
1 5063297
1 9483849
1 1255434
1 7966302
1 9749514
1 3460299
1 5825640
1 8756514
1 906941
1 319455
1 790030
1 4683488
1 8741615
1 3696350
1 4111731
1 3010078
1 2967405
1 8819244
1 7032406
1 8155652
1 1787407
1 5415536
1 5422160
1 5273833
1 9849130
1 9617128
1 3134608
1 1524256
1 5875369
1 9174813
1 989024
1 960311
1 7234916
1 2394278
1 1712532
1 9612931
1 6945010
1 3360293
1 412761
1 5997934
1 4749892
1 3524732
1 8760653
1 447167
1 79657
1 6427232
1 787517
1 809947
1 6047939
1 4983054
1 880347
1 3580606
1 1493375
1 9770049
1 1451401
1 88400
1 6210541
1 3483910
1 4080147
1 4788545
1 4324811
1 1319410
1 5521928
1 8174056
1 1727806
1 9270969
1 1114210
1 1324444
1 395000
1 9020156
1 7484660
1 5060090
1 6135256
1 243725
1 8826088
1 402214
1 8037704
1 7752377
1 2880164
1 4425794
1 4270817
1 4469389
1 178881
1 5548376
1 6305012
1 6517027
1 4170258
1 6901737
1 1702239
1 1987480
1 877351
1 1698909
1 1047666
1 1227398
1 4575390
1 305244
1 975963
1 157988
1 6492575
1 3641372
1 231555
1 4353836
1 8162667
1 3957615
1 3377385
1 9485521
1 7720217
1 6715063
1 3990857
1 9232987
1 331665
1 8632219
1 6118463
1 9816493
1 5927817
1 2813044
1 443374
1 7058594
1 3250006
1 931975
1 471765
1 7655781
1 1503857
1 710748
1 6948826
1 7729093
1 9783385
1 3459599
1 3667638
1 6610424
1 7254309
1 9819492
1 5793775
1 1065824
1 2239256
1 6002109
1 6020763
1 3372316
1 7772061
1 9056587
1 6829883
1 6337870
1 8301636
1 6916118
1 5126697
1 9800443
1 2582147
1 9982796
1 8486034
1 9351125
1 2513639
1 6097944
1 6618617
1 6646082
1 920414
1 9982767
1 2026114
1 7835073
1 9089195
1 1712884
1 514433
1 6244756
1 9372967
1 5533391
1 2434642
1 8743269
1 5023509
1 2366717
1 449432
1 3936007
1 5634934
1 8673047
1 8146984
1 2568675
1 2235232
1 8019645
1 1377454
1 8822681
1 1092736
1 1725557
1 9808721
1 3776058
1 4836755
1 2767946
1 2230955
1 1407997
1 3742725
1 9718116
1 3982640
1 7681147
1 8200963
1 664041
1 8265882
1 9392644
1 2692964
1 4680282
1 1663617
1 6134728
1 1638637
1 2653551
1 4472707
1 3184742
1 1062935
1 3671168
1 4486532
1 4079581
1 6365547
1 6812024
1 2237370
1 5089096
1 9686520
1 8130094
1 1522741
1 4455285
1 1657567
1 5860656
1 6835670
1 9876639
1 1210559
1 6949889
1 5900888
1 7477116
1 8685113
1 1924431
1 101213
1 5805146
1 811941
1 8095683
1 2045974
1 5646917
1 3063771
1 8141546
1 778107
1 1617260
1 6811594
1 9801458
1 6602155
1 6669939
1 5675692
1 9415541
1 6736422
1 614508
1 6519211
1 6749140
1 3271642
1 4117712
1 9366560
1 1341583
1 2882210
1 6371506
1 8587523
1 3836794
1 2808306
1 270813
1 6324443
1 2476866
1 6060344
1 2301640
1 5071088
1 6683092
1 9118378
1 7255425
1 580850
1 9967426
1 5916595
1 9687878
1 4279687
1 9364642
1 1736659
1 7694768
1 5815772
1 1498159
1 7373749
1 9546383
1 9553849
1 5205754
1 2655331
1 8189371
1 4451872
1 7744544
1 6990261
1 8710758
1 9639471
1 8473392
1 328280
1 4344677
1 3896473
1 702574
1 9088524
1 7155748
1 1152724
1 6216072
1 3814422
1 5790591
1 1203342
1 8575686
1 6649587
1 3774353
1 3776280
1 4992403
1 4861508
1 8228975
1 3273886
1 6694439
1 4450456
1 6997343
1 908600
1 4507164
1 4631381
1 1382461
1 6260666
1 4367290
1 5491991
1 6342666
1 5163886
1 9197852
1 7282977
1 6260500
1 3750503
1 8718578
1 7790418
1 8802074
1 8690378
1 123846
1 419377
1 121474
1 5487492
1 303836
1 9978779
1 1855869
1 9530649
1 4175565
1 2429779
1 7126840
1 1417492
1 6981251
1 2873929
1 7643490
1 643
1 9853635
1 365582
1 7218090
1 60459
1 5812007
1 4217846
1 2643195
1 6926335
1 5828770
1 5087327
1 4692484
1 2204506
1 1127765
1 1350708
1 6282715
1 492878
1 5101776
1 5992360
1 2664773
1 509952
1 1583452
1 3887841
1 3812872
1 6647588
1 8187080
1 4424589
1 2578624
1 959305
1 3826848
1 2103070
1 2388890
1 5611637
1 1656235
1 1431295
1 5028899
1 7815919
1 6511242
1 5488537
1 7605609
1 1309439
1 5509217
1 7645260
1 9562836
1 1335361
1 7712082
1 4286169
1 2124521
1 2718988
1 9280891
1 8379487
1 4489402
1 8418022
1 6612957
1 9827741
1 220666
1 1780451
1 6790012
1 2670985
1 4256373
1 1636202
1 5463324
1 2234271
1 1341840
1 2309066
1 243709
1 9871770
1 4901639
1 5114684
1 1690427
1 8313087
1 7361114
1 831287
1 1084663
1 6857822
1 3948109
1 482066
1 7465808
1 6250558
1 364336
1 9663094
1 1973692
1 8650866
1 6210989
1 1670568
1 7326008
1 3448465
1 6188292
1 8857820
1 3213597
1 3003685
1 2853372
1 8732272
1 6141494
1 8701767
1 5948348
1 2957013
1 8365817
1 4400200
1 8402395
1 2142230
1 4631444
1 2914824
1 8803700
1 5159767
1 6320655
1 5594111
1 7355109
1 2212192
1 2540292
1 471132
1 2708425
1 8736367
1 7574473
1 6227644
1 4851906
1 5861155
1 7449005
1 7556957
1 4896774
1 6591526
1 9109784
1 3985235
1 8284555
1 3324886
1 358404
1 4557973
1 7335028
1 1984548
1 7830046
1 764220
1 399294
1 8708601
1 257489
1 438583
1 3851873
1 5641777
1 8104520
1 6745833
1 28517
1 7378158
1 663625
1 3704619
1 4761375
1 68717
1 9356752
1 885736
1 8612059
1 5988684
1 3070431
1 455358
1 9522580
1 8545917
1 9323820
1 1647414
1 2531011
1 5072595
1 9262036
1 9890661
1 1702059
1 4229604
1 2156141
1 9924557
1 6867890
1 7293889
1 9766914
1 7572744
1 5217596
1 8472557
1 9925789
1 7306231
1 75554
1 5971771
1 2780579
1 2759229
1 4935760
1 8481221
1 9096972
1 2684105
1 7722702
1 1718570
1 8708729
1 1238651
1 1508285
1 3164102
1 5532382
1 8874478
1 3180558
1 1832433
1 3579618
1 1728465
1 9991664
1 4796136
1 2733610
1 336077
1 7697458
1 3187119
1 1648912
1 1278655
1 1585959
1 5625226
1 342524
1 2894262
1 4043184
1 5713077
1 1051425
1 4010768
1 6497183
1 3046451
1 7556041
1 392633
1 1055645
1 7559081
1 3954928
1 753620
1 6612597
1 846187
1 8247415
1 3218263
1 6280554
1 7405903
1 1221644
1 1377695
1 8990692
1 4747897
1 8918966
1 1996189
1 8275137
1 212753
1 9950212
1 4784736
1 4258893
1 2427933
1 571717
1 5872480
1 9725105
1 2242296
1 6439223
1 5401777
1 2366270
1 9553763
1 6818453
1 999563
1 4522339
1 2390405
1 749358
1 3669584
1 3072075
1 1863972
1 3727399
1 5929934
1 5988752
1 7284078
1 6974480
1 5256757
1 621388
1 1297612
1 6296964
1 5686840
1 4110606
1 2296312
1 3039258
1 7494511
1 6682700
1 4047218
1 2329728
1 1710616
1 6385562
1 6866810
1 8573605
1 828013
1 7858927
1 6595967
1 8599924
1 5017375
1 2131335
1 2769606
1 1589737
1 3384634
1 1253684
1 9991353
1 1408123
1 8502524
1 9373941
1 3612117
1 5808525
1 9713028
1 2367275
1 7029121
1 7689856
1 1539478
1 6290167
1 2395683
1 4337516
1 5629829
1 8280712
1 2229367
1 6019444
1 8989824
1 2934521
1 5549401
1 1519048
1 6475849
1 4454758
1 2273476
1 5194707
1 9275962
1 9040787
1 316573
1 7379497
1 9788216
1 3798743
1 811658
1 9512199
1 4919283
1 3414428
1 7847835
1 2939931
1 4952969
1 2804711
1 3129292
1 5974309
1 5473172
1 7302719
1 6117591
1 6126440
1 4880282
1 4155672
1 9257465
1 5667868
1 4266535
1 698509
1 8267145
1 2010394
1 7019310
1 9319716
1 8378859
1 5897572
1 3354050
1 3185810
1 4773842
1 4374298
1 8390950
1 3996018
1 706490
1 8103375
1 169233
1 670017
1 5985410
1 7179019
1 565456
1 7948146
1 5020656
1 6501413
1 2609059
1 2691575
1 5407090
1 4446421
1 3081796
1 4435300
1 9405578
1 8840932
1 213735
1 3715593
1 4142784
1 351087
1 3733091
1 6886606
1 5359237
1 6491758
1 44276
1 9806822
1 452175
1 1806648
1 4465161
1 9115309
1 4813047
1 6337166
1 5571466
1 3679055
1 5493001
1 510864
1 9252089
1 1278163
1 7943798
1 1490897
1 79058
1 4512022
1 3780654
1 2770671
1 723941
1 9650983
1 3192940
1 1343337
1 5259474
1 8764297
1 8530878
1 2570923
1 6687519
1 8422732
1 8715826
1 2100008
1 9601541
1 7198958
1 603484
1 4083301
1 6425616
1 1229798
1 6898874
1 1233339
1 3422406
1 1300645
1 9779029
1 6184594
1 2170897
1 8311841
1 7335450
1 5501272
1 1500703
1 5558471
1 7253384
1 6805086
1 4034696
1 9354918
1 9575962
1 1187674
1 7013725
1 4583383
1 5076801
1 9541807
1 3656184
1 7678379
1 7546026
1 2294608
1 7421940
1 1023642
1 3106645
1 7952689
1 6468648
1 6602134
1 891574
1 5380545
1 6473288
1 9991015
1 8412195
1 2562853
1 3992546
1 1749171
1 7631011
1 2430369
1 3076433
1 8917491
1 9716536
1 9116872
1 4842884
1 1579377
1 8711312
1 8680739
1 3051425
1 3007441
1 6138507
1 3020924
1 7859534
1 9190694
1 6671631
1 5277528
1 3540243
1 690630
1 2091217
1 7913551
1 9294701
1 863827
1 3626612
1 9422022
1 6043971
1 5927412
1 8762081
1 5659298
1 7431133
1 5449326
1 4281532
1 803746
1 4223332
1 3960179
1 1749495
1 8230429
1 961151
1 879721
1 7410230
1 2330394
1 3634391
1 9269448
1 4047785
1 1015968
1 8797504
1 8329249
1 8071398
1 861704
1 1937854
1 2001477
1 510953
1 1878486
1 6243890
1 6883501
1 4828698
1 7620361
1 7053182
1 6935949
1 5352805
1 7437822
1 4148284
1 7502487
1 9181642
1 6369180
1 5799784
1 880362
1 9056580
1 672822
1 7760052
1 8361467
1 2824106
1 4972586
1 1225176
1 5901455
1 8489885
1 731786
1 8951553
1 459404
1 5386919
1 8710916
1 277351
1 5313683
1 8264493
1 121482
1 5648766
1 881426
1 6332946
1 5027373
1 7938749
1 8946817
1 919193
1 1896877
1 7265147
1 1911364
1 4141966
1 3341670
1 6587092
1 3480421
1 1342693
1 5059196
1 2358450
1 3259546
1 3439527
1 1237922
1 8948427
1 7238741
1 2918082
1 1494312
1 8121892
1 9552863
1 8550557
1 9062933
1 2028920
1 1625563
1 8930837
1 1546735
1 9549179
1 6839814
1 8459534
1 1132861
1 6302346
1 2514059
1 1407004
1 9808203
1 2203279
1 1386336
1 6748670
1 9156055
1 4579083
1 9949436
1 995799
1 9945194
1 3295119
1 8635873
1 3048348
1 7507054
1 6416357
1 6486800
1 7374626
1 7518370
1 3613351
1 3916617
1 8939647
1 9939203
1 8593306
1 6720019
1 936036
1 7726195
1 3218087
1 7804960
1 6124474
1 2320288
1 6806892
1 2358461
1 329145
1 3801684
1 9694643
1 6241087
1 5831472
1 3463648
1 195117
1 1785052
1 6690628
1 9563243
1 7640941
1 2720916
1 9378110
1 7652002
1 6357003
1 9407148
1 5255199
1 622587
1 7393872
1 7500957
1 7975562
1 2523373
1 360803
1 4471490
1 1890625
1 1240885
1 5976292
1 9082240
1 6902003
1 5981148
1 1551184
1 3201141
1 8999886
1 6904188
1 8898196
1 3642823
1 8685358
1 9006700
1 6388021
1 1905421
1 7333047
1 755673
1 1785123
1 2931618
1 3312587
1 9262212
1 450370
1 1282013
1 1325856
1 63105
1 2480599
1 6653387
1 4651397
1 8008905
1 1025641
1 9627798
1 1469798
1 9947281
1 1265919
1 7701745
1 9708761
1 5021949
1 5666649
1 5002838
1 5232324
1 1432147
1 5748929
1 7216650
1 325183
1 7326219
1 9176079
1 886146
1 4221804
1 1079143
1 2196381
1 64486
1 315478
1 3072406
1 5015811
1 4015427
1 4047744
1 1169598
1 2357720
1 2547964
1 7561562
1 2923661
1 332690
1 3956518
1 9209515
1 5039008
1 2804152
1 6049435
1 7244605
1 3892860
1 5435385
1 7195323
1 1790525
1 7680886
1 8765997
1 8726129
1 3448189
1 2800270
1 8862801
1 5005566
1 6343580
1 1192286
1 5037262
1 9116307
1 3680153
1 5550235
1 1992328
1 6652300
1 9302158
1 4846469
1 2892167
1 242575
1 1294852
1 7693323
1 8844608
1 2508292
1 535272
1 2498733
1 4581960
1 9617206
1 2296889
1 867674
1 7087877
1 4414746
1 6467029
1 7218015
1 796712
1 6746870
1 9792246
1 1454735
1 999183
1 3591990
1 4743312
1 4037851
1 545887
1 3182323
1 6801614
1 8295021
1 3193683
1 2064332
1 8259872
1 1534119
1 8980046
1 1312397
1 3981996
1 8366914
1 3698335
1 2210417
1 7055858
1 3694223
1 5089268
1 2372567
1 8306662
1 433422
1 1080739
1 527653
1 1299097
1 3635301
1 211104
1 3596682
1 689927
1 216124
1 8374395
1 8052379
1 8966252
1 8120648
1 2369959
1 9646441
1 1936171
1 4361807
1 9565647
1 5284202
1 7607032
1 8582698
1 5322850
1 8035384
1 595725
1 8035774
1 3351042
1 9089263
1 9034354
1 9309605
1 4645751
1 6102990
1 9308601
1 317184
1 5293424
1 9219302
1 7701859
1 4982178
1 10358
1 5574387
1 2834361
1 2865175
1 977310
1 5086424
1 2530680
1 7327368
1 3000436
1 9049600
1 2332453
1 8664434
1 9116942
1 4187690
1 6372696
1 7430422
1 8114488
1 6885462
1 300569
1 7630725
1 5924561
1 5660281
1 1549232
1 1122385
1 9943809
1 712621
1 2023077
1 9261064
1 9294573
1 747166
1 7448998
1 9375701
1 4586635
1 1268880
1 317112
1 4641703
1 971540
1 1546240
1 8638209
1 6630564
1 2760876
1 3534868
1 3899916
1 7736336
1 1487708
1 3203058
1 5800868
1 8772468
1 6867114
1 7720165
1 1984736
1 6853904
1 985807
1 8927
1 9315812
1 3588796
1 8724445
1 9210869
1 5386962
1 9199552
1 5722487
1 5854122
1 5131988
1 3312955
1 210770
1 4347810
1 9436368
1 4444037
1 9064697
1 994375
1 256270
1 9119236
1 6436008
1 4226768
1 7364259
1 9108321
1 9235135
1 2177931
1 7653227
1 7678854
1 9390531
1 4794944
1 307609
1 9118742
1 5826581
1 5287931
1 5267250
1 4345687
1 7566470
1 1780032
1 3665610
1 8184833
1 7164371
1 8912728
1 2978112
1 1862182
1 3450678
1 3367038
1 4213014
1 3661258
1 9023637
1 2468822
1 6466188
1 2606781
1 518147
1 1972948
1 3532603
1 7163117
1 4858448
1 5514116
1 4897171
1 1629881
1 3992722
1 7904266
1 2334295
1 3232082
1 3601839
1 1566600
1 4902889
1 5706754
1 3019478
1 6634527
1 6129057
1 2076883
1 6350219
1 8392225
1 777139
1 816522
1 7307361
1 1453464
1 7072124
1 4656017
1 1343199
1 1672238
1 390362
1 9980949
1 9357495
1 356191
1 4117070
1 4003263
1 7922042
1 9507356
1 5527244
1 6984739
1 9826005
1 216873
1 39933
1 1975914
1 4300895
1 6266369
1 5341445
1 4968293
1 4199424
1 2839804
1 1083602
1 3033215
1 3848778
1 6633176
1 3946890
1 1965248
1 8192497
1 3803436
1 5575735
1 2567387
1 1486203
1 1919961
1 4773064
1 8754090
1 9854214
1 4427995
1 4349615
1 2339274
1 554084
1 3063507
1 2110892
1 8790599
1 7170049
1 672485
1 9234117
1 3176109
1 6721388
1 7711383
1 765964
1 4644932
1 2988897
1 391243
1 6967317
1 7395702
1 7789594
1 2800075
1 6651372
1 855539
1 2848129
1 7977993
1 1745536
1 4081282
1 1516065
1 3254779
1 9852368
1 5824283
1 4953942
1 7483534
1 4157031
1 4816792
1 9916916
1 3659307
1 4173660
1 7160506
1 5097212
1 6276948
1 8205872
1 5813508
1 5961634
1 992340
1 6867994
1 6709290
1 9335942
1 4282084
1 6754264
1 8881436
1 8735877
1 7558725
1 6891982
1 7940892
1 968666
1 8175299
1 8735176
1 1457970
1 1803472
1 8745574
1 6529115
1 8560899
1 1336089
1 2422784
1 3617797
1 7545741
1 6431857
1 8046222
1 3455091
1 879391
1 2162629
1 635828
1 1045413
1 8601290
1 4650361
1 4872318
1 3007976
1 1903218
1 8470056
1 6361406
1 7913241
1 565482
1 4718260
1 7608043
1 7897633
1 9534183
1 5759898
1 1258315
1 2910748
1 7728245
1 3202334
1 3496334
1 9193537
1 1120902
1 9844814
1 6738470
1 8371154
1 2689413
1 7463157
1 2537969
1 3603858
1 7916383
1 5221040
1 6925946
1 2795861
1 3135683
1 3871265
1 4294370
1 931304
1 9218771
1 8687254
1 7328790
1 4223320
1 2332379
1 23792
1 3926104
1 1926337
1 7876322
1 7194718
1 4394692
1 1110792
1 3619959
1 2147798
1 9156633
1 689861
1 8130519
1 4893008
1 1378463
1 767516
1 4506500
1 7990518
1 6680698
1 6103972
1 6832836
1 590383
1 1200988
1 8671013
1 8798792
1 9317470
1 813635
1 7027592
1 6441134
1 1868402
1 1590980
1 9946929
1 637369
1 4377847
1 9818006
1 7351859
1 8662111
1 7673882
1 4906151
1 4347231
1 6209882
1 1668923
1 2056233
1 432235
1 9212253
1 6944169
1 8718782
1 2745577
1 8147053
1 3684252
1 8408719
1 9351831
1 1593204
1 6396463
1 8194690
1 2757267
1 6443174
1 2637154
1 9702971
1 3441118
1 3927095
1 1788933
1 4660207
1 3254509
1 8418638
1 3862845
1 3716800
1 3400292
1 6722839
1 6938440
1 5053795
1 1531838
1 3041816
1 7816515
1 614479
1 3067
1 4890671
1 5025672
1 9134309
1 1750848
1 5183583
1 3752565
1 6087430
1 708529
1 3240872
1 5231599
1 532851
1 952877
1 126744
1 683738
1 3084127
1 2759518
1 9781207
1 6295855
1 8055756
1 4754276
1 18297
1 1129145
1 7409685
1 5498790
1 4244970
1 7416345
1 5534125
1 7406258
1 6970201
1 3909275
1 3046300
1 6962931
1 4278778
1 4230264
1 4344524
1 4498979
1 6702216
1 7807865
1 2421234
1 4017826
1 8168960
1 3057031
1 3107219
1 7222914
1 8347058
1 9918877
1 6339378
1 113321
1 7627687
1 2503271
1 6783229
1 570661
1 9737330
1 3402119
1 8842585
1 5674608
1 700848
1 9919542
1 4100242
1 1188656
1 6849354
1 2760065
1 1262191
1 1993466
1 7559348
1 8397524
1 1962492
1 950212
1 6182184
1 4378743
1 4463527
1 5393508
1 3919546
1 8801348
1 4125510
1 3497610
1 9403059
1 8905844
1 5847359
1 6801269
1 4042770
1 8070434
1 5772544
1 7863107
1 1833643
1 9172581
1 5414245
1 8759298
1 9660290
1 5087257
1 1620642
1 809813
1 7554423
1 6980402
1 5386963
1 3888952
1 753625
1 3322254
1 1618919
1 2771773
1 1393332
1 1468156
1 894930
1 1390454
1 4864931
1 8099376
1 9076867
1 2567014
1 2860879
1 385044
1 6429459
1 6702678
1 9214167
1 6111965
1 5115495
1 9551155
1 9945569
1 4838659
1 5594961
1 6740661
1 2169531
1 4713228
1 4268867
1 4421494
1 9465420
1 4260725
1 5812986
1 4981383
1 4740083
1 3259937
1 7316210
1 4584756
1 2095687
1 1760041
1 47151
1 1508688
1 5676485
1 7592744
1 9564621
1 7257759
1 6513027
1 5993669
1 7132843
1 1796691
1 8356922
1 4727902
1 4558628
1 57437
1 1414646
1 6784368
1 2927952
1 6800495
1 8805329
1 3221011
1 4450966
1 1415098
1 6088205
1 4440795
1 8822358
1 4026513
1 3857404
1 182421
1 8933760
1 5970102
1 9802466
1 4936014
1 2506952
1 4681692
1 9822376
1 4370071
1 8510245
1 1621993
1 3383015
1 519933
1 4943444
1 7859018
1 6173686
1 5764856
1 5168988
1 4560606
1 7640840
1 4650992
1 9434942
1 8704277
1 6997840
1 2349046
1 2250837
1 2464342
1 4212170
1 1112183
1 7748127
1 3888728
1 4245872
1 5929835
1 5344863
1 5953133
1 4284132
1 8184002
1 2256813
1 223454
1 8498070
1 660899
1 9953247
1 478770
1 8071209
1 916641
1 4832564
1 6425548
1 1045294
1 6970816
1 5652489
1 1193065
1 8345621
1 5319309
1 9883684
1 1874888
1 7524611
1 708784
1 6928058
1 2451564
1 3016101
1 3091281
1 2206545
1 5836854
1 7707014
1 3708954
1 2665522
1 4875589
1 6593118
1 8292518
1 6913189
1 70570
1 3983702
1 3462303
1 6400521
1 4619872
1 3106354
1 3151998
1 7449362
1 6544358
1 3228252
1 2707574
1 437429
1 7435227
1 8525797
1 3187223
1 4324125
1 4805727
1 1819852
1 7187366
1 7596658
1 8433837
1 9843432
1 2829935
1 4918434
1 5663098
1 1402471
1 2405085
1 6955093
1 7651837
1 5317730
1 5225745
1 569359
1 2900970
1 9838835
1 2842291
1 7524250
1 806855
1 4142135
1 3050402
1 7800160
1 5535053
1 9760145
1 2907778
1 7995787
1 908506
1 3666677
1 3213827
1 6559967
1 7940458
1 5661524
1 6286338
1 4407916
1 4953732
1 3367411
1 9328395
1 6650364
1 6770329
1 8035201
1 4877715
1 9963951
1 4215977
1 7695329
1 6953818
1 4073466
1 1998066
1 2224963
1 5664198
1 8592158
1 6229067
1 9457025
1 9438834
1 4190766
1 377076
1 9439597
1 5090793
1 6628653
1 9702164
1 9166779
1 893711
1 878938
1 2320030
1 9765957
1 5458467
1 6035630
1 715533
1 6570798
1 9208586
1 6387299
1 281301
1 1560055
1 1802592
1 5426826
1 4989121
1 1312784
1 9184987
1 9108798
1 418107
1 380976
1 5729111
1 7491774
1 4943581
1 3987900
1 1285375
1 3998786
1 8855441
1 5102943
1 8804395
1 6895754
1 7433527
1 435431
1 5963293
1 937518
1 8695692
1 9270493
1 4443998
1 653162
1 373032
1 7170956
1 6129043
1 3597190
1 7732573
1 1578149
1 8856777
1 1087981
1 5988912
1 4040499
1 9949704
1 8279062
1 965536
1 6736298
1 8824772
1 2222212
1 7748056
1 1198658
1 2001987
1 640528
1 1349881
1 1000820
1 3939129
1 8363050
1 2577439
1 6689907
1 6866285
1 9005537
1 1555109
1 7177007
1 1187512
1 933974
1 6653927
1 2591183
1 8186150
1 5137560
1 2475929
1 8969810
1 5146492
1 3960598
1 6024758
1 9671751
1 8743957
1 1374164
1 3928819
1 6072410
1 5494453
1 8541710
1 4255300
1 698401
1 4392886
1 2570417
1 3101470
1 6525837
1 327603
1 3211209
1 6307724
1 4934710
1 3546990
1 8467178
1 7657642
1 8363636
1 6922856
1 1408568
1 9710992
1 699478
1 1579661
1 5093687
1 6638483
1 2406728
1 469056
1 9458655
1 7142745
1 9957460
1 3172603
1 3124495
1 93692
1 5699717
1 3227612
1 1062178
1 9467848
1 5783599
1 9763180
1 3033984
1 5081321
1 4548119
1 5898483
1 5309233
1 8739292
1 8436301
1 766683
1 2422278
1 701348
1 9702591
1 1070794
1 7823150
1 7615352
1 6521079
1 7488187
1 6854469
1 6984808
1 2890600
1 2720684
1 3341895
1 9930956
1 4939233
1 3686096
1 413949
1 695139
1 4843159
1 6632599
1 9176819
1 6431782
1 3268313
1 6537528
1 4215861
1 7599081
1 6904026
1 7717562
1 6294545
1 2262901
1 5365754
1 2201013
1 6545088
1 3336897
1 6206285
1 865298
1 7002097
1 9205465
1 7147985
1 4276514
1 960437
1 2938140
1 8883820
1 4316878
1 6051615
1 5726
1 5211653
1 4584751
1 3077206
1 3497473
1 9292866
1 4245869
1 1468699
1 6936966
1 1256621
1 2075370
1 8930229
1 8552521
1 5406955
1 2404829
1 2700538
1 2982780
1 5665612
1 8069046
1 1146294
1 6544083
1 3657670
1 9593129
1 2339399
1 2939948
1 3298597
1 8767
1 623872
1 2402715
1 8402424
1 8496833
1 7941617
1 4440443
1 7249807
1 6110348
1 3053177
1 6130611
1 6859548
1 2222339
1 2011891
1 2131014
1 9531932
1 2749591
1 2455204
1 380278
1 6593728
1 3522353
1 6257487
1 8158411
1 951101
1 5507058
1 3721794
1 5221745
1 2998937
1 7434584
1 654486
1 6062323
1 7529216
1 7889936
1 9019249
1 5076355
1 9656059
1 6391555
1 8253802
1 3540700
1 7659962
1 2117286
1 9201204
1 4017854
1 7290686
1 7426041
1 6381502
1 9271659
1 8768359
1 1199837
1 2742311
1 8322909
1 4771058
1 9816476
1 6259204
1 4862653
1 8313989
1 991391
1 652782
1 5213068
1 312088
1 7023380
1 3464141
1 5209807
1 1261679
1 1719516
1 521140
1 5536935
1 2717623
1 3378104
1 5322404
1 2934509
1 3423217
1 3059764
1 1335186
1 314247
1 6620179
1 1050895
1 8641325
1 1228665
1 9418128
1 9793814
1 9295083
1 1040229
1 7989003
1 5070483
1 6100924
1 8825852
1 2399655
1 8430874
1 9090262
1 5413040
1 2057
1 6226333
1 8722421
1 9939716
1 8438718
1 2350601
1 20208
1 4769347
1 9158377
1 4313008
1 2173493
1 799119
1 7188701
1 564362
1 6460909
1 6097628
1 3876979
1 9136690
1 8434575
1 9708327
1 522588
1 5876046
1 3375554
1 8098381
1 5370502
1 5370376
1 4037461
1 3558414
1 2691261
1 2930703
1 5694716
1 8102976
1 235757
1 2732193
1 8207885
1 6788357
1 5053292
1 5241820
1 9149019
1 1065
1 2243615
1 5311908
1 3685668
1 1816807
1 6066472
1 3822527
1 414561
1 213546
1 4054011
1 4258096
1 7134805
1 4029750
1 3958613
1 3437283
1 2764330
1 3728092
1 2264754
1 6885143
1 8742451
1 1713612
1 3275393
1 9830368
1 3892438
1 9147401
1 1356109
1 7520624
1 3252560
1 4316439
1 9392671
1 9499356
1 5897771
1 3422302
1 3466075
1 1886221
1 1934791
1 6857259
1 5794694
1 7667809
1 4363180
1 2827452
1 8806253
1 6739847
1 7744052
1 8193965
1 1761949
1 6566429
1 4052047
1 8549688
1 1183021
1 6435298
1 3118160
1 3857374
1 4885391
1 7942554
1 8200592
1 1737598
1 9733786
1 5596951
1 5964407
1 5545239
1 7454571
1 8689591
1 6698359
1 7557551
1 5574276
1 1107501
1 9973053
1 1365131
1 8303543
1 2770669
1 2367641
1 5441703
1 8088935
1 7661620
1 5126285
1 1626833
1 806789
1 7728490
1 9488053
1 688654
1 1204749
1 5511872
1 5299442
1 3793269
1 4305906
1 7367888
1 6407830
1 2182756
1 7772724
1 9066363
1 1689154
1 3149556
1 3857824
1 308629
1 85817
1 3526741
1 6033466
1 3567004
1 2845336
1 632487
1 4109498
1 5524526
1 7333845
1 8326870
1 7894937
1 7093603
1 8650518
1 3192952
1 1855738
1 5907404
1 8873792
1 4706352
1 3908933
1 6542186
1 2975142
1 1928258
1 5655808
1 7164801
1 7913426
1 9001569
1 8627412
1 5587220
1 8994366
1 8498831
1 9205961
1 4630736
1 5298615
1 9536406
1 9214386
1 8701530
1 3605037
1 5804495
1 2657467
1 8936642
1 159103
1 8740169
1 3037132
1 5537341
1 8617232
1 4829891
1 3050081
1 81697
1 1281230
1 4767165
1 8623158
1 190651
1 3959126
1 690674
1 7598894
1 1070443
1 1331424
1 6497100
1 1339270
1 3346377
1 1218558
1 7458203
1 5752095
1 9488081
1 1122274
1 2556000
1 469101
1 6717356
1 4692054
1 1714786
1 5795081
1 570683
1 7035561
1 1176891
1 3584730
1 9701991
1 2903225
1 531410
1 4595241
1 4466020
1 812807
1 9231939
1 9962557
1 1374544
1 3874391
1 3462437
1 2154795
1 3194367
1 6405339
1 1068701
1 660369
1 820436
1 6876724
1 7552429
1 4504405
1 6072438
1 8297135
1 5943700
1 5518513
1 8161008
1 3684170
1 5666104
1 3868527
1 6143018
1 9435431
1 466988
1 8415975
1 5165171
1 3211291
1 2706747
1 720377
1 3662605
1 6225604
1 9108628
1 2675591
1 3168446
1 8396219
1 2687930
1 4084739
1 6930152
1 5340795
1 1092554
1 6093927
1 9520681
1 8973355
1 7635068
1 1985131
1 857470
1 4076288
1 2081864
1 2612197
1 8293110
1 8237607
1 6237954
1 422478
1 4915844
1 5427190
1 9109077
1 6148855
1 9051143
1 3655824
1 5287181
1 9487402
1 1659988
1 9896755
1 2747332
1 1345610
1 3105805
1 1845381
1 5354678
1 275832
1 7800806
1 7124706
1 5613814
1 1902307
1 5466825
1 8889924
1 5720738
1 1118159
1 9015061
1 7919298
1 6271465
1 2754186
1 8600921
1 6813364
1 9131241
1 1036953
1 2225120
1 2294295
1 5361127
1 8664360
1 597527
1 1788185
1 6029021
1 6836171
1 7154770
1 455644
1 7379529
1 6983212
1 8532610
1 7379865
1 8340078
1 1455235
1 6918273
1 9209967
1 8970605
1 2046870
1 4202296
1 6971189
1 5223653
1 826126
1 5864933
1 8018287
1 7741508
1 9490670
1 8862990
1 7318650
1 1947640
1 6465267
1 1997288
1 4093061
1 5055284
1 2248526
1 5318163
1 2863986
1 1071537
1 1000401
1 8262065
1 8935550
1 9001265
1 7187009
1 8621018
1 3084267
1 6873154
1 6753235
1 4112791
1 1879007
1 8009118
1 7551751
1 587344
1 9414660
1 7947254
1 7981248
1 1403580
1 2796233
1 1397877
1 3476348
1 9380915
1 8062403
1 1559118
1 9134733
1 1971360
1 4372221
1 3036429
1 9751335
1 9123825
1 271477
1 4614248
1 5187611
1 1355564
1 9090510
1 9913410
1 5094237
1 5698202
1 8262057
1 9581077
1 352978
1 5579852
1 7226816
1 794559
1 2831922
1 977859
1 8466485
1 7360354
1 4708680
1 9101474
1 8390556
1 9381152
1 9715687
1 9576259
1 2259469
1 2650272
1 6429434
1 2003785
1 2540350
1 4750055
1 3400666
1 3144259
1 9351572
1 8282525
1 7892882
1 8082512
1 2010982
1 8624172
1 3187553
1 4848765
1 3290304
1 2483271
1 3018769
1 2552090
1 1013072
1 8380823
1 8349271
1 4833993
1 8715294
1 1292845
1 7452576
1 1498179
1 3261979
1 761813
1 3668874
1 1041125
1 4149542
1 5515248
1 6560703
1 9911812
1 7723813
1 3661112
1 1598426
1 8675458
1 7194307
1 8711132
1 1848752
1 8286422
1 7381486
1 7810424
1 8460182
1 8281974
1 4458659
1 3903074
1 913699
1 2369999
1 9710755
1 2969769
1 8357325
1 7279519
1 2441858
1 9330692
1 8599120
1 5729596
1 9229519
1 4280649
1 3113267
1 3720011
1 3708003
1 2190850
1 452781
1 6689486
1 8409269
1 9503079
1 9524496
1 7215244
1 1050533
1 2341337
1 3962801
1 3269991
1 8070891
1 228517
1 6790142
1 2085218
1 2998162
1 7173706
1 7675494
1 7150667
1 5740907
1 5719069
1 6898852
1 3362623
1 7672688
1 8754280
1 2432237
1 457624
1 7173133
1 924896
1 5641205
1 7740720
1 2450004
1 3519340
1 2200326
1 3388608
1 6367042
1 9088397
1 4960875
1 9460246
1 4425445
1 7640995
1 1286578
1 4559114
1 7571870
1 1484845
1 9503206
1 945402
1 93448
1 6967740
1 6554328
1 6264871
1 7023668
1 2110607
1 5551132
1 2666234
1 3007840
1 6736419
1 5802410
1 2736222
1 7890697
1 1266622
1 2436672
1 3633701
1 1034436
1 655404
1 1178892
1 4267692
1 4987495
1 420763
1 5690110
1 8061241
1 2891585
1 1847524
1 9221145
1 7559575
1 2012027
1 4896121
1 8198432
1 1875569
1 658563
1 782616
1 9598390
1 5920805
1 8288493
1 4726804
1 8934306
1 9814653
1 9161773
1 3438472
1 1917371
1 3327786
1 4718631
1 981991
1 1184573
1 4585977
1 6368289
1 8801053
1 6391781
1 6428166
1 6847511
1 8947537
1 1383250
1 3206253
1 9009888
1 2543480
1 5391705
1 5132952
1 5738881
1 2084665
1 2053668
1 764313
1 7216395
1 9731067
1 1892115
1 466010
1 2498744
1 6258910
1 600657
1 1186163
1 3688065
1 1871223
1 1074433
1 4117699
1 4972044
1 5505903
1 3044961
1 1074033
1 3243328
1 9745064
1 4172766
1 332676
1 913910
1 5939848
1 9875491
1 7526270
1 4275649
1 4335997
1 5769542
1 3479547
1 9449034
1 9251905
1 8073567
1 8522576
1 6998022
1 6667045
1 4807176
1 296952
1 6895301
1 9449010
1 6346230
1 1611243
1 502480
1 4809525
1 9749415
1 3236645
1 4411665
1 4737737
1 7952671
1 2884011
1 9455983
1 8785323
1 9302269
1 6847793
1 3131585
1 8921540
1 5211455
1 206364
1 3016207
1 9940184
1 8894737
1 489627
1 5308758
1 4932214
1 7736899
1 4542227
1 3950896
1 158594
1 7989113
1 7306731
1 9853670
1 98970
1 7782620
1 5140379
1 9799926
1 372354
1 7681468
1 8086643
1 2017446
1 5961510
1 6308015
1 3506873
1 6412028
1 5962993
1 7391078
1 2372119
1 9113520
1 9130014
1 3966915
1 6896236
1 4476920
1 8774894
1 5922154
1 7992016
1 5294641
1 2579072
1 2984423
1 9175245
1 6087944
1 7567010
1 2721846
1 8821424
1 1530755
1 8764998
1 8455290
1 2889671
1 6143465
1 9649543
1 9215593
1 3900166
1 2799471
1 4214884
1 2897145
1 2366163
1 2059908
1 9928066
1 9018588
1 6114963
1 2604955
1 8869923
1 2183092
1 3113229
1 8577623
1 8999814
1 5924494
1 3443265
1 3658447
1 3755922
1 4276683
1 940454
1 9711818
1 4109368
1 3015450
1 6688646
1 4374793
1 1531334
1 4423696
1 9400239
1 7992818
1 5105710
1 9597948
1 5436370
1 9072090
1 7517616
1 6556344
1 7480281
1 4923064
1 164836
1 6032590
1 2571918
1 8880172
1 9173971
1 2998203
1 2250923
1 4765121
1 5189909
1 2026275
1 1337613
1 552755
1 940467
1 5592791
1 3688880
1 9285999
1 6576443
1 3193680
1 4933798
1 7212516
1 8020698
1 8559364
1 7946997
1 837808
1 3422940
1 4717648
1 2420460
1 7809161
1 9913879
1 5704346
1 5471023
1 6228016
1 7969341
1 4512379
1 6671535
1 594781
1 8235501
1 4189923
1 2808389
1 9497846
1 2554502
1 6405655
1 1204261
1 1690087
1 3687272
1 8865508
1 9603033
1 156849
1 2053793
1 1767124
1 6332265
1 5578828
1 1635300
1 9210329
1 5505102
1 6664278
1 7021851
1 8884795
1 9060801
1 530127
1 7345443
1 2705120
1 3916482
1 9672757
1 2919521
1 785724
1 3664219
1 6319796
1 4495279
1 2424689
1 6559304
1 6959717
1 3624887
1 8993129
1 1512696
1 370511
1 4871697
1 1912347
1 2742329
1 6235304
1 2828040
1 4831184
1 8886149
1 6125202
1 9841633
1 1456706
1 2459212
1 2445736
1 8782252
1 2816720
1 4917970
1 764403
1 2699718
1 7651432
1 232709
1 2222869
1 5724108
1 6685504
1 134632
1 9748937
1 5104841
1 4526980
1 3661939
1 9541492
1 6964626
1 4185891
1 6823759
1 243839
1 7288518
1 7827062
1 6679047
1 6685805
1 5244347
1 6489349
1 3128877
1 52807
1 4848619
1 4913995
1 416857
1 6006425
1 6287344
1 1870676
1 3875562
1 7589966
1 9661392
1 3458171
1 1717954
1 5970820
1 9506223
1 7687380
1 2504633
1 3188014
1 4480786
1 3445701
1 864893
1 5618002
1 8250473
1 8096510
1 8556656
1 9266393
1 8973642
1 7447789
1 3832517
1 5942685
1 8968811
1 4384797
1 902778
1 6404566
1 6629673
1 1446445
1 7472523
1 7817538
1 6152960
1 6876387
1 6406163
1 1790602
1 1030243
1 972587
1 6017720
1 3927575
1 7527507
1 9767916
1 2401899
1 7644114
1 2821863
1 2533314
1 8082122
1 1471026
1 4012858
1 45439
1 3022585
1 2009186
1 6280837
1 4197481
1 7319509
1 7579030
1 8268972
1 9105540
1 7997112
1 3450546
1 9040001
1 3266740
1 3494165
1 5065220
1 9952350
1 5248619
1 1581456
1 1971340
1 4133628
1 3183691
1 9369005
1 1485927
1 5665834
1 3148346
1 2113643
1 6960090
1 4133160
1 7772121
1 4804374
1 2058009
1 3727292
1 7763144
1 1021165
1 7893704
1 6058987
1 3055828
1 7062841
1 5884504
1 965934
1 5379802
1 8430237
1 4208111
1 7801918
1 569603
1 2983542
1 4952526
1 5397635
1 3922796
1 8729941
1 558299
1 5195403
1 6920318
1 1230578
1 4633651
1 9329540
1 4012429
1 6293484
1 9250441
1 6613630
1 1400137
1 8782622
1 2694287
1 4347668
1 1759037
1 6345307
1 3992733
1 2492318
1 1395360
1 4803543
1 6151959
1 9913190
1 6223441
1 7878866
1 5907253
1 7265957
1 6255678
1 1313302
1 9837482
1 4534609
1 7725829
1 5237532
1 6629686
1 381535
1 9059973
1 4389747
1 5327875
1 7188460
1 7712552
1 4787474
1 4874604
1 5517640
1 1722259
1 6579304
1 6741016
1 4352838
1 8269944
1 252680
1 7017234
1 7739111
1 6608223
1 4009449
1 6607717
1 4700383
1 951996
1 6342148
1 835714
1 1233665
1 8392448
1 8271979
1 5656344
1 9651032
1 3718464
1 7436616
1 150103
1 2638411
1 7750436
1 751871
1 3765569
1 1864125
1 6081321
1 5986714
1 7286835
1 8111394
1 7749317
1 4328719
1 3429641
1 2518493
1 5656404
1 6918927
1 6655210
1 6826551
1 2625328
1 3355524
1 6770462
1 7641313
1 480135
1 6772698
1 2983477
1 8512965
1 5765791
1 8542941
1 4692420
1 4481405
1 9204226
1 7944904
1 1824156
1 1279234
1 3084180
1 5819546
1 988949
1 3151229
1 5922251
1 8546637
1 750309
1 5115596
1 2298552
1 1546145
1 9269964
1 4982495
1 2534832
1 4552912
1 1270932
1 9099363
1 3123532
1 2869017
1 8019816
1 3623039
1 7996328
1 7825173
1 3146214
1 1364024
1 8040687
1 3871474
1 8590424
1 1151697
1 7020310
1 9226844
1 5318937
1 6158639
1 3772780
1 9222286
1 6138184
1 3203948
1 1691242
1 8386162
1 437726
1 4988447
1 2449655
1 7965745
1 6903664
1 4209532
1 6320462
1 1618698
1 393594
1 3983323
1 3130142
1 6025242
1 9531317
1 5590741
1 7384653
1 8193549
1 6352622
1 1777777
1 5832316
1 6652229
1 662542
1 1087438
1 9239506
1 8565749
1 1026376
1 3901051
1 6881018
1 5886993
1 7419119
1 5735900
1 8715131
1 4757799
1 7085755
1 7849207
1 179507
1 7032662
1 2585412
1 7722545
1 8432288
1 5411110
1 13339
1 3249647
1 5997962
1 7972936
1 6842215
1 1293729
1 9794617
1 6826353
1 6663471
1 2901815
1 4497785
1 9428516
1 883161
1 7481916
1 183831
1 8380524
1 6338655
1 9714723
1 7888117
1 5651599
1 8896912
1 7719773
1 7620166
1 120116
1 4959061
1 1979662
1 773404
1 4029819
1 5302303
1 906783
1 9698314
1 2407000
1 2173410
1 3836820
1 9333546
1 2881297
1 2605881
1 8732558
1 5129047
1 8743503
1 6351070
1 9993350
1 2511164
1 5462511
1 1536079
1 7181166
1 9735056
1 6935655
1 4830123
1 1063616
1 6965756
1 3285817
1 3835441
1 8454418
1 7356973
1 8606095
1 8146611
1 7302080
1 4006520
1 6242965
1 3835832
1 7583150
1 8063071
1 6817387
1 8066352
1 7479662
1 4103496
1 1974972
1 3442714
1 7274534
1 2694064
1 9821001
1 7405714
1 9717669
1 8210392
1 8593952
1 2640426
1 5840196
1 1770600
1 7275547
1 2566552
1 2508782
1 9961680
1 8256521
1 5238931
1 1318448
1 7935296
1 6276374
1 917691
1 5356338
1 3924327
1 8259628
1 5899945
1 7532302
1 4183381
1 6087050
1 6274139
1 9409860
1 6366662
1 2666579
1 9999082
1 9174931
1 4879846
1 1445799
1 7107724
1 9795854
1 4775097
1 1741623
1 6188326
1 5270338
1 2784495
1 1167203
1 6107320
1 3268322
1 9901552
1 9073615
1 1962771
1 8225974
1 5978445
1 5742093
1 2958631
1 6955123
1 1196326
1 8448286
1 1751078
1 3645497
1 4425522
1 1394276
1 4004599
1 6759324
1 1847443
1 8397043
1 9080056
1 7872270
1 2046608
1 295214
1 7096050
1 7247433
1 7910882
1 8074895
1 222722
1 4517697
1 8281314
1 2854054
1 8906889
1 5632963
1 3779777
1 1814221
1 6262516
1 1049933
1 1975473
1 9584788
1 1335476
1 3009216
1 4641037
1 7631883
1 512993
1 7550377
1 7673728
1 3641921
1 4208152
1 2934293
1 4652760
1 5908655
1 9886922
1 7599840
1 3272514
1 7288416
1 3214320
1 7041571
1 9972885
1 1313028
1 1230419
1 8437648
1 5468978
1 5216560
1 2106784
1 1484345
1 1841168
1 4313578
1 4244084
1 1203058
1 5977653
1 3749909
1 3653480
1 1381160
1 1784819
1 3984412
1 5441999
1 6368880
1 4677704
1 19942
1 2556579
1 4642754
1 8109468
1 5826310
1 7272836
1 3472534
1 3429516
1 3559033
1 1438207
1 3623478
1 5474103
1 6244842
1 8593288
1 9914270
1 1285121
1 9771440
1 107344
1 5870339
1 1273495
1 715904
1 7048711
1 230562
1 7067851
1 5761394
1 7364435
1 6533374
1 9325213
1 6897325
1 5700437
1 9311956
1 6494390
1 3717751
1 9332736
1 7676277
1 767211
1 9607979
1 8969998
1 9736764
1 7492849
1 5107496
1 785570
1 3182543
1 7413144
1 7300386
1 2148194
1 8578590
1 7575915
1 8816460
1 5970771
1 1413946
1 6214325
1 1614196
1 2331241
1 4631729
1 1936036
1 903088
1 5327218
1 1618175
1 1499076
1 9190905
1 2401510
1 5971210
1 5894757
1 2950693
1 4835871
1 8377022
1 6622450
1 7891447
1 4219106
1 8656006
1 6179732
1 474554
1 7885026
1 5794832
1 7961645
1 1559637
1 7203009
1 5432947
1 5706885
1 6711273
1 6540212
1 8902822
1 777695
1 7326355
1 8658090
1 9725469
1 2077940
1 4159434
1 2721547
1 3596707
1 2342641
1 6925183
1 7345692
1 9419515
1 5825751
1 8798846
1 7476575
1 6256800
1 8965040
1 4384534
1 599168
1 1660549
1 4200599
1 6018657
1 3703328
1 4368848
1 642576
1 5429828
1 3570423
1 8959664
1 9857841
1 579506
1 102766
1 4617472
1 5830096
1 1197118
1 9674556
1 7494249
1 7225420
1 6037364
1 9806710
1 7362161
1 1429010
1 7009738
1 8302765
1 236212
1 4517692
1 8844728
1 4052382
1 8513371
1 5300167
1 2855176
1 3330427
1 308393
1 3277976
1 1599677
1 98148
1 3635038
1 2640857
1 6962609
1 9803888
1 7261128
1 8008305
1 5032011
1 3770786
1 8587833
1 1694478
1 9591704
1 8086548
1 3618672
1 5077246
1 3296469
1 7019733
1 2506550
1 5979090
1 746685
1 4753035
1 4328694
1 4891627
1 5548852
1 136124
1 1752655
1 9877479
1 7033099
1 8080608
1 6073977
1 7901129
1 6619694
1 963029
1 257496
1 9913163
1 2709077
1 1716072
1 1531337
1 3813081
1 2540451
1 4553572
1 5586601
1 4190544
1 4186459
1 7379513
1 9176693
1 6901956
1 5257699
1 6936200
1 7035252
1 3859102
1 7552213
1 4107096
1 383948
1 4359009
1 6517721
1 4131775
1 2824320
1 1637395
1 4994255
1 5076788
1 5457648
1 5026632
1 6277042
1 1415600
1 9262546
1 8666924
1 2357346
1 9044087
1 5048648
1 9078660
1 2499419
1 7396837
1 9904012
1 9002588
1 8760128
1 1198243
1 8860341
1 281245
1 2671313
1 1818625
1 4865851
1 6021743
1 8258457
1 8938302
1 588369
1 8248382
1 6075072
1 8899590
1 2139937
1 9711680
1 8388881
1 9979096
1 3232846
1 7658726
1 1935644
1 2148268
1 8949898
1 6282699
1 4530798
1 8633271
1 5516757
1 7079541
1 9294297
1 8431810
1 2176807
1 206217
1 9516493
1 6891810
1 6797739
1 6056238
1 9047343
1 4652471
1 2516619
1 5406433
1 4522946
1 1691519
1 1701199
1 7092334
1 6500192
1 2392913
1 9348234
1 1432095
1 8092911
1 4458300
1 1272061
1 6963203
1 2643082
1 8895419
1 3564549
1 9677187
1 6569504
1 5877695
1 3394369
1 7332238
1 2823694
1 3646828
1 5123079
1 786775
1 6237406
1 6195803
1 9089595
1 5633637
1 6495271
1 395796
1 8203840
1 5419291
1 4041178
1 3468729
1 1656922
1 9363640
1 6158331
1 2861196
1 2780236
1 8283378
1 1124698
1 5432477
1 1767043
1 7930601
1 2944590
1 4506939
1 3735899
1 9859431
1 5527887
1 3846119
1 9123190
1 54791
1 3745415
1 1017933
1 9873261
1 2414661
1 5189915
1 2090828
1 6906463
1 5243152
1 5403017
1 2915871
1 6488501
1 4292700
1 1047252
1 9381818
1 1424212
1 9292233
1 8937013
1 4369191
1 4954510
1 6504893
1 4869704
1 6516748
1 6601713
1 1880114
1 2208480
1 103381
1 7521832
1 2246677
1 6694828
1 7328129
1 7082673
1 7440511
1 9672354
1 382567
1 8386054
1 1248536
1 3027769
1 8156033
1 1638311
1 8810790
1 557376
1 9252810
1 7136164
1 7903802
1 5638221
1 4574935
1 764458
1 235772
1 3125002
1 154686
1 7862031
1 6188497
1 799794
1 3245355
1 6833751
1 2805368
1 76444
1 244017
1 4189793
1 332897
1 2872798
1 9057807
1 8206335
1 1333332
1 3032434
1 5479436
1 7594962
1 2895572
1 915122
1 2212924
1 3273542
1 692643
1 7050730
1 5871644
1 7728105
1 7067653
1 7436173
1 4615228
1 8063035
1 4691655
1 9762330
1 7699556
1 1639775
1 5371306
1 2677939
1 8931181
1 9489494
1 7668533
1 1380679
1 585902
1 9754409
1 9121241
1 1552829
1 3374285
1 3943390
1 7625921
1 8759248
1 1898911
1 5887165
1 1875297
1 6433555
1 3646983
1 8121472
1 8330935
1 7167502
1 8221802
1 4168688
1 2225087
1 9237199
1 5072804
1 1246758
1 4655500
1 1252582
1 8750674
1 9512719
1 9680050
1 3324879
1 538558
1 2704235
1 5787634
1 246198
1 2032604
1 9636640
1 8128621
1 6384281
1 3045347
1 772200
1 5844442
1 2706112
1 5534271
1 4223560
1 5923828
1 6844854
1 6432844
1 3402618
1 9843254
1 2496138
1 5908830
1 2064616
1 2439596
1 9469958
1 4654948
1 5356661
1 2725989
1 4756074
1 9611350
1 1266575
1 4992286
1 2769689
1 2681411
1 1710573
1 9553293
1 2185620
1 686899
1 2691095
1 5044055
1 6643858
1 6246106
1 8266346
1 2307349
1 96518
1 1948642
1 4696428
1 4572878
1 6156563
1 942537
1 3265094
1 1693892
1 9114575
1 6186660
1 1243131
1 7720247
1 1679389
1 3995211
1 4795916
1 1719810
1 4382434
1 7369323
1 9360397
1 8238224
1 5969770
1 9885513
1 9841390
1 2790764
1 489943
1 1206196
1 3526816
1 2810764
1 753454
1 5316079
1 322445
1 7743798
1 8476057
1 8287604
1 4008844
1 2762848
1 7405005
1 6335063
1 6412125
1 3913519
1 1808487
1 7090400
1 3051972
1 9463197
1 8854553
1 2739115
1 5075363
1 5044966
1 8178557
1 9116353
1 641868
1 1571591
1 37867
1 7789930
1 6976704
1 9019095
1 3470573
1 2884783
1 3904143
1 5926709
1 5255383
1 5033542
1 1172540
1 3536712
1 3809692
1 1796504
1 1493868
1 8048544
1 727344
1 4787925
1 6958910
1 1080821
1 7557574
1 1619718
1 6174225
1 6322768
1 6608582
1 7861297
1 6782262
1 8522070
1 557863
1 6121338
1 1873755
1 2619588
1 302486
1 866233
1 3058528
1 5924999
1 8748141
1 6312262
1 5939989
1 9846558
1 4823565
1 2822647
1 6117443
1 1893719
1 6589835
1 2129984
1 527176
1 1787554
1 9559462
1 8398991
1 3756193
1 4021202
1 7981857
1 838638
1 8094160
1 7970325
1 35811
1 5764605
1 4335649
1 8642815
1 3228785
1 4167679
1 7217216
1 2221072
1 4156398
1 1694012
1 6306087
1 5391112
1 1641218
1 4155063
1 6255967
1 2909289
1 9627551
1 8731360
1 7591151
1 6969155
1 8860427
1 7150796
1 3840763
1 6145129
1 2513
1 2151323
1 5797287
1 1000719
1 8259379
1 9809822
1 3821927
1 4021598
1 744943
1 5686470
1 7865436
1 3647693
1 348701
1 7778025
1 8830263
1 8802604
1 1018131
1 1715692
1 9106642
1 2807642
1 5661127
1 6319731
1 5206485
1 3471015
1 8966621
1 5008217
1 8000040
1 3269555
1 3902804
1 7678805
1 8020750
1 4229961
1 2789491
1 2962897
1 1630093
1 3842138
1 2142425
1 8272007
1 1448012
1 1174393
1 9387049
1 6924863
1 6794363
1 7909347
1 4560592
1 4321786
1 7756105
1 2700592
1 6479491
1 5398131
1 9899515
1 3233778
1 3736712
1 2187990
1 7596249
1 4356728
1 8063736
1 9511720
1 3672911
1 6788052
1 1904703
1 7570424
1 5591394
1 3913410
1 5677435
1 1827024
1 782454
1 1356453
1 6398381
1 6113401
1 432443
1 7633466
1 7843803
1 2750391
1 5915269
1 5584079
1 2036773
1 7673906
1 3070543
1 7786990
1 455315
1 8995419
1 3185515
1 8492383
1 8960916
1 5542724
1 6211780
1 1144543
1 5085207
1 7392342
1 3006179
1 316482
1 6393783
1 1886312
1 4355967
1 5324955
1 3030334
1 1816350
1 7391353
1 3008743
1 4472508
1 8729390
1 7394836
1 522290
1 6360993
1 8963388
1 3924241
1 9348005
1 4259386
1 6739566
1 5864265
1 8775774
1 7641782
1 4611692
1 5223407
1 3490111
1 7957411
1 776778
1 432225
1 8512488
1 4207494
1 353037
1 7915318
1 9166451
1 616261
1 1853457
1 4114106
1 7402239
1 9337191
1 4363172
1 4017379
1 3952002
1 251485
1 5672429
1 9375187
1 3103023
1 7856088
1 3115379
1 2285267
1 9997252
1 5927783
1 8009967
1 3919262
1 4376674
1 4640696
1 9089623
1 8153141
1 8258591
1 3115652
1 1748272
1 859727
1 2219775
1 9275998
1 8266570
1 3037131
1 5365064
1 7565772
1 7342344
1 4532349
1 6037394
1 6209189
1 6315259
1 8437718
1 2971120
1 8086807
1 6655618
1 2560798
1 8500075
1 767829
1 5212421
1 1248120
1 6525147
1 3114510
1 2233822
1 2125421
1 4460164
1 5843870
1 870403
1 2608901
1 5998382
1 9151212
1 4662948
1 9571538
1 3330636
1 2850502
1 6833088
1 1303232
1 7623186
1 7847930
1 4269412
1 3810270
1 4539391
1 1051053
1 4640496
1 9351461
1 8810436
1 6041415
1 349057
1 7071612
1 4952079
1 2935864
1 988335
1 1249239
1 2660896
1 4538502
1 5298497
1 9977208
1 3391240
1 1254842
1 2582841
1 5133412
1 8026934
1 4979272
1 5657233
1 6639744
1 9447287
1 7239440
1 1009791
1 1920782
1 1495235
1 5499939
1 7715443
1 8627672
1 5413081
1 558073
1 5452650
1 3067022
1 2465929
1 4610187
1 6289212
1 3872727
1 3908701
1 8434205
1 2719143
1 7756615
1 4024779
1 557694
1 3448245
1 2628103
1 7910205
1 2900560
1 8579240
1 4641938
1 8446997
1 3458843
1 8758718
1 5567406
1 1454931
1 2792366
1 1636328
1 7223054
1 6875388
1 9325116
1 3440748
1 8592888
1 2188929
1 4767146
1 9218072
1 5802824
1 1122991
1 1117266
1 1359201
1 2013653
1 4453665
1 7729045
1 1445930
1 5314795
1 4260153
1 3488307
1 9942482
1 1659030
1 4080000
1 7845526
1 9791718
1 1671529
1 2395144
1 1208451
1 5269545
1 7518804
1 2518354
1 6514031
1 2157289
1 6937398
1 6290323
1 6821435
1 861936
1 3574507
1 9414933
1 475379
1 388959
1 9723729
1 4161315
1 6054029
1 619597
1 6676219
1 8367271
1 5564652
1 6023806
1 7106607
1 3099039
1 209515
1 9375391
1 679948
1 2010091
1 9155040
1 3577934
1 1510926
1 6651262
1 2702665
1 422427
1 502998
1 2976879
1 8314366
1 824663
1 6808133
1 4331579
1 9737747
1 1287686
1 4791726
1 2395386
1 3937257
1 9934175
1 138290
1 3347162
1 4782389
1 4388684
1 5861791
1 4419383
1 5597537
1 3791650
1 9808518
1 6699822
1 4925777
1 4683363
1 1349817
1 9438173
1 7128623
1 2035042
1 2642812
1 2476866
1 6227849
1 5112436
1 6215593
1 4346325
1 2531478
1 2282800
1 1300301
1 8863223
1 9165414
1 3392641
1 9572609
1 3663703
1 1248722
1 5374027
1 4637312
1 4795573
1 4625914
1 1705212
1 1684202
1 1438045
1 104051
1 3570749
1 8353916
1 1958678
1 3995347
1 4342056
1 131036
1 3228556
1 9787596
1 2157111
1 2351227
1 5090841
1 4512276
1 3171327
1 4395251
1 751236
1 8302968
1 7421187
1 3716018
1 4689713
1 8547522
1 5105386
1 8636781
1 3831314
1 761185
1 2511919
1 8223108
1 8115190
1 9126757
1 5814935
1 7751144
1 3889894
1 8359168
1 5273499
1 73968
1 6345332
1 5222936
1 6462819
1 7742965
1 1126957
1 9016113
1 8773545
1 835688
1 8475975
1 9994891
1 8375101
1 3809562
1 5004551
1 2808897
1 9221994
1 2309724
1 3773678
1 7073283
1 6173950
1 7201297
1 1836744
1 4376030
1 4742554
1 8016058
1 1174049
1 5902552
1 2529530
1 1299195
1 6432848
1 7340158
1 3108720
1 7735029
1 2846951
1 6267463
1 6531969
1 4226123
1 5187819
1 4966464
1 1446281
1 3038993
1 1792658
1 5319205
1 6355173
1 888682
1 9275145
1 5169028
1 2680582
1 8917577
1 355389
1 2708601
1 6791729
1 2650922
1 5348688
1 8756586
1 478170
1 3764297
1 7842960
1 5884529
1 6989431
1 6164276
1 1827416
1 3265906
1 2572706
1 1042995
1 7523971
1 1046366
1 8719553
1 552970
1 1228592
1 9792664
1 728894
1 929142
1 9437629
1 5788079
1 210669
1 8890018
1 3307549
1 9821248
1 4700399
1 4862680
1 9369424
1 1760764
1 3768915
1 6957395
1 609374
1 855581
1 5681245
1 2467090
1 6402335
1 841768
1 1270273
1 2227473
1 1805736
1 2374645
1 478480
1 9989947
1 4216287
1 4773858
1 9961534
1 7416303
1 8702228
1 1368669
1 5095435
1 4958574
1 3066023
1 7630524
1 7709935
1 8674899
1 7854549
1 9457033
1 1186844
1 6363717
1 9064647
1 1215308
1 735032
1 9043701
1 844734
1 395816
1 5863444
1 8648914
1 4232358
1 7849740
1 6449901
1 1470731
1 1301378
1 1212476
1 4752139
1 7507158
1 5321980
1 2277971
1 5650710
1 9828420
1 7684581
1 4608639
1 760034
1 6155457
1 3323779
1 7622164
1 1323427
1 4771053
1 4605065
1 4277229
1 6834240
1 6107505
1 6007947
1 3306631
1 7685450
1 3867057
1 7794025
1 2185747
1 1339992
1 2918755
1 6938729
1 6598587
1 5882465
1 8804157
1 7461272
1 1951684
1 3535064
1 2028296
1 4539904
1 5937251
1 4415825
1 3500906
1 4955651
1 4169164
1 6624549
1 1704908
1 3053145
1 2120482
1 6271648
1 575933
1 7809995
1 578389
1 5765792
1 7985083
1 6991864
1 8289476
1 5239866
1 3888123
1 3364643
1 8320121
1 2239220
1 2881686
1 3726189
1 3552052
1 6457393
1 645095
1 8244417
1 9880458
1 1257454
1 4847248
1 724973
1 1963103
1 2604769
1 498818
1 9936549
1 5080638
1 695539
1 2440300
1 9693418
1 6870736
1 7390941
1 5132843
1 627922
1 6006655
1 1174630
1 7101581
1 5725082
1 3305666
1 1241697
1 1550359
1 7926438
1 986316
1 8366887
1 8344483
1 9673143
1 2031612
1 7502757
1 9671731
1 9498818
1 6134367
1 7026598
1 9741309
1 1318202
1 563035
1 4977727
1 2391970
1 7043884
1 8484489
1 3001082
1 464597
1 3837564
1 8214539
1 8950507
1 1366198
1 2353632
1 8295741
1 4665630
1 2261040
1 3227972
1 5533453
1 7514125
1 4160139
1 9358962
1 7565641
1 3587867
1 8337674
1 3918297
1 2360063
1 8749224
1 2266198
1 7575183
1 3292125
1 7240991
1 8753986
1 9998168
1 3758594
1 6045562
1 4874896
1 6378126
1 8032306
1 955673
1 9144057
1 4565865
1 6092577
1 3300160
1 9457707
1 4473468
1 9624311
1 264919
1 9013773
1 4797549
1 6406988
1 1438458
1 197581
1 711656
1 4077809
1 9392943
1 1397074
1 83526
1 5952554
1 163115
1 8043306
1 901094
1 2362786
1 4550265
1 1716889
1 9074765
1 7514064
1 4857850
1 8603882
1 9073447
1 6451520
1 1201510
1 8254060
1 9950393
1 5558937
1 2182619
1 6115012
1 4379840
1 2678821
1 9613636
1 3181744
1 1360578
1 5610056
1 4275135
1 9612657
1 8759226
1 8568945
1 4072632
1 2842594
1 775314
1 7119090
1 5410392
1 1600211
1 9424203
1 9631853
1 5639705
1 7804730
1 8755001
1 5622601
1 5345507
1 2806520
1 3595944
1 9431893
1 343854
1 9293323
1 2369419
1 2144695
1 3400218
1 1367261
1 5691513
1 4872798
1 2726162
1 1008576
1 7923678
1 4008248
1 8254287
1 6356785
1 1506162
1 29813
1 5222644
1 5361592
1 3880286
1 5634921
1 2011917
1 9676939
1 9470663
1 75273
1 8633142
1 759997
1 4822542
1 7077657
1 2344333
1 5926959
1 703813
1 5646196
1 1250383
1 9676842
1 7879132
1 2990559
1 3406782
1 5678640
1 7768968
1 5069076
1 4843415
1 8255968
1 4843696
1 9809839
1 4986902
1 3484666
1 6708245
1 4010218
1 3479918
1 2042235
1 4081355
1 3561412
1 8147882
1 6419215
1 8278367
1 416928
1 2257747
1 9695631
1 7952318
1 561007
1 1907362
1 6735987
1 9728833
1 2269761
1 2543627
1 2977747
1 8515186
1 2543323
1 952001
1 4463819
1 9486125
1 5441847
1 9484824
1 226002
1 6644853
1 3872498
1 2171944
1 5223277
1 1356739
1 3858292
1 7979382
1 406076
1 153141
1 8050920
1 2109164
1 5843765
1 9981895
1 2778155
1 5084406
1 1361680
1 7841240
1 2730409
1 9453290
1 6177418
1 5387290
1 4623703
1 8746682
1 1800589
1 2997050
1 979011
1 6942870
1 5289977
1 6831330
1 4229341
1 8280205
1 5719874
1 4585515
1 9247907
1 1728399
1 2029967
1 5538172
1 2692421
1 6255785
1 9341943
1 8369753
1 9045503
1 154529
1 813407
1 7378271
1 339836
1 4556765
1 9861966
1 4172164
1 9324619
1 9253143
1 9686524
1 1032962
1 6377251
1 1441793
1 7452960
1 6737452
1 4308085
1 6205664
1 1650477
1 8615035
1 5688125
1 9097923
1 7263120
1 5526149
1 3940634
1 6034939
1 955559
1 1549937
1 6593789
1 1807544
1 6659131
1 6903829
1 4038137
1 7643637
1 831392
1 8428102
1 7085017
1 9164110
1 9449090
1 8131470
1 2681695
1 7738700
1 1649319
1 8104367
1 9228250
1 9663773
1 5966544
1 5129520
1 2756799
1 7439760
1 1747004
1 9540710
1 891114
1 2525825
1 7779645
1 6189816
1 282538
1 5665895
1 721821
1 9119667
1 740836
1 3968328
1 6242663
1 3817227
1 5929509
1 4931699
1 6648968
1 1615782
1 9542887
1 2413756
1 3990051
1 400660
1 6539066
1 4463084
1 7467409
1 4286618
1 4452542
1 7726759
1 7025605
1 9377632
1 5267712
1 8260200
1 4356043
1 8737196
1 1805365
1 5253457
1 5111148
1 5123704
1 9135626
1 6300026
1 5948834
1 3090973
1 736979
1 3042462
1 8612752
1 4309366
1 5321478
1 6466835
1 8499735
1 708765
1 2234950
1 9660660
1 9061149
1 4696360
1 72271
1 1460382
1 1720287
1 7051657
1 2461376
1 1869317
1 4402924
1 3418159
1 1425491
1 55230
1 6131415
1 5836401
1 2662356
1 7058482
1 818671
1 6121571
1 3054787
1 9195854
1 539413
1 2260451
1 4226467
1 7716139
1 9280827
1 6999775
1 7573880
1 1495703
1 7202369
1 8901172
1 4520970
1 7031670
1 4386614
1 1330290
1 9086435
1 6370724
1 2277958
1 2066834
1 2268151
1 5871647
1 7048118
1 7424526
1 5131899
1 7896535
1 5910984
1 6916992
1 8866012
1 5772004
1 1288027
1 6458481
1 6845484
1 7120798
1 301331
1 5424625
1 2703916
1 8094919
1 353877
1 871265
1 3606441
1 9352243
1 9100144
1 1482982
1 4961820
1 3970429
1 959591
1 304027
1 2675254
1 4090837
1 1587213
1 9666414
1 541001
1 530645
1 3752343
1 2221714
1 5441912
1 7339877
1 5799942
1 5183794
1 6204202
1 6974765
1 5287226
1 7494206
1 7633134
1 4645077
1 2116752
1 7566294
1 5206751
1 8892479
1 6084802
1 221758
1 2125659
1 5055176
1 8640880
1 8061040
1 4048615
1 9760645
1 1653991
1 7086079
1 5115748
1 3431391
1 2731621
1 6631920
1 6560226
1 7373784
1 228421
1 4879629
1 955237
1 3022486
1 6732944
1 7805417
1 5730141
1 3162302
1 1862117
1 4618688
1 4731251
1 9702210
1 5618016
1 4812046
1 38562
1 4116294
1 389528
1 3064474
1 1922327
1 9438232
1 2495964
1 230205
1 469841
1 2526077
1 5041146
1 9491703
1 81781
1 5550165
1 620433
1 6267037
1 9468836
1 2971415
1 388090
1 6480609
1 8065899
1 6943977
1 9235905
1 8174526
1 6855660
1 6229245
1 2877640
1 953888
1 7719368
1 1450396
1 5548644
1 6297306
1 2428244
1 3357084
1 8836150
1 7111459
1 8083024
1 8075515
1 3006225
1 9982274
1 9885936
1 6008921
1 2963903
1 1697253
1 2786594
1 4063623
1 4131274
1 7008602
1 4542513
1 7831844
1 4951671
1 6638381
1 2624428
1 6906747
1 2325870
1 3664767
1 6045674
1 4246448
1 512262
1 8857162
1 7645828
1 1283741
1 6713683
1 6475941
1 6265708
1 7774371
1 9675630
1 2285342
1 9603258
1 5586362
1 2155295
1 9573616
1 9763033
1 4679651
1 9759884
1 5065475
1 6389619
1 893595
1 8621939
1 7806
1 9354149
1 4507624
1 7000153
1 2755411
1 3785784
1 6807960
1 5932912
1 2220491
1 257439
1 8059924
1 9333492
1 4951514
1 6692490
1 4382800
1 2516371
1 673682
1 921224
1 6991256
1 9635291
1 6757542
1 4348472
1 6704610
1 9162161
1 5168762
1 1295042
1 1859775
1 8528859
1 8621358
1 8902663
1 682021
1 13885
1 2703591
1 2298442
1 1305499
1 3159949
1 6957775
1 5774968
1 7846439
1 9872526
1 6672922
1 9814602
1 2922663
1 9703746
1 2060838
1 1464349
1 1009615
1 7015561
1 6636858
1 7602787
1 8021415
1 2689242
1 7650153
1 7741585
1 6437905
1 7126068
1 945183
1 6142551
1 9852975
1 3129680
1 5027972
1 9767309
1 9997699
1 6232711
1 9938556
1 4592818
1 8390165
1 7077630
1 7193997
1 9094059
1 5383159
1 8343842
1 507990
1 1698679
1 2255720
1 9280798
1 3498327
1 5264596
1 6486913
1 6255708
1 4375271
1 36450
1 3857356
1 7319696
1 6359244
1 6487314
1 1321314
1 8626125
1 4207700
1 596044
1 6237936
1 3423128
1 5258194
1 1415741
1 5010627
1 9441618
1 5658744
1 1115631
1 2473885
1 7829942
1 5573250
1 2587871
1 8926257
1 5928452
1 2391658
1 3426108
1 1302016
1 8961014
1 1606519
1 8289572
1 9784108
1 7841336
1 702785
1 2183025
1 6893262
1 1239023
1 3273444
1 9314381
1 3750591
1 4664471
1 6193548
1 1327645
1 5163465
1 1375575
1 9665962
1 2805242
1 5371740
1 7944003
1 9246786
1 8444581
1 9355532
1 2920773
1 5320444
1 8881943
1 1899099
1 7619704
1 2817480
1 4649982
1 5842876
1 4613460
1 3683279
1 561841
1 8312789
1 1987667
1 2575790
1 4427534
1 7946252
1 4018298
1 5488590
1 5758874
1 4899461
1 2057195
1 8760306
1 6870857
1 78673
1 422246
1 3424272
1 2560267
1 3492320
1 9646725
1 8871211
1 1583034
1 9322893
1 5641087
1 5056727
1 5197365
1 9035238
1 6260185
1 2289180
1 4977519
1 5755700
1 7005563
1 9771459
1 1986036
1 9855300
1 7233958
1 8663634
1 6776303
1 1830861
1 4152269
1 5997948
1 5533947
1 7528499
1 2003849
1 9640476
1 5838226
1 16121
1 910322
1 4967223
1 1587122
1 1191929
1 6565487
1 9011328
1 3765711
1 7056285
1 8840923
1 796288
1 7058828
1 4197059
1 8389070
1 4819168
1 4098260
1 7758403
1 4707069
1 3113129
1 6527072
1 965343
1 9021783
1 4742541
1 8068734
1 8482592
1 3993977
1 6832822
1 5658172
1 14716
1 8897799
1 64306
1 2319315
1 2190462
1 7074158
1 3874285
1 2657654
1 9808924
1 2337698
1 27834
1 6982353
1 611521
1 2631452
1 5042798
1 335352
1 9204360
1 8238019
1 4423491
1 7145728
1 2514398
1 2893430
1 6597693
1 5346037
1 7104626
1 5179771
1 3127882
1 7703491
1 8823971
1 2019272
1 8173264
1 9488024
1 7075561
1 1442677
1 7232573
1 3846444
1 6978809
1 3527206
1 1746200
1 9103142
1 1269646
1 5450039
1 161247
1 8208193
1 7237343
1 977926
1 9845433
1 5096226
1 1964260
1 7240988
1 9430166
1 9062066
1 4280749
1 9120850
1 7176028
1 8823544
1 4550562
1 1111194
1 6703511
1 7369456
1 9163002
1 7725980
1 3635643
1 8598947
1 7695954
1 9316828
1 580421
1 2012723
1 3956888
1 4450350
1 1725321
1 2284964
1 6605577
1 5750891
1 1509229
1 7602918
1 3953820
1 1733586
1 6441417
1 6426779
1 5734855
1 6899020
1 4703331
1 3954348
1 4340180
1 5695720
1 4648817
1 8340489
1 928897
1 6424487
1 7556129
1 4997544
1 9940705
1 9243649
1 3642430
1 3400393
1 2150680
1 4745268
1 8647328
1 1741353
1 7684563
1 1688466
1 8954439
1 3172018
1 1174640
1 7282886
1 8263640
1 215006
1 1008207
1 111047
1 5062181
1 9105487
1 1647417
1 439868
1 9386387
1 9971571
1 4401039
1 7576709
1 4173394
1 296904
1 6332262
1 1834609
1 6667604
1 7897764
1 489056
1 3584016
1 2772186
1 5815727
1 1468574
1 3042923
1 3746413
1 2286689
1 4348864
1 3911521
1 1723446
1 6331952
1 4170339
1 3308546
1 6844890
1 9856169
1 7303692
1 1823893
1 9492692
1 7175399
1 5544360
1 601920
1 8744016
1 331431
1 2081200
1 9402029
1 5300060
1 7321769
1 4011119
1 3374701
1 1128163
1 9095215
1 9482488
1 3118440
1 79253
1 9607969
1 1399926
1 8378942
1 3066679
1 9765718
1 2928237
1 6296752
1 5383686
1 9462811
1 435240
1 2799443
1 4268783
1 2913619
1 5994231
1 8503698
1 5744423
1 4738632
1 7574075
1 434350
1 2531680
1 8309622
1 7378110
1 1948873
1 348774
1 79427
1 1136824
1 691549
1 3360597
1 3448614
1 6586182
1 3015239
1 8163904
1 9568800
1 1277736
1 9223372
1 3578149
1 5690722
1 8309991
1 3342383
1 8639883
1 4008401
1 2293363
1 2641770
1 1105640
1 174660
1 8042796
1 4540533
1 5711577
1 9509940
1 4189097
1 3615323
1 3758902
1 436860
1 8246045
1 5626254
1 1076943
1 7574422
1 1011010
1 3192893
1 588603
1 3201663
1 1139941
1 1491284
1 2779418
1 135448
1 8962180
1 4614606
1 9685989
1 2627393
1 4990524
1 9424049
1 1197384
1 2670092
1 8685
1 9777695
1 8022631
1 8666252
1 3635586
1 9411045
1 7346825
1 6255995
1 6061847
1 2183638
1 1623188
1 5191083
1 6727944
1 9679542
1 471690
1 3000547
1 6428909
1 3388301
1 9566350
1 9803312
1 6642487
1 118208
1 5967926
1 3572680
1 2908969
1 3489247
1 5673061
1 5516130
1 5273151
1 2360715
1 2771862
1 8966136
1 1876787
1 6288687
1 9318350
1 499817
1 3887631
1 1583022
1 8996602
1 4874458
1 3435936
1 6909520
1 6459615
1 196151
1 8213248
1 5093395
1 1141800
1 620754
1 9509573
1 2218592
1 7960374
1 4091939
1 2036140
1 4779282
1 9221119
1 6807849
1 5702014
1 5729375
1 3353020
1 7544517
1 1969970
1 3704861
1 5654229
1 3487273
1 3019399
1 2501074
1 4227043
1 2127439
1 2866405
1 5184560
1 5002621
1 2497904
1 1944465
1 4399160
1 9726488
1 9308141
1 9873448
1 8757760
1 8590487
1 7856694
1 1827270
1 2168535
1 3004301
1 165789
1 8097887
1 3777902
1 7340329
1 2619695
1 8361664
1 7619429
1 3143379
1 629058
1 6778148
1 2526110
1 3006967
1 6628711
1 7773202
1 3422805
1 8775382
1 4481456
1 885490
1 4448894
1 3775624
1 3444719
1 6795578
1 9588525
1 835699
1 2590634
1 9435666
1 3666491
1 2617300
1 2228289
1 893593
1 2522862
1 8043014
1 2346268
1 7567350
1 7498344
1 1106094
1 613582
1 7737891
1 2885888
1 9127046
1 7018629
1 7539237
1 4010137
1 3874261
1 5005777
1 3822823
1 5609442
1 7653373
1 4190148
1 2163111
1 3867287
1 5095660
1 4688598
1 6578851
1 6239130
1 2532778
1 197298
1 9727262
1 8264135
1 8518580
1 2702701
1 1796714
1 8101576
1 5236267
1 2100913
1 6517043
1 691856
1 2342524
1 6002409
1 1333488
1 6491153
1 4328667
1 1506048
1 4258175
1 7509869
1 8233235
1 117216
1 767650
1 1478185
1 3790345
1 3270819
1 2266298
1 2959761
1 5582132
1 5811990
1 9133498
1 9283189
1 6906957
1 8952286
1 1042237
1 9573081
1 1822194
1 1251247
1 7387894
1 7473780
1 4983897
1 2394581
1 5632952
1 3964947
1 8809494
1 1302616
1 4206434
1 8221380
1 3029689
1 1598040
1 1226146
1 9510079
1 6684888
1 2195824
1 4757586
1 6643890
1 9601814
1 3832377
1 3633149
1 500935
1 9467604
1 7704630
1 8363157
1 2496021
1 136772
1 5152563
1 1855720
1 3644561
1 8631098
1 6004711
1 6329237
1 5009061
1 9459311
1 3917150
1 9569660
1 1307130
1 8772194
1 4521763
1 6590985
1 6561016
1 7335918
1 8779275
1 1793907
1 1126059
1 1669698
1 83772
1 6142191
1 4444645
1 9924614
1 5700765
1 8590841
1 223108
1 9819348
1 2998070
1 4150239
1 7715932
1 6767611
1 9020479
1 7718180
1 7428000
1 9538904
1 6030214
1 3124596
1 1205471
1 4539575
1 3589536
1 3928104
1 1866794
1 5726007
1 473125
1 6335058
1 2281300
1 8902112
1 1727286
1 6039760
1 5065562
1 7131787
1 7080398
1 5689316
1 7882711
1 2013701
1 3451903
1 2645255
1 7641847
1 1013716
1 534622
1 7932317
1 2370552
1 8639635
1 2666487
1 7906750
1 841625
1 3629014
1 5304224
1 6411209
1 90087
1 4142405
1 2742392
1 9581386
1 3967490
1 5641404
1 8517357
1 8265848
1 8647779
1 8646517
1 4224162
1 6620337
1 5700792
1 5616630
1 4596968
1 8685409
1 4546812
1 2336736
1 9424038
1 4553693
1 8438970
1 1719214
1 8511510
1 3183837
1 5957951
1 32734
1 6036516
1 3531921
1 3131339
1 6699309
1 967482
1 9674305
1 6504363
1 4320226
1 1259538
1 9749007
1 4601314
1 6732969
1 9610342
1 4032631
1 8261318
1 5338989
1 5339773
1 4154117
1 1741951
1 9017433
1 6071057
1 2667867
1 1959494
1 2645880
1 9080606
1 4561609
1 1451306
1 5101089
1 9645734
1 4764866
1 8863359
1 2291490
1 2785770
1 7084297
1 1857473
1 3539603
1 4403700
1 7350647
1 435898
1 8979557
1 4295970
1 9925848
1 4943506
1 6165808
1 4315339
1 5248664
1 5997252
1 8464133
1 2057886
1 2416459
1 9589164
1 2042405
1 5884022
1 6435861
1 6126576
1 6071298
1 8768470
1 2835787
1 4549646
1 3506235
1 4535273
1 2503506
1 7331955
1 4951541
1 467775
1 5005312
1 7261502
1 13011
1 1617166
1 732887
1 7628638
1 5987509
1 2299190
1 5316534
1 8389778
1 8713984
1 8257372
1 8439728
1 264708
1 5265390
1 8699737
1 4888497
1 3272903
1 502235
1 7799562
1 7730682
1 228577
1 2207976
1 5201547
1 518132
1 1269141
1 5125282
1 861685
1 3284198
1 5464598
1 8659505
1 116124
1 3195474
1 9806265
1 4991672
1 2028174
1 9378184
1 9040221
1 7598327
1 9847159
1 5981445
1 4613816
1 3124910
1 762538
1 5317046
1 5962292
1 4244930
1 8282311
1 2069468
1 4759213
1 3788013
1 3703466
1 6705046
1 5364269
1 6662932
1 741989
1 9851928
1 779973
1 7629203
1 9118388
1 9494487
1 3500539
1 905226
1 4459046
1 1916513
1 502609
1 6506648
1 3978947
1 9801776
1 1873634
1 4186074
1 9837795
1 5795426
1 9451183
1 4637111
1 6931359
1 255411
1 9559381
1 7729373
1 5144100
1 5963351
1 6236150
1 8029563
1 4782345
1 9005688
1 2309612
1 5355508
1 4997909
1 3270354
1 2209758
1 5858592
1 6379155
1 4914945
1 9491871
1 3550253
1 7621729
1 7649812
1 8462775
1 7654865
1 9870573
1 3451668
1 5764955
1 2486802
1 8600067
1 5929606
1 157148
1 4371106
1 5541051
1 6623458
1 3104089
1 7218945
1 5028040
1 804951
1 3461650
1 4716543
1 3434663
1 4623674
1 7068889
1 1389409
1 3224203
1 6936297
1 1969886
1 7111763
1 8419818
1 7729473
1 3288006
1 5583734
1 6302387
1 248424
1 1885321
1 6862686
1 4008393
1 1277557
1 6897336
1 9374190
1 9097682
1 4246911
1 2605589
1 8251759
1 6146523
1 6880742
1 7134482
1 8882407
1 3166591
1 2910609
1 5769814
1 3059829
1 423329
1 9286819
1 2836933
1 4565877
1 983999
1 5864198
1 815829
1 1883632
1 3699585
1 7956923
1 3476024
1 8685130
1 500105
1 1033051
1 423304
1 8134753
1 2969643
1 3263021
1 5181701
1 6974980
1 7175164
1 2097850
1 8031911
1 8282952
1 9031148
1 7437199
1 7287206
1 8305202
1 7640896
1 4810456
1 414602
1 3634961
1 6279695
1 8945777
1 6092927
1 6867075
1 6798307
1 2573227
1 1728744
1 9158877
1 8416507
1 1228666
1 106728
1 7327603
1 278453
1 2862637
1 103671
1 2465339
1 7490315
1 6031646
1 6245991
1 3761413
1 2009573
1 3487129
1 4109560
1 6832876
1 2876889
1 7992452
1 2668330
1 272202
1 5011169
1 1784619
1 9400377
1 5493295
1 1920616
1 6870239
1 4811974
1 1036280
1 5457428
1 9415818
1 8008019
1 8690729
1 4534512
1 175950
1 2904671
1 3302081
1 2719370
1 3382428
1 9298127
1 2482072
1 4375512
1 3056778
1 1370471
1 4243231
1 5909539
1 5205795
1 2239115
1 3999149
1 1534546
1 1580647
1 6123423
1 4118911
1 22182
1 1806756
1 9268910
1 7757440
1 5506495
1 7330137
1 9661396
1 6496268
1 1364986
1 3419971
1 8321134
1 6916366
1 5201516
1 4630414
1 7527288
1 4467215
1 1850749
1 4868692
1 5242750
1 3707555
1 9914416
1 8433962
1 2163654
1 871091
1 4953337
1 5642467
1 8496015
1 1116824
1 8482319
1 9287735
1 1924320
1 9201309
1 5979194
1 362460
1 64744
1 8818399
1 1447696
1 1198249
1 2101573
1 4997006
1 5813912
1 9717948
1 1612002
1 44706
1 3445852
1 5833894
1 4903122
1 4165215
1 3653623
1 1120939
1 6254117
1 3488714
1 4980917
1 6010193
1 8276072
1 3248293
1 6984277
1 2285395
1 9291785
1 5884579
1 6277649
1 8299107
1 2162385
1 6300268
1 5639111
1 894357
1 8402653
1 9337749
1 6654870
1 5192631
1 9792780
1 7614484
1 6078922
1 4260625
1 5429961
1 7123060
1 3517298
1 6351019
1 3330529
1 9191482
1 3615980
1 9951248
1 8718712
1 6331504
1 2112159
1 7260419
1 1901455
1 5881307
1 773044
1 9214281
1 4739459
1 4912484
1 5918104
1 8610271
1 73545
1 1997354
1 3877370
1 8009665
1 2318564
1 694734
1 1446310
1 9391464
1 7592649
1 4013420
1 4923830
1 6695345
1 6244519
1 6753001
1 9838206
1 3586088
1 2261456
1 7580382
1 5678998
1 971027
1 9106573
1 8102589
1 3285874
1 9370838
1 4370757
1 2152064
1 2950176
1 7684081
1 4106326
1 9314035
1 9417883
1 4342225
1 5957665
1 1712634
1 23752
1 874156
1 7911048
1 9318322
1 4741691
1 6610292
1 8865995
1 5327687
1 2795861
1 6989520
1 7358416
1 8678502
1 244108
1 2864495
1 8205769
1 7321881
1 308264
1 1945222
1 1634
1 7643084
1 3759959
1 652568
1 1747457
1 2430759
1 2836384
1 3661857
1 1283549
1 4606210
1 4357946
1 5588130
1 2538577
1 8435349
1 1434336
1 3846163
1 2036321
1 6817320
1 802994
1 6775344
1 4598240
1 4939009
1 2394532
1 2027757
1 4830084
1 6367593
1 2514303
1 5224305
1 7770011
1 8019246
1 2313914
1 1286273
1 5658126
1 4341521
1 3026291
1 9802375
1 4612106
1 7730820
1 7769430
1 5165426
1 751092
1 3413197
1 1838840
1 7375569
1 6751215
1 1515765
1 5115122
1 6384893
1 3931146
1 5091523
1 9811201
1 4322800
1 4907962
1 6264613
1 1665524
1 9705187
1 2519050
1 2587792
1 1333941
1 9947949
1 7618743
1 5531044
1 5477316
1 6627030
1 6797810
1 9451227
1 7509052
1 3880183
1 2946172
1 7298788
1 3008284
1 2432343
1 6587422
1 1084720
1 1037959
1 513131
1 3733967
1 7370641
1 678424
1 5340389
1 1857885
1 4222411
1 1642290
1 1840158
1 8345545
1 8967856
1 9369622
1 7918454
1 2968883
1 860252
1 2365119
1 9085403
1 4742635
1 501905
1 7354173
1 2978654
1 2154924
1 3458223
1 1947581
1 662589
1 8302455
1 589004
1 1079198
1 939355
1 4367987
1 1236822
1 1274830
1 4261351
1 9497623
1 7620804
1 4452051
1 3604939
1 3123525
1 8305869
1 716177
1 5815880
1 5272893
1 6596995
1 3780152
1 196357
1 4512799
1 8051680
1 8761066
1 1501898
1 9120135
1 4240771
1 9225399
1 5153357
1 6885300
1 1282380
1 585875
1 1115848
1 1406843
1 328073
1 1450373
1 8393199
1 2738304
1 5031663
1 9825707
1 2331829
1 8937635
1 3384294
1 9137059
1 6629474
1 2008061
1 2407646
1 6683230
1 7161261
1 1256743
1 2952452
1 6190031
1 3215989
1 9639866
1 716140
1 3233315
1 532573
1 555743
1 8310897
1 9685446
1 8631370
1 9376633
1 1086790
1 9657565
1 8783928
1 5849835
1 9596960
1 9655555
1 7931769
1 920600
1 3746785
1 5118488
1 4223776
1 7266192
1 4286609
1 1575318
1 7876284
1 5874106
1 8751910
1 6796841
1 1456294
1 3882115
1 8667677
1 10722
1 1907192
1 8318508
1 5747068
1 86541
1 5386669
1 4178265
1 2840821
1 609581
1 1158462
1 3086063
1 6135113
1 5059338
1 2906838
1 8866665
1 8104013
1 8760027
1 6308518
1 9483220
1 8199445
1 3852171
1 9383923
1 7133641
1 2363308
1 7867588
1 4774083
1 2929201
1 7701533
1 8890157
1 9438735
1 6300120
1 5298045
1 3867280
1 2737733
1 541377
1 682696
1 2135248
1 6763420
1 6064311
1 9894893
1 9851363
1 3981617
1 2665530
1 5612826
1 3354154
1 9964343
1 3568995
1 4116774
1 8688987
1 237119
1 1018491
1 5164812
1 4620373
1 7129555
1 5966900
1 8751729
1 8008114
1 5299235
1 3728495
1 20646
1 5500489
1 967374
1 3636561
1 9993044
1 4164832
1 6324357
1 790538
1 5207723
1 6784684
1 4500774
1 6357114
1 2132751
1 3457064
1 3742624
1 1508841
1 9543112
1 5088901
1 409420
1 8420503
1 9159757
1 9760821
1 9099029
1 9087782
1 7357924
1 4159574
1 5487363
1 8020519
1 7027108
1 6729453
1 2534153
1 7964830
1 9200097
1 597385
1 1906685
1 7516663
1 265797
1 3887915
1 968346
1 265692
1 9055900
1 8750301
1 7613656
1 4200861
1 5327557
1 1835356
1 1419286
1 3020850
1 875233
1 7925582
1 4059030
1 4361511
1 8901929
1 2793971
1 9153532
1 272638
1 2559500
1 8875027
1 7006902
1 1985318
1 427732
1 7767428
1 6458289
1 9425864
1 525700
1 601787
1 9928799
1 2817551
1 3025422
1 3766005
1 6487081
1 1692620
1 7432576
1 4996978
1 2023992
1 2773511
1 1839472
1 6262687
1 3951981
1 5217926
1 5728939
1 1779262
1 6236237
1 3454834
1 9649268
1 2530502
1 706119
1 4865893
1 2944325
1 613573
1 2618984
1 4138716
1 5174403
1 4139982
1 4728616
1 4021806
1 7231746
1 926071
1 5821975
1 1527302
1 7882229
1 2139914
1 4022657
1 1364438
1 3581813
1 7983063
1 9448362
1 5558274
1 2233838
1 7494419
1 6412312
1 2821473
1 9076041
1 6092766
1 2200363
1 6364758
1 5039584
1 4986877
1 8878307
1 7391428
1 6854420
1 6630693
1 2024556
1 233284
1 9984426
1 3298792
1 7247311
1 3143692
1 4478108
1 3580258
1 3848437
1 4434011
1 9755010
1 3575666
1 5842520
1 3197345
1 8698177
1 4600101
1 6322629
1 7967565
1 9341528
1 8313536
1 2380507
1 6798587
1 5651817
1 1410424
1 5706697
1 9027921
1 892140
1 3852112
1 7144221
1 8449972
1 1307538
1 3142040
1 7720856
1 2770880
1 1844400
1 4906003
1 4256341
1 6063219
1 1435596
1 9085081
1 1744957
1 112993
1 9264676
1 2459099
1 8045906
1 3381594
1 8635484
1 446940
1 2084940
1 3397286
1 7425099
1 9354683
1 6372655
1 5781570
1 6844470
1 6337672
1 4743719
1 5768993
1 2029044
1 585230
1 5076190
1 9230629
1 4387760
1 4473703
1 3838283
1 5272229
1 8163320
1 6617111
1 1651456
1 138147
1 9335186
1 2769435
1 5253821
1 2850145
1 6784139
1 3040584
1 2255405
1 3142613
1 8912568
1 6317055
1 7035602
1 220811
1 8977264
1 6449477
1 5401066
1 7052143
1 1816148
1 6057070
1 7073784
1 3368120
1 5146698
1 6897481
1 464820
1 3054859
1 9091924
1 1349922
1 8463579
1 6887116
1 2772963
1 7954466
1 6418226
1 6379423
1 7027093
1 4440606
1 73502
1 6358882
1 7967203
1 8090497
1 6169557
1 8934882
1 2179243
1 7071628
1 2320095
1 1616806
1 8621123
1 2260924
1 8978148
1 5276213
1 8419910
1 2012037
1 2176930
1 8201269
1 9442804
1 1095023
1 8489749
1 4147806
1 63997
1 6609032
1 3726558
1 9782188
1 7837960
1 1058820
1 1206320
1 5326719
1 5386046
1 6433356
1 6655631
1 981070
1 9097679
1 2657894
1 225440
1 8336268
1 1694126
1 6476464
1 6575606
1 3880718
1 8146611
1 8162597
1 5533042
1 1555605
1 3928915
1 4671735
1 4661871
1 4058615
1 2173546
1 9534925
1 877592
1 3434303
1 5913300
1 6922448
1 862622
1 2147470
1 4986970
1 6985059
1 5541123
1 1979914
1 7371824
1 6775524
1 9262570
1 7898920
1 5792841
1 1272546
1 3707621
1 3883350
1 5659819
1 3382090
1 8982763
1 6060126
1 129747
1 6242689
1 779060
1 9467222
1 7935404
1 3239445
1 2511862
1 3642800
1 7568989
1 7283767
1 8362565
1 1486890
1 6145325
1 2162248
1 2238723
1 1429520
1 5954816
1 5027700
1 3778816
1 6341853
1 8448157
1 6293619
1 2694134
1 6174299
1 147289
1 9366937
1 9219557
1 3176723
1 8802595
1 8855596
1 4771101
1 1743733
1 9274880
1 2170428
1 1705973
1 5790719
1 5076531
1 2498787
1 3056390
1 6430265
1 3982102
1 2729845
1 3383713
1 3187100
1 3942961
1 5615006
1 3145723
1 5344867
1 1786476
1 8912315
1 6152400
1 1311962
1 6539545
1 1788383
1 3754229
1 6881259
1 4883807
1 7715562
1 1265535
1 1348565
1 9518026
1 7604480
1 9116069
1 9474952
1 565429
1 5494796
1 815412
1 1983857
1 5078101
1 3480876
1 5513164
1 2114067
1 7995281
1 5739543
1 8566805
1 2759023
1 872465
1 8762057
1 3789570
1 3820223
1 564110
1 4730669
1 3523636
1 2873725
1 9669708
1 339388
1 9119717
1 3104941
1 9974231
1 5217819
1 1640789
1 4308073
1 9465109
1 3285116
1 3669903
1 4766795
1 226008
1 3910313
1 8770395
1 8103474
1 1057111
1 6691008
1 2771267
1 1364520
1 1966895
1 6899664
1 6222931
1 5232466
1 5783546
1 3930430
1 648033
1 5189842
1 5457267
1 3164893
1 2732284
1 5444018
1 370903
1 6706820
1 6149868
1 7254806
1 7762636
1 6511743
1 4489765
1 2410787
1 294208
1 4673559
1 2026588
1 5041822
1 7788397
1 8889096
1 4006341
1 5554470
1 3512351
1 729820
1 4831722
1 353482
1 1646354
1 1624210
1 9032457
1 9331037
1 8963905
1 84216
1 3350192
1 1009856
1 964610
1 3153284
1 1471360
1 7332553
1 2393786
1 6490260
1 763886
1 5724004
1 1015560
1 4846
1 8060685
1 3134962
1 5525255
1 444509
1 2051096
1 7092739
1 5050243
1 9982625
1 1998884
1 7182243
1 4198295
1 9957257
1 9744464
1 7135492
1 4923497
1 2991360
1 5384439
1 1218721
1 8443163
1 8986464
1 1034092
1 531715
1 8620184
1 2578059
1 5216048
1 7092252
1 4314632
1 2381847
1 5618746
1 9739568
1 478622
1 1887611
1 3966280
1 6909435
1 4827650
1 6581430
1 6943096
1 865197
1 935172
1 7337060
1 9204384
1 7327715
1 9988770
1 4873209
1 5984172
1 1581659
1 485564
1 4441834
1 6819372
1 586241
1 5311407
1 3302385
1 643401
1 6454546
1 8714005
1 2102266
1 3997964
1 4178583
1 6221508
1 828
1 2711148
1 4645453
1 7954818
1 1760963
1 6693381
1 7073783
1 793764
1 6507144
1 1506861
1 8804531
1 8900181
1 9300326
1 9795311
1 7043546
1 8516997
1 3676526
1 6084402
1 6849160
1 5135580
1 7578776
1 183670
1 4029367
1 3434635
1 8776212
1 1436472
1 6160814
1 5569888
1 8102706
1 724133
1 1271659
1 6746981
1 3715135
1 2931471
1 1091717
1 71928
1 7407835
1 5657210
1 8094789
1 8577242
1 8444976
1 9544648
1 1137607
1 2343260
1 8683573
1 1602746
1 2224016
1 8053665
1 3182339
1 8390208
1 8064775
1 3913903
1 5036467
1 5353341
1 4030770
1 978812
1 8541821
1 5877558
1 9634616
1 7360584
1 425659
1 9764785
1 7874827
1 5249391
1 9587278
1 1608990
1 2597168
1 2069275
1 9941564
1 7859109
1 1248624
1 7916759
1 2410776
1 4730601
1 8643104
1 1283022
1 6063154
1 212156
1 8595747
1 9490504
1 8042317
1 4334509
1 2453265
1 6019360
1 9191329
1 6787096
1 9584405
1 1079887
1 975729
1 1761687
1 8868921
1 5298572
1 5683109
1 3563104
1 496820
1 9768567
1 955319
1 5788758
1 2283676
1 5413913
1 8757227
1 6856280
1 3642665
1 233245
1 8958469
1 485010
1 3203689
1 5401809
1 7944878
1 5360302
1 531857
1 4589464
1 8450760
1 7891562
1 1452227
1 7878867
1 354862
1 101368
1 9368272
1 3968603
1 4536874
1 6811369
1 9096620
1 7371279
1 7125926
1 8984793
1 9091919
1 8804230
1 8977869
1 4973443
1 1498052
1 1780840
1 7275344
1 7201335
1 4406832
1 999324
1 2580206
1 1752076
1 7537050
1 5723265
1 6478706
1 946383
1 1610496
1 2849483
1 759303
1 5183324
1 7934343
1 2315018
1 8559744
1 6825928
1 6487923
1 317330
1 8748227
1 2952656
1 1184396
1 2318271
1 1690960
1 7845213
1 5849301
1 7803803
1 5018779
1 4707944
1 9880975
1 1813400
1 9918337
1 4694333
1 7351668
1 9595167
1 3020205
1 3932235
1 2848162
1 3517541
1 6877931
1 9989101
1 9722392
1 9983367
1 1081775
1 5470869
1 6913684
1 4099697
1 9182694
1 2249633
1 5210610
1 8210186
1 6184644
1 9170392
1 8847753
1 1159232
1 3396582
1 6348754
1 3200481
1 3752372
1 1623505
1 6399898
1 1912338
1 9771087
1 6181076
1 2687858
1 574142
1 3993652
1 6616943
1 4412660
1 6371448
1 8401364
1 4069584
1 9310972
1 7682484
1 553513
1 4144537
1 4400517
1 51867
1 8741348
1 7318550
1 2682373
1 6585011
1 153385
1 984436
1 9464578
1 7071690
1 792348
1 5165317
1 3542565
1 3630253
1 1997623
1 3956300
1 85208
1 9422204
1 7651276
1 8679189
1 4369337
1 2981917
1 1814014
1 3751294
1 562674
1 7320135
1 9556281
1 6937956
1 9965114
1 6599093
1 284705
1 6198688
1 2326992
1 765323
1 7133212
1 1881764
1 7666197
1 2416570
1 9101218
1 1187512
1 6858918
1 7586999
1 5206842
1 8088178
1 9943332
1 8386334
1 4518942
1 1374536
1 6471568
1 1144836
1 8014255
1 3427325
1 3936697
1 7414767
1 6742473
1 5717968
1 8593387
1 851480
1 6989047
1 8358912
1 9023689
1 4006480
1 4574473
1 3712846
1 2774142
1 2156084
1 5035204
1 1660241
1 3119257
1 7673463
1 2751625
1 6766272
1 4005524
1 2104435
1 6822177
1 7323053
1 4978981
1 6711381
1 8779873
1 3778462
1 9904582
1 1707889
1 3204063
1 1647583
1 3519801
1 8471425
1 3460194
1 677321
1 9419515
1 3282872
1 1346261
1 3487246
1 1452644
1 4203397
1 6468589
1 1381818
1 1300961
1 7171826
1 5659594
1 8399464
1 5028894
1 1285000
1 1293539
1 4847677
1 191294
1 5655279
1 4310497
1 8064970
1 9754562
1 7800435
1 457259
1 454850
1 3813419
1 765782
1 5031625
1 7292292
1 7621779
1 9342278
1 2627834
1 1755146
1 4808658
1 3477130
1 9951939
1 484394
1 9385778
1 2882081
1 8025986
1 4794744
1 7427554
1 196614
1 9297690
1 8914202
1 8619943
1 7831843
1 3497237
1 8641498
1 1090564
1 801858
1 9175195
1 5088329
1 2402608
1 1227942
1 3996503
1 8158021
1 3988266
1 7472671
1 9131021
1 2156774
1 5209461
1 9027573
1 3731263
1 1407331
1 7321381
1 4391435
1 3742957
1 9378883
1 7107291
1 6273600
1 2115161
1 3011429
1 1179663
1 6814213
1 2697242
1 836181
1 3972875
1 6421426
1 1927056
1 260200
1 3579925
1 7790775
1 7454980
1 2433992
1 1856151
1 4752149
1 6424260
1 8456140
1 70780
1 3579245
1 5131193
1 6168707
1 8036021
1 6808474
1 2560517
1 1994018
1 112756
1 1439955
1 5685570
1 4345314
1 367053
1 3628904
1 66292
1 5427595
1 8030679
1 8518986
1 3457555
1 255951
1 8485707
1 6041843
1 4752476
1 4471216
1 9968945
1 7348736
1 1718693
1 7004891
1 4706107
1 10822
1 5679151
1 4795056
1 5984258
1 780988
1 8508948
1 5302458
1 927744
1 7223348
1 9036805
1 6214060
1 5190165
1 6665200
1 4204666
1 787824
1 2492193
1 198431
1 9512991
1 3153519
1 2533778
1 219607
1 2251698
1 7817903
1 8475169
1 2290311
1 1710221
1 3731122
1 6337826
1 9892808
1 4043509
1 5034500
1 768257
1 680531
1 9992077
1 963308
1 2836116
1 7187021
1 3720333
1 1456071
1 4287007
1 7010470
1 1619515
1 3375495
1 672705
1 446298
1 5340783
1 1047626
1 4177957
1 82532
1 985377
1 691060
1 3991063
1 7266791
1 9148726
1 4353537
1 4157904
1 2814489
1 2589073
1 9793087
1 4919068
1 5527298
1 6239792
1 5087699
1 7100589
1 2879588
1 1861519
1 1681597
1 2553531
1 1511069
1 8731005
1 7606696
1 8155293
1 5571735
1 9053954
1 894107
1 1226658
1 9665680
1 4755855
1 4698887
1 2834708
1 3477071
1 4260900
1 293637
1 9963405
1 5079482
1 3484276
1 8159097
1 9305340
1 5099814
1 6216734
1 7390637
1 6747534
1 7302355
1 7582021
1 5808882
1 159219
1 9134951
1 9897365
1 6929395
1 6463752
1 7118928
1 502778
1 263374
1 6509789
1 2327291
1 5863669
1 9803273
1 6433848
1 2468494
1 2572764
1 4562652
1 8001480
1 6381027
1 4402300
1 8001262
1 6190276
1 5426041
1 9147483
1 793228
1 5755980
1 2614776
1 1994244
1 9418996
1 8155167
1 8292370
1 4240077
1 3493647
1 6803440
1 4930840
1 9034486
1 1216747
1 7797732
1 9291409
1 3568239
1 7859276
1 2238470
1 1217970
1 4985434
1 2818143
1 616031
1 2371350
1 8424209
1 88991
1 9313881
1 8011393
1 5440137
1 3071657
1 7227232
1 4977272
1 5284013
1 7563955
1 7909837
1 5144979
1 4063755
1 8130815
1 1362793
1 6351637
1 3590760
1 6200091
1 5965983
1 1771606
1 8903373
1 9115838
1 3245033
1 2249686
1 2239099
1 4197997
1 4180340
1 8646766
1 6819317
1 6995010
1 3052264
1 4640997
1 2868862
1 8815751
1 1795308
1 9890559
1 7452873
1 6608848
1 5820188
1 6864782
1 7953914
1 7493551
1 7104802
1 5239579
1 3582027
1 1642356
1 9803066
1 3365471
1 849702
1 3907142
1 5557439
1 4356906
1 710516
1 9289285
1 4301196
1 6915480
1 3544006
1 6772219
1 4506879
1 315624
1 7838446
1 7260534
1 8017144
1 8337444
1 2458932
1 9885982
1 3013218
1 8578551
1 7244067
1 7649541
1 4083042
1 7781123
1 6785308
1 4992158
1 9028333
1 7835643
1 9431030
1 6913351
1 2003470
1 8172441
1 127973
1 9147878
1 4258096
1 4889876
1 6300755
1 9953541
1 4162467
1 2559506
1 1688038
1 8807725
1 1798665
1 7712987
1 7010884
1 4735064
1 7975812
1 1453196
1 2692983
1 8458454
1 7979452
1 6822599
1 8957835
1 6568905
1 6077295
1 8076472
1 6843649
1 2555070
1 1420036
1 9524915
1 1967852
1 3718494
1 7071418
1 1939372
1 3805272
1 9612089
1 8877615
1 9490966
1 8169703
1 5257207
1 7097836
1 4109898
1 3201423
1 3403156
1 920261
1 160275
1 657070
1 4693029
1 3542822
1 4846119
1 8775931
1 4486745
1 2039919
1 2444102
1 2601476
1 5902751
1 932349
1 4942664
1 6669119
1 7201648
1 2444848
1 7244097
1 454409
1 3543498
1 4532593
1 6866568
1 9804479
1 8351322
1 2391513
1 4730848
1 4383959
1 3529602
1 9766912
1 1094177
1 4252936
1 1001412
1 3338969
1 8473030
1 729931
1 5135146
1 8824911
1 6180419
1 6186673
1 2253776
1 3600092
1 9591936
1 216919
1 5102445
1 3367148
1 5362994
1 6609621
1 6901268
1 3433045
1 7107537
1 3721055
1 6673621
1 7251026
1 5254235
1 7809103
1 2154746
1 243574
1 1578778
1 1962447
1 3899872
1 5458222
1 8004574
1 6839250
1 425581
1 4611807
1 5462642
1 2061342
1 1992132
1 2949703
1 8092773
1 6518996
1 7853594
1 3008874
1 3944632
1 3352231
1 1660068
1 1420192
1 255429
1 2411142
1 6488634
1 7905907
1 1137843
1 1347283
1 8919071
1 961107
1 273974
1 4093824
1 466547
1 3266320
1 1258064
1 8151059
1 7704442
1 4656176
1 911436
1 1315250
1 9709100
1 4562557
1 2647900
1 6705167
1 5563351
1 8193626
1 6664587
1 2704779
1 7085649
1 4911563
1 8168786
1 2429962
1 4304786
1 5064560
1 2273365
1 785930
1 2729906
1 4024190
1 1020736
1 4538854
1 9709593
1 716758
1 1094036
1 2348927
1 7302780
1 8959681
1 9339726
1 447681
1 2291013
1 5927082
1 8794410
1 4529267
1 5665226
1 8352104
1 8026791
1 8775335
1 9058322
1 9608724
1 3280021
1 8224372
1 4887005
1 814702
1 6182826
1 6681161
1 3856263
1 3733668
1 7815340
1 3542559
1 7648531
1 1932514
1 2427106
1 4223818
1 5149583
1 1464111
1 3623015
1 5523948
1 9763961
1 2222921
1 6892378
1 3380910
1 9552736
1 3986151
1 7442144
1 5854177
1 9112546
1 943179
1 3676539
1 114607
1 8608815
1 6976445
1 997537
1 9222099
1 5002632
1 9673534
1 6184347
1 2252212
1 1043583
1 6639307
1 1102973
1 1400522
1 8426227
1 1769431
1 5982238
1 9689882
1 1466688
1 4612714
1 7169688
1 6389762
1 47655
1 7072131
1 7500032
1 2576354
1 484456
1 6557997
1 3240378
1 4697093
1 848478
1 5826606
1 2639484
1 8653037
1 1129004
1 4309922
1 2389343
1 8796318
1 4475177
1 5092177
1 996217
1 3457077
1 444106
1 6687021
1 8081932
1 3996633
1 5421533
1 5214050
1 8505732
1 5691012
1 6137072
1 3318040
1 7011487
1 8958437
1 1688832
1 8207810
1 3643313
1 7964300
1 6006573
1 7657680
1 1915119
1 7256994
1 1629633
1 6957980
1 7435357
1 9467449
1 7805748
1 8475626
1 5693987
1 6590762
1 8483246
1 8453683
1 8913609
1 6357157
1 3814496
1 5641128
1 2595914
1 7153964
1 2224229
1 2276335
1 4778499
1 5199172
1 3295641
1 6371342
1 5458385
1 1086090
1 5041693
1 3586165
1 3487518
1 3677737
1 2676045
1 9990931
1 5921083
1 7870016
1 5976121
1 4600129
1 8997690
1 7819060
1 2005334
1 7034094
1 2339466
1 8613845
1 7911118
1 8500427
1 1906922
1 9829678
1 5564410
1 5393826
1 1905469
1 919097
1 1950765
1 6101476
1 670936
1 388573
1 6101060
1 3965544
1 9009130
1 5934353
1 9303409
1 8036131
1 9734804
1 5728755
1 7591
1 6337009
1 1015497
1 4547828
1 8546027
1 8299621
1 7978629
1 9415170
1 1314733
1 4515175
1 6263697
1 2970183
1 4324873
1 7473462
1 5001634
1 9139589
1 6027769
1 8098376
1 8948032
1 468104
1 6789385
1 1694760
1 3677895
1 3126770
1 2552671
1 6492658
1 3554580
1 1615125
1 2307851
1 7759280
1 9518245
1 9342959
1 2172522
1 4168374
1 5012563
1 8904591
1 4076877
1 6773040
1 7508115
1 6993245
1 5939554
1 3083756
1 855298
1 291829
1 373364
1 780398
1 9714160
1 7356596
1 9255780
1 5873782
1 1140394
1 121744
1 6590693
1 7238898
1 7832547
1 2164591
1 1386810
1 3180511
1 6526228
1 8411173
1 9075276
1 3228629
1 7625085
1 1371809
1 7792691
1 3837412
1 3364247
1 6824545
1 3096435
1 8746161
1 1956794
1 5515579
1 5697887
1 759262
1 1840301
1 3470885
1 8946195
1 5238993
1 7412359
1 3483638
1 1186798
1 6000941
1 8482380
1 9154558
1 1447694
1 9019765
1 2244573
1 7419721
1 9507654
1 9035503
1 9474109
1 4453510
1 5350919
1 6771662
1 153415
1 1599714
1 550282
1 9120704
1 4763481
1 8438850
1 113965
1 1809741
1 6475097
1 5988033
1 2406234
1 3354016
1 7725382
1 7530726
1 3390243
1 1849502
1 296665
1 7842851
1 2474182
1 9179760
1 2291624
1 7254139
1 5320962
1 9411308
1 5030683
1 103232
1 3707755
1 1520723
1 6555232
1 898847
1 176479
1 4147934
1 4218408
1 3900168
1 3712475
1 4152734
1 249384
1 2804047
1 8575315
1 7856453
1 3902585
1 4652328
1 6391094
1 7346613
1 5066774
1 6371086
1 147773
1 9011671
1 7242435
1 270603
1 6517408
1 1097621
1 1965292
1 8592033
1 6039595
1 8930563
1 647120
1 1067929
1 8404781
1 8979165
1 9497885
1 4293899
1 5151397
1 9597930
1 8445541
1 116804
1 8170056
1 3659364
1 7869884
1 5346196
1 2218862
1 1562130
1 4435129
1 693345
1 8106243
1 5211893
1 169495
1 7339864
1 2294466
1 50535
1 7579650
1 6697376
1 8898370
1 3117564
1 475167
1 4570731
1 8546665
1 6758704
1 8340415
1 5476760
1 8487942
1 9689427
1 1273251
1 3341359
1 6429510
1 6744524
1 1573227
1 1472874
1 4224130
1 4681332
1 1776973
1 9631445
1 2090046
1 205273
1 7397841
1 9997030
1 1459894
1 563049
1 3182150
1 4146275
1 4840092
1 4165602
1 4028888
1 2599904
1 9077996
1 2228870
1 5641663
1 9264146
1 8472661
1 4848054
1 4167309
1 5855469
1 9253341
1 1346108
1 5502636
1 343036
1 4440406
1 2680960
1 6254890
1 7293589
1 2098480
1 8125884
1 604341
1 7245902
1 5548455
1 9131099
1 3439731
1 6657463
1 4678297
1 9724658
1 67858
1 1276903
1 694393
1 3029090
1 8774302
1 9256030
1 759158
1 6182079
1 5266343
1 548838
1 537936
1 592174
1 9858093
1 9328157
1 7446018
1 3261313
1 6780084
1 9401589
1 7562093
1 9318371
1 1549746
1 950655
1 7409495
1 1697036
1 1042371
1 1112055
1 9056448
1 9288447
1 3918034
1 8377124
1 1510456
1 3248237
1 9449616
1 9434645
1 5213368
1 2045961
1 9897245
1 1777413
1 8709122
1 5696135
1 1624290
1 5047100
1 48844
1 3011686
1 1320373
1 2221054
1 5852929
1 6453792
1 2572385
1 5704505
1 2701948
1 5469114
1 4390596
1 4765038
1 9127755
1 9478067
1 260282
1 765065
1 3155557
1 2876628
1 8376091
1 106342
1 811876
1 7808174
1 5465040
1 4700171
1 6776345
1 4955120
1 1384403
1 9976361
1 8187147
1 8992866
1 6610741
1 246398
1 8087238
1 2642465
1 2094324
1 2404813
1 2166414
1 5428407
1 7375376
1 5536492
1 3292881
1 2928570
1 4151627
1 6894004
1 1359634
1 1556898
1 4838548
1 8952759
1 9703416
1 1921702
1 9091692
1 9590336
1 1496039
1 7239948
1 4303154
1 6000948
1 4512756
1 1706520
1 7161237
1 198839
1 5509035
1 543704
1 9355864
1 902351
1 1731541
1 8059063
1 103644
1 1646111
1 1999569
1 4326324
1 9096695
1 8136020
1 9200030
1 9661462
1 9339784
1 3107554
1 5257232
1 4207711
1 6837350
1 6771636
1 9896759
1 189320
1 3755811
1 4160290
1 7619750
1 7436886
1 9851824
1 2318274
1 5439140
1 5397714
1 4847366
1 4316072
1 6722971
1 2559594
1 2911075
1 1312659
1 939323
1 4124721
1 2622057
1 1942334
1 2195413
1 4809364
1 537121
1 8123787
1 1564253
1 5833694
1 919661
1 7684523
1 9557686
1 1090714
1 2624395
1 6091356
1 8823794
1 1060187
1 1127716
1 715578
1 8600017
1 5623276
1 9993997
1 9809100
1 3130276
1 6487277
1 1230119
1 3642007
1 2093053
1 2670511
1 8670763
1 459943
1 7813573
1 4800471
1 533794
1 9241993
1 437241
1 2003336
1 5599541
1 9018338
1 6460873
1 5055668
1 1222232
1 7794195
1 2904052
1 7181760
1 1031174
1 7633590
1 9583004
1 468383
1 7039371
1 3257956
1 5838700
1 4459289
1 6128545
1 5433160
1 7901077
1 179528
1 1050900
1 6632347
1 2513769
1 2281290
1 6437624
1 649833
1 4815958
1 5733495
1 6524949
1 6007170
1 4853028
1 283079
1 4846010
1 1684091
1 4748069
1 7799487
1 7138480
1 3065686
1 3883337
1 5734129
1 7317313
1 849526
1 1137654
1 3127102
1 4693970
1 4062020
1 8981378
1 7239001
1 6643180
1 2941451
1 2603204
1 6684131
1 9730166
1 5340205
1 7490440
1 3231205
1 2575900
1 8970605
1 5108582
1 2054530
1 281693
1 1496199
1 9560450
1 3714646
1 8528169
1 7272006
1 6888667
1 476271
1 3660191
1 1221653
1 2092580
1 6707527
1 5450324
1 675574
1 5900386
1 4459735
1 4184527
1 6541236
1 5775196
1 5822487
1 842716
1 3221765
1 1741731
1 3915576
1 323313
1 2899106
1 5791607
1 8326882
1 1825859
1 3024554
1 6320444
1 763355
1 2148574
1 1376722
1 4827274
1 7259228
1 2713638
1 4138763
1 6616096
1 888658
1 5649378
1 166761
1 5691525
1 1019118
1 475347
1 2819951
1 8548431
1 2112333
1 5596797
1 7631921
1 6043439
1 7424592
1 5132150
1 4930431
1 2056395
1 3034953
1 1602373
1 3880784
1 5913590
1 4720838
1 3971968
1 866059
1 7355051
1 2757081
1 2379839
1 5164494
1 695081
1 1203283
1 1312545
1 6826096
1 4326135
1 6569474
1 7214750
1 1667976
1 1732778
1 3667051
1 6717946
1 6744593
1 9160357
1 2504104
1 3364297
1 1523077
1 20956
1 3884956
1 1810806
1 2045193
1 6716483
1 3008697
1 9630417
1 9841128
1 424010
1 3811292
1 425637
1 2267789
1 2929964
1 7482591
1 3937496
1 3226164
1 6925341
1 2099896
1 3730700
1 494025
1 7569753
1 5460054
1 7175475
1 4566923
1 2816190
1 3985607
1 7853344
1 6325385
1 233269
1 6975345
1 6774291
1 3724169
1 2086278
1 1277361
1 5260517
1 5430152
1 4295424
1 7496870
1 9358732
1 5504871
1 1733468
1 1016533
1 7458435
1 3731333
1 5854541
1 79541
1 5115370
1 9646234
1 2279363
1 9147348
1 8615149
1 8875539
1 2711473
1 8114704
1 6354752
1 9295869
1 7041447
1 9906490
1 5901662
1 7111683
1 9715112
1 7138249
1 5661398
1 312780
1 4605413
1 649497
1 5408566
1 1899036
1 6232671
1 7794513
1 5830186
1 8704888
1 1985429
1 3584545
1 7655563
1 7943384
1 9246403
1 3174677
1 9718886
1 4169733
1 5386969
1 9658831
1 3671488
1 6910491
1 1243110
1 4553008
1 5007026
1 1745710
1 7401817
1 7422621
1 7450747
1 9521789
1 5168523
1 5630595
1 8780958
1 6026163
1 4629115
1 8623943
1 7852114
1 48175
1 4562897
1 1602451
1 3208315
1 4935707
1 3952880
1 8292851
1 13627
1 3137577
1 9614865
1 4962107
1 2830323
1 8428970
1 3962006
1 5644558
1 7697749
1 3108344
1 6369432
1 7554932
1 3427219
1 8941855
1 1160446
1 1324556
1 932265
1 4201001
1 227969
1 1620474
1 5462920
1 5968994
1 8863650
1 1119454
1 2180827
1 3639174
1 1310304
1 7110539
1 3636714
1 43544
1 2375356
1 9203356
1 3676006
1 2132780
1 7440075
1 6385678
1 1353034
1 1535021
1 1901984
1 7294050
1 4956048
1 4819638
1 5350012
1 2676585
1 4028057
1 9834157
1 4893305
1 2769742
1 7751869
1 8199154
1 5282764
1 3346385
1 3589181
1 9577857
1 3709
1 6878851
1 8826041
1 7458527
1 3587177
1 6944009
1 9942861
1 5328199
1 8357055
1 2825375
1 2517443
1 351269
1 5163851
1 7677000
1 236300
1 4290353
1 3254148
1 7153236
1 3168351
1 7255800
1 6235235
1 3702351
1 8763250
1 4654091
1 1437554
1 124932
1 3120973
1 3303632
1 7843883
1 8248869
1 3775130
1 6596666
1 1962258
1 5660914
1 1263804
1 5266246
1 9266576
1 5535887
1 6422908
1 7833424
1 7048383
1 7066358
1 9039087
1 6523025
1 9093794
1 7233958
1 2630451
1 228234
1 7526803
1 2655153
1 3428519
1 717958
1 2752523
1 3087113
1 509151
1 8198542
1 2612473
1 4571075
1 6650647
1 4419498
1 9367111
1 9530209
1 8592352
1 9614023
1 104209
1 5473135
1 1030535
1 4134901
1 8149201
1 3523732
1 6224494
1 8949228
1 3483011
1 3530194
1 3997774
1 7544672
1 6254523
1 4822996
1 8914753
1 3333024
1 6137727
1 4802104
1 8726521
1 2895058
1 118687
1 1835796
1 1499186
1 7704305
1 2348356
1 2314472
1 7890935
1 4032982
1 5682628
1 3184227
1 1049257
1 5574657
1 2950357
1 1865403
1 8068057
1 5912641
1 7718924
1 9820795
1 1926059
1 5257569
1 4491746
1 6524298
1 133559
1 9787201
1 2969457
1 2191393
1 6963431
1 4606653
1 3876394
1 7285342
1 5293527
1 3343509
1 5321254
1 3653664
1 1836338
1 1014469
1 9796014
1 7716856
1 7150460
1 216839
1 679991
1 7386520
1 3774592
1 1300613
1 4080775
1 3825546
1 1253554
1 702451
1 2293008
1 1335774
1 1803311
1 3536362
1 1488093
1 6109433
1 2487625
1 9719274
1 273507
1 8602096
1 3846603
1 6944301
1 2763108
1 2562971
1 8194371
1 4337957
1 1574212
1 8165887
1 5412536
1 7718201
1 9114509
1 2681388
1 8779722
1 7342497
1 441371
1 1038069
1 5065451
1 8468467
1 5005795
1 7658442
1 7602742
1 3503341
1 4054040
1 838634
1 418860
1 5860784
1 180254
1 8192830
1 1737668
1 4418552
1 6583861
1 9677371
1 2121357
1 4376906
1 862361
1 1831197
1 4976007
1 5628643
1 8566904
1 3126817
1 910557
1 5890584
1 2054169
1 6818186
1 8167952
1 5717030
1 1210671
1 8315714
1 6904565
1 6646512
1 1220785
1 6130623
1 9963701
1 35317
1 2934641
1 1872489
1 8272536
1 7714176
1 7888055
1 5385809
1 7003945
1 293774
1 2326671
1 9045084
1 9507027
1 4390778
1 6258362
1 4065722
1 195447
1 8226397
1 5112571
1 7381942
1 2402717
1 8595758
1 8275032
1 6208437
1 2531879
1 2927383
1 13665
1 7942760
1 1670359
1 8579436
1 5742700
1 4832758
1 5029746
1 3805147
1 6723774
1 6003878
1 4018131
1 524785
1 1209167
1 7541159
1 7900887
1 2149880
1 790200
1 3695581
1 5172315
1 3943206
1 7220063
1 1833369
1 9630191
1 2387344
1 7067784
1 7084706
1 8303127
1 6816339
1 317869
1 2055742
1 2184831
1 5908327
1 9536914
1 1751772
1 4403923
1 400433
1 8534815
1 1477113
1 3033128
1 5979421
1 294434
1 4797636
1 2939705
1 8465728
1 8751576
1 2043772
1 2412817
1 5837710
1 6859082
1 4659026
1 9638291
1 1135805
1 9866062
1 2005643
1 9357412
1 5092816
1 2540094
1 2982383
1 9115139
1 2346950
1 363533
1 9218008
1 199160
1 5045621
1 1131347
1 145871
1 2290911
1 3081685
1 2221200
1 5528275
1 6695381
1 4780059
1 5360363
1 6079447
1 2725557
1 8363965
1 8747455
1 6537725
1 5708236
1 6846438
1 9485191
1 3889972
1 9653418
1 4142881
1 8674641
1 2600057
1 4054759
1 4711433
1 8181
1 6931909
1 2744477
1 5482584
1 2107143
1 1453590
1 4649293
1 5666088
1 2926975
1 5056465
1 801003
1 9882963
1 1668384
1 7041964
1 914156
1 5836305
1 9925820
1 6735496
1 6221364
1 1791268
1 9448001
1 9896858
1 8953555
1 9562169
1 682687
1 4514978
1 4073687
1 6647461
1 5972047
1 623061
1 6818433
1 9532004
1 9393039
1 1722254
1 9781640
1 2250184
1 5184190
1 9311732
1 5091615
1 7893824
1 8274636
1 628834
1 3234555
1 6382237
1 7931818
1 1960480
1 861705
1 6748118
1 4686210
1 5977663
1 9761445
1 3780941
1 8553709
1 1009888
1 578233
1 6340876
1 9055865
1 4150890
1 8897079
1 8666686
1 4278223
1 477310
1 8131826
1 5844470
1 4295107
1 7501903
1 2141402
1 1637778
1 1023481
1 589066
1 2286790
1 5644564
1 9941149
1 6303431
1 226604
1 251721
1 4103942
1 8277460
1 8265737
1 5863226
1 7109543
1 2329319
1 5023300
1 9167356
1 3658865
1 759908
1 7306354
1 7828964
1 5201836
1 5426203
1 2904261
1 4596823
1 2995323
1 6055866
1 6349816
1 1986346
1 2400489
1 2079139
1 8782573
1 9332109
1 8452407
1 4478149
1 8202286
1 7891141
1 8659725
1 7420073
1 9359367
1 4052883
1 2481245
1 1080642
1 3164214
1 1709236
1 7609250
1 6379487
1 5189480
1 1269304
1 5257913
1 73643
1 7492935
1 4654012
1 9601114
1 8199935
1 4103792
1 4168275
1 4372005
1 2816060
1 5787210
1 7426920
1 7136877
1 3784013
1 7184047
1 8501687
1 6152898
1 8131196
1 457327
1 9659973
1 4530974
1 3442138
1 8539101
1 8854694
1 1339902
1 2228591
1 8498590
1 7665206
1 3405678
1 4684060
1 2458180
1 2127775
1 1807305
1 2255248
1 7310512
1 4747183
1 1106256
1 8212302
1 1237798
1 9046803
1 2300563
1 6585279
1 400980
1 1585353
1 3357885
1 5135805
1 9965542
1 1217973
1 8335577
1 4952047
1 8845120
1 9162475
1 2299159
1 4578865
1 235351
1 1022253
1 959657
1 3876158
1 5865974
1 3744672
1 7717329
1 2593093
1 7439548
1 6449594
1 9443384
1 6502973
1 2307560
1 8684734
1 4613800
1 8825032
1 3661094
1 3655432
1 2155602
1 1059266
1 9243947
1 4495469
1 6024378
1 5350233
1 3072993
1 2121786
1 1412371
1 6161062
1 9685492
1 5674737
1 3937320
1 6018024
1 9301866
1 997561
1 1999206
1 6837187
1 3372897
1 8355800
1 1381734
1 2965626
1 2943152
1 780830
1 9411184
1 527852
1 8741848
1 1722800
1 5716528
1 4215618
1 7751687
1 3415760
1 6716935
1 7069414
1 1371872
1 2960689
1 926528
1 4094075
1 2851736
1 9286154
1 6394058
1 9079179
1 5823606
1 730883
1 1747004
1 1627505
1 457970
1 2463026
1 6920755
1 9037075
1 9274532
1 497289
1 1140936
1 367215
1 751725
1 6526213
1 5531273
1 2319509
1 9265310
1 6187311
1 4174961
1 8921070
1 7655082
1 281426
1 371782
1 7532615
1 8704447
1 9388288
1 8844178
1 60544
1 3960211
1 3497641
1 5980614
1 3286937
1 2501357
1 7306942
1 5049669
1 7312395
1 391307
1 4743144
1 8356429
1 6986865
1 2891452
1 5102522
1 5908111
1 9747889
1 8767082
1 8054208
1 7712117
1 3169927
1 3385759
1 8164614
1 2355376
1 2236051
1 7566733
1 8943466
1 5216857
1 905137
1 962285
1 4183686
1 1249926
1 1280619
1 5954111
1 9853719
1 7480675
1 4554066
1 7171214
1 2566287
1 4221405
1 1302254
1 3480693
1 8337276
1 2019945
1 4441140
1 9437480
1 9242456
1 7807922
1 4521483
1 4167076
1 7211987
1 9916644
1 4595062
1 9657824
1 9013720
1 3396517
1 5767117
1 7604212
1 5816622
1 5751402
1 2929460
1 8633905
1 1713446
1 4375469
1 1426133
1 3913645
1 4023834
1 9684600
1 8169452
1 6257064
1 4051643
1 4801803
1 9071074
1 1331360
1 1447746
1 9326744
1 6464951
1 7364393
1 1756051
1 457749
1 3145447
1 9903622
1 7921705
1 1083313
1 4917511
1 1751468
1 5295103
1 1653663
1 9837234
1 9800721
1 8073794
1 1899781
1 422552
1 1468639
1 7120004
1 352576
1 9531260
1 5976875
1 8041465
1 7259793
1 5624847
1 413142
1 5485233
1 7052604
1 3264344
1 9471176
1 8596970
1 6797077
1 1413817
1 2244947
1 4704615
1 474844
1 2823232
1 2022379
1 3826546
1 6573972
1 7973571
1 5691825
1 2963116
1 7422235
1 1252831
1 2596027
1 4972356
1 9790881
1 1153340
1 4589217
1 5103476
1 5956327
1 6615639
1 6859412
1 6167404
1 1208283
1 8357196
1 1362710
1 441203
1 544971
1 594162
1 7058417
1 2047946
1 5216297
1 8313662
1 2354415
1 3539291
1 902989
1 6523688
1 9697283
1 5811127
1 9766632
1 732049
1 2500992
1 1178316
1 531359
1 1597868
1 8018602
1 1020590
1 6013274
1 213095
1 3737480
1 7350561
1 3879059
1 8875856
1 5497001
1 2851226
1 6975640
1 7755658
1 8562452
1 8459049
1 526595
1 9190545
1 675786
1 1927117
1 6758260
1 5303515
1 2314413
1 4670462
1 9930422
1 732838
1 8942988
1 5155446
1 416450
1 1772565
1 9514209
1 1488152
1 2610784
1 8332580
1 4301302
1 723543
1 4617329
1 6258973
1 8536159
1 7748483
1 7684212
1 4150893
1 5642789
1 1769305
1 9093011
1 5378819
1 9832232
1 1082136
1 6292919
1 6473438
1 1497540
1 4039226
1 948025
1 3736290
1 8273339
1 9278007
1 235535
1 468810
1 8464460
1 95358
1 225657
1 9428759
1 1897377
1 4190234
1 3243445
1 1514134
1 3810128
1 8722463
1 6011376
1 6636156
1 5478527
1 9898456
1 331611
1 8760892
1 5847929
1 4900192
1 2640196
1 7222402
1 5962838
1 2204291
1 7405040
1 5061781
1 3735942
1 3695868
1 1352081
1 4038688
1 6048737
1 5812245
1 9337980
1 7686920
1 5648531
1 4008324
1 3079975
1 6508587
1 5520605
1 8605994
1 5431367
1 4193432
1 6877823
1 402212
1 8503676
1 3261733
1 1671251
1 3903976
1 3555233
1 247964
1 5245903
1 9417889
1 989675
1 3791375
1 9298702
1 6397443
1 7457435
1 742439
1 7460021
1 4882702
1 7124246
1 3426497
1 8526497
1 2022843
1 4785565
1 8286743
1 802398
1 5941440
1 809888
1 4265062
1 1467102
1 7629284
1 1567209
1 9782022
1 5340191
1 9470298
1 3568680
1 7920021
1 848178
1 120046
1 6497881
1 688160
1 6954460
1 417787
1 4278811
1 6939077
1 5335212
1 7125482
1 9032710
1 2735940
1 4835540
1 7861925
1 5007701
1 5419793
1 2172047
1 8061545
1 5218821
1 8665227
1 8152858
1 6809278
1 769915
1 5759214
1 5278577
1 7732221
1 6138252
1 8505722
1 4503499
1 3002098
1 4001823
1 2714231
1 9936433
1 6525658
1 1551378
1 8964274
1 131435
1 5046837
1 1029083
1 7410253
1 5389545
1 554662
1 1225754
1 9559168
1 7155210
1 4382234
1 7469252
1 1662341
1 8155301
1 9962886
1 6284545
1 5584196
1 2692304
1 2716772
1 572460
1 6683954
1 6098417
1 496213
1 3320478
1 62866
1 8185774
1 6462152
1 9742163
1 6545771
1 5890611
1 6669976
1 9238030
1 359575
1 2350925
1 71489
1 6039933
1 1673864
1 9631551
1 779484
1 8747384
1 6255758
1 2871587
1 8528817
1 2019488
1 3890595
1 5019308
1 8290203
1 6572410
1 7846537
1 3717531
1 9404222
1 8594963
1 2882305
1 8716517
1 3947022
1 3732334
1 2171443
1 2817981
1 6032022
1 9166432
1 1779769
1 5358810
1 3777518
1 7126070
1 4228558
1 3362038
1 319413
1 2887963
1 776355
1 2815929
1 4967294
1 6363750
1 7716241
1 7194882
1 5311189
1 1761108
1 2697080
1 6464702
1 699239
1 1581086
1 4559049
1 8607491
1 3966764
1 4246740
1 3291840
1 9372140
1 4989520
1 9898603
1 5651161
1 995360
1 5535634
1 5768930
1 3447736
1 7924761
1 8516453
1 2285143
1 3852421
1 9553317
1 1532630
1 3897712
1 2017903
1 3645002
1 2307093
1 2059263
1 7816334
1 9771241
1 1047789
1 7010607
1 8669251
1 1679062
1 7340193
1 1825712
1 1889624
1 2900579
1 308207
1 1601112
1 1679534
1 3867615
1 5425375
1 1753003
1 199453
1 23101
1 9871558
1 8371554
1 3241394
1 996047
1 7508929
1 8158075
1 7993661
1 7276751
1 9648378
1 4939930
1 8042136
1 6841135
1 6452593
1 6558119
1 5972726
1 3564809
1 368218
1 4216300
1 1629112
1 2611993
1 9246372
1 9434235
1 1878501
1 3832199
1 8399797
1 9745558
1 6457539
1 8780439
1 9006933
1 3291347
1 9283698
1 1700565
1 960049
1 7656986
1 1331624
1 8862095
1 2790930
1 1714552
1 1657976
1 5528262
1 2285241
1 8085682
1 4085349
1 7473618
1 3950816
1 1172370
1 7800341
1 5425718
1 7131874
1 4655507
1 9096038
1 403644
1 3292513
1 8611204
1 3486369
1 1590600
1 2883580
1 7384372
1 9162689
1 625447
1 2682509
1 1840126
1 598569
1 5195198
1 8170915
1 7619155
1 6624717
1 134883
1 5782004
1 4014647
1 8212873
1 2437193
1 3037299
1 2364470
1 752152
1 7360380
1 3648215
1 3211486
1 1105600
1 9290243
1 3138357
1 9424587
1 6869294
1 3820376
1 7974802
1 1733572
1 3598435
1 1254895
1 2861297
1 3074103
1 8985800
1 2921264
1 3312073
1 7402990
1 2294974
1 4312693
1 159641
1 5707843
1 130126
1 9126789
1 5526239
1 867007
1 8055046
1 1241929
1 6116848
1 3440519
1 2537478
1 555407
1 2488220
1 1705509
1 2217232
1 7015497
1 5495411
1 9829547
1 2538675
1 4137712
1 5273553
1 7541569
1 4370253
1 5660621
1 3278632
1 8539457
1 5639666
1 1949741
1 4724595
1 7273186
1 3295180
1 2854590
1 8606838
1 5766488
1 1520181
1 2848300
1 7301786
1 9691597
1 1031897
1 2770194
1 9644110
1 9972859
1 3037243
1 7883132
1 8472590
1 7911218
1 173196
1 6225222
1 9511951
1 1841367
1 5178062
1 9514022
1 3929341
1 9756315
1 464975
1 9022191
1 1081434
1 4718900
1 4215078
1 8588801
1 3445798
1 6503587
1 4480795
1 2124744
1 221003
1 1023031
1 1616581
1 2264553
1 9648980
1 445376
1 6074598
1 4632726
1 4830652
1 3923210
1 9676754
1 1314639
1 1223187
1 6821262
1 7528444
1 2728519
1 1427557
1 8464284
1 3733114
1 2478396
1 1582967
1 2146374
1 3385638
1 5464815
1 6648453
1 2744291
1 3484049
1 7099010
1 3677753
1 664195
1 571017
1 2765554
1 5851922
1 2810895
1 4025962
1 2320521
1 342311
1 7375688
1 974149
1 6347112
1 3803028
1 568492
1 8139146
1 6012115
1 5929007
1 4149492
1 2262505
1 9232931
1 2606197
1 7437142
1 7339605
1 3431388
1 3013780
1 8548213
1 4591474
1 2874279
1 132932
1 7436572
1 4618609
1 6650482
1 2238236
1 5308891
1 2339929
1 2336234
1 4090678
1 3358347
1 9293004
1 7538413
1 7281267
1 7366957
1 8630329
1 8345762
1 8493457
1 2444758
1 421567
1 7485962
1 1228849
1 2243738
1 6078655
1 7258534
1 8073174
1 210724
1 9501279
1 8486304
1 3399654
1 6883179
1 9241226
1 5527088
1 3262436
1 6688954
1 5886260
1 9809028
1 6377270
1 9476159
1 5707037
1 7702136
1 7460612
1 728156
1 5519968
1 1509594
1 5886307
1 6805486
1 7510766
1 5094102
1 95556
1 8599861
1 122260
1 2219757
1 4742100
1 5224448
1 1610725
1 5445684
1 8843075
1 2756878
1 951
1 2685711
1 2401088
1 3335349
1 4142876
1 5678166
1 3563144
1 2855115
1 8720412
1 1878887
1 7335908
1 473482
1 5495539
1 6025796
1 591289
1 2051410
1 1870563
1 3775043
1 518432
1 7432405
1 845088
1 4111069
1 1768326
1 1604480
1 3208962
1 4017321
1 6652934
1 1506210
1 4854376
1 3367206
1 5043696
1 2993198
1 4836096
1 1272650
1 2108108
1 5205536
1 7628339
1 2382442
1 732072
1 5792644
1 2217851
1 4267538
1 5155931
1 5874672
1 6029866
1 7566019
1 6027933
1 6484707
1 7712338
1 7538949
1 6608882
1 4286768
1 1306516
1 3727210
1 2632871
1 1206031
1 7449629
1 22253
1 6568435
1 4597036
1 2038212
1 9546074
1 1079604
1 4377829
1 9475554
1 9713575
1 2460948
1 1383827
1 2397479
1 8447037
1 8838962
1 5210906
1 894997
1 2130654
1 5726252
1 3029310
1 4955908
1 4598007
1 166657
1 9107833
1 4247648
1 9718536
1 6002736
1 1371142
1 1211959
1 6667685
1 4806340
1 7798403
1 899683
1 491862
1 5512143
1 7554752
1 7325768
1 1601897
1 756001
1 3694896
1 2118960
1 7635357
1 3569366
1 6593685
1 3874637
1 6035129
1 133447
1 8103572
1 8665059
1 6019402
1 7068443
1 1971794
1 2735534
1 3545620
1 2505131
1 1786465
1 2910347
1 8774682
1 2185662
1 2701080
1 7132931
1 6329309
1 4527764
1 1103352
1 2656741
1 5478393
1 8908606
1 1569284
1 5092716
1 3617752
1 7109637
1 4005901
1 6598016
1 3358844
1 29095
1 7374884
1 8568429
1 1544715
1 3478576
1 7881066
1 7408339
1 1523590
1 728478
1 5826179
1 7475029
1 1601285
1 6851114
1 7802610
1 139674
1 4684095
1 2890615
1 3983802
1 6594010
1 2755711
1 9851007
1 8941171
1 9136419
1 2206543
1 1481934
1 6605722
1 5732587
1 7387199
1 5872005
1 7520632
1 1320996
1 5424350
1 8244730
1 8222136
1 1951193
1 699390
1 8975042
1 1880082
1 9265014
1 3942406
1 7507483
1 6849293
1 7577408
1 9228029
1 4180213
1 5749759
1 8709118
1 430107
1 3590641
1 2409615
1 695542
1 3682335
1 9859082
1 6027556
1 9978323
1 7106062
1 8591947
1 1620229
1 7446365
1 4092098
1 2502061
1 7576953
1 3833504
1 5849072
1 8996301
1 2512317
1 5694261
1 1545854
1 1967777
1 1808917
1 4663751
1 8424755
1 6866986
1 2173073
1 5621130
1 9953106
1 4657863
1 8962416
1 4585974
1 3027750
1 8032294
1 3884444
1 4309613
1 542895
1 2371316
1 4633066
1 5819958
1 5345503
1 275666
1 4666987
1 1026654
1 1913450
1 5526715
1 7974784
1 2461577
1 2742049
1 7107022
1 5440379
1 7910782
1 2994322
1 2903925
1 1508813
1 1128482
1 1298708
1 1577064
1 1342362
1 9138076
1 5185895
1 3205610
1 3669725
1 4263329
1 4986768
1 7625029
1 4175082
1 6605243
1 3327270
1 9737261
1 8154692
1 2856200
1 171989
1 8849734
1 7365350
1 1973574
1 7916345
1 9318953
1 3943852
1 1775782
1 1564475
1 1028745
1 797033
1 1619337
1 3374457
1 763982
1 1074133
1 9122216
1 5318599
1 9681460
1 6267523
1 4502990
1 8442286
1 4553888
1 8062806
1 9437063
1 83918
1 2673712
1 4568917
1 4825309
1 6148122
1 2444529
1 8275584
1 3743661
1 381633
1 4697231
1 1562821
1 5115576
1 8922783
1 3167815
1 9449777
1 7729353
1 2573049
1 6137265
1 3241462
1 9574750
1 2732263
1 9496076
1 2165153
1 8243931
1 5573292
1 3751514
1 3754940
1 7036013
1 3245820
1 5394554
1 3697113
1 6039077
1 712945
1 2117193
1 3335979
1 8458594
1 5398985
1 8854184
1 6878562
1 7139879
1 6430919
1 2388047
1 7051612
1 7925665
1 4246146
1 1841741
1 7082290
1 6901982
1 649049
1 6400240
1 1004274
1 8967391
1 7297368
1 2155729
1 3722950
1 6754631
1 2228957
1 853294
1 4434263
1 8021896
1 4122332
1 2479815
1 4309632
1 2122130
1 4065310
1 4402770
1 3756969
1 2750925
1 4099780
1 9064025
1 9455838
1 1009152
1 5037382
1 4237946
1 586901
1 1308101
1 5766097
1 2076297
1 8483561
1 3503922
1 8368857
1 437008
1 7267699
1 2701493
1 3821042
1 79445
1 330998
1 2911689
1 6971771
1 7337378
1 4954010
1 8608277
1 223795
1 9085330
1 891080
1 9641014
1 9992792
1 61499
1 1762764
1 3526088
1 7940272
1 4520372
1 4513821
1 9839287
1 9466551
1 2264502
1 5662699
1 5601064
1 79618
1 2701899
1 6737774
1 7049140
1 925401
1 1581894
1 6878595
1 9557197
1 3788131
1 1351517
1 362400
1 5260829
1 7018904
1 2246865
1 963270
1 515044
1 5967166
1 145962
1 768385
1 5727159
1 7887042
1 279138
1 677511
1 8035471
1 5607896
1 6377608
1 3328603
1 4709739
1 7571401
1 1021223
1 455255
1 1582294
1 5771471
1 4333600
1 340363
1 6340932
1 7179826
1 1968832
1 818222
1 7819181
1 8059473
1 1286998
1 949315
1 7211948
1 9425855
1 1039478
1 5682776
1 611651
1 8736178
1 3855359
1 7060766
1 9343602
1 5087023
1 9400204
1 2972777
1 2546428
1 2071465
1 752248
1 3612775
1 8849442
1 7806073
1 3263612
1 2164121
1 3804398
1 6430159
1 5115703
1 6605256
1 6415892
1 4163185
1 8161858
1 3429624
1 5110095
1 3168201
1 8596249
1 5958337
1 5824632
1 108033
1 1742716
1 5154963
1 9190898
1 1370774
1 9100218
1 5375744
1 2188996
1 7942863
1 50631
1 2419123
1 6866204
1 6750681
1 8568959
1 1919045
1 7751741
1 8106048
1 1509711
1 5273529
1 6983121
1 7704606
1 4576096
1 4700486
1 2208872
1 214000
1 4475670
1 722621
1 1183594
1 6461107
1 4085602
1 1360277
1 5979753
1 4150307
1 1265966
1 6629051
1 4765342
1 1618372
1 5488535
1 1233057
1 324330
1 5715521
1 2819921
1 95038
1 6909470
1 4945838
1 5599761
1 6401581
1 7365872
1 2319591
1 3559588
1 3154352
1 3445942
1 9866741
1 1734799
1 6746770
1 9434866
1 1045460
1 3307230
1 6698151
1 424935
1 353172
1 5996436
1 3951255
1 4767431
1 3696936
1 3247485
1 6625945
1 3794819
1 6794079
1 2252512
1 4236254
1 8947346
1 2509461
1 8327357
1 5050248
1 9437167
1 6470250
1 6877490
1 8772172
1 3313350
1 9103206
1 1409681
1 5482178
1 3675760
1 9027901
1 5500420
1 4207774
1 1677525
1 6321381
1 5088760
1 2814628
1 3701318
1 6944060
1 6503965
1 2295886
1 3363848
1 8466699
1 6520942
1 8589845
1 4087856
1 5271826
1 2825943
1 8000740
1 8940504
1 6459684
1 161220
1 9123532
1 6267842
1 2218456
1 581216
1 6934612
1 2899655
1 4117140
1 4608133
1 1846642
1 385974
1 8860758
1 7533716
1 3262714
1 5546215
1 3303332
1 1078487
1 7382061
1 6290442
1 5970069
1 7620186
1 3608683
1 2680309
1 2162971
1 2731185
1 9744289
1 8696543
1 6113944
1 8683779
1 6867258
1 9201478
1 5433087
1 8564323
1 6138761
1 3487635
1 8061212
1 5040985
1 6299158
1 7175076
1 4839301
1 8477063
1 5588823
1 9328898
1 3159463
1 9853417
1 7723471
1 7000258
1 1447966
1 3250832
1 927653
1 615412
1 3979203
1 6488847
1 5272152
1 8607849
1 7263512
1 4955559
1 955929
1 8336045
1 5023671
1 9060313
1 8581212
1 1794922
1 7287383
1 9991461
1 4110333
1 762480
1 4845369
1 9466083
1 3293499
1 3032585
1 8029228
1 5703617
1 7411669
1 440127
1 6632745
1 4153608
1 2196430
1 5144301
1 9014187
1 2292366
1 6840014
1 6795007
1 5907830
1 4031915
1 8466440
1 318010
1 5714910
1 889544
1 4508492
1 2652647
1 4250721
1 972393
1 1127287
1 5039493
1 7889546
1 9191006
1 8823270
1 7687724
1 8189645
1 3121247
1 1892643
1 5322338
1 354082
1 183857
1 5106935
1 1182271
1 9093413
1 4614565
1 7909885
1 3293448
1 7677459
1 8421982
1 1684328
1 9628701
1 960577
1 349752
1 6445693
1 1765930
1 2087076
1 7903627
1 3401521
1 2060600
1 314824
1 7073712
1 329029
1 7874787
1 7509897
1 4713752
1 9646687
1 7818425
1 9621358
1 6907792
1 9734334
1 4523007
1 2120525
1 8373025
1 2928293
1 495142
1 7606734
1 4163156
1 3765812
1 2003090
1 8467918
1 6708061
1 4834002
1 4120790
1 8543805
1 8870680
1 848829
1 1368787
1 4529899
1 5356688
1 1295442
1 5057241
1 5769320
1 862758
1 1368048
1 4349839
1 1593725
1 6460013
1 9158806
1 9384120
1 1919535
1 741195
1 1931696
1 7813668
1 8021176
1 7823950
1 9810095
1 7543991
1 2641388
1 9471842
1 1272032
1 8066039
1 8270137
1 4283039
1 5577752
1 663025
1 4383620
1 3760875
1 3428463
1 6928357
1 9454796
1 4869746
1 6979218
1 7198455
1 8929559
1 6554336
1 8688500
1 3741099
1 8953939
1 6395215
1 4788296
1 2498819
1 3136246
1 3371979
1 8873126
1 1070722
1 3546012
1 2770018
1 6425099
1 7566326
1 2284696
1 5116503
1 3795773
1 3362435
1 5890238
1 1219405
1 1779680
1 5551548
1 2494217
1 9858954
1 6067013
1 1448256
1 4373416
1 1019975
1 286268
1 5565516
1 1372503
1 6699195
1 3857421
1 5710015
1 6027487
1 9921828
1 2742478
1 4695011
1 1268089
1 2742833
1 7516245
1 980823
1 2191608
1 9642176
1 2880188
1 8430450
1 6862140
1 2565045
1 5238272
1 7257805
1 962939
1 5827229
1 2542846
1 7130995
1 316510
1 3829869
1 8769860
1 8966489
1 8587773
1 2047238
1 1209715
1 4625887
1 507022
1 2069579
1 295802
1 6650328
1 6701871
1 6728659
1 9007670
1 7568829
1 9465037
1 9041632
1 2528839
1 3827128
1 90578
1 6014481
1 5897761
1 1848866
1 9320303
1 9294217
1 4945993
1 7431508
1 5319647
1 6445016
1 2772852
1 6529276
1 5855393
1 8603923
1 1988132
1 4664404
1 7235508
1 3397317
1 8641287
1 4360806
1 6649520
1 9683762
1 8806638
1 4225986
1 9715929
1 60830
1 4587304
1 2428428
1 6066251
1 199026
1 2804242
1 8269224
1 8039507
1 7321625
1 764711
1 5897910
1 9954848
1 2469587
1 4665453
1 7574220
1 8673762
1 4787000
1 7011861
1 1549261
1 2689421
1 5127596
1 7502090
1 5202642
1 7854385
1 6203835
1 9710072
1 7421917
1 1727994
1 3537680
1 926550
1 8718359
1 7874187
1 4454419
1 4506215
1 6380752
1 1510764
1 3236391
1 9222072
1 8158588
1 2092187
1 5028886
1 6532266
1 7776642
1 3826262
1 6619195
1 8164871
1 2739420
1 4883023
1 6901222
1 7551772
1 5088769
1 4462604
1 7194689
1 4831388
1 6796343
1 5032909
1 8213150
1 3527590
1 8473319
1 9487311
1 5060500
1 4208435
1 6917128
1 9553582
1 6635190
1 156045
1 4848651
1 386741
1 1803947
1 5415727
1 6129293
1 8032758
1 3846599
1 1415696
1 3192270
1 4259569
1 1955255
1 856305
1 3713614
1 5559121
1 1676235
1 7052333
1 7078602
1 7601304
1 9798011
1 997775
1 2287324
1 3909230
1 4932303
1 5872085
1 2637054
1 1825856
1 3450063
1 3206684
1 3383803
1 8571932
1 1089508
1 1369307
1 3646224
1 4619296
1 5667167
1 3173607
1 2648068
1 4645984
1 401134
1 1248915
1 6106703
1 958022
1 9189993
1 3378970
1 6977125
1 9501596
1 6451142
1 8908351
1 581652
1 4117770
1 2692288
1 4933323
1 5509097
1 2833249
1 243597
1 5030460
1 4102650
1 8109653
1 2223720
1 2588000
1 3307932
1 7635223
1 4406616
1 6473710
1 3038710
1 6211208
1 5467653
1 3408015
1 1973866
1 7619146
1 1770887
1 2270236
1 503612
1 8781057
1 4435593
1 1382634
1 9963768
1 1269852
1 7969851
1 1549727
1 4616808
1 7173026
1 6560430
1 2483523
1 1122788
1 1834522
1 3185331
1 5504892
1 7444718
1 7517588
1 8873229
1 5027641
1 9501576
1 6821486
1 4618913
1 5361400
1 3892162
1 1452242
1 4400055
1 807647
1 4231014
1 8709657
1 7947716
1 955053
1 6671400
1 2389479
1 1335228
1 6717634
1 6512478
1 5003092
1 9650406
1 237652
1 5142884
1 4076970
1 579238
1 8437184
1 1596377
1 802293
1 222555
1 756253
1 7024928
1 3752787
1 8281766
1 6479592
1 2737984
1 5409534
1 1080345
1 1865761
1 6564261
1 8248333
1 4877377
1 4925468
1 1465777
1 1097848
1 3414940
1 512821
1 8236777
1 4403858
1 1292273
1 9963735
1 8539786
1 5571133
1 4314238
1 9918083
1 8687320
1 8454493
1 4835935
1 7820693
1 5895021
1 9781067
1 8486680
1 8493384
1 1572835
1 1567376
1 9598486
1 1183493
1 8961071
1 2027978
1 5158773
1 433047
1 7156805
1 8739713
1 393586
1 9075836
1 1484045
1 9985194
1 4522844
1 4352415
1 1998461
1 394346
1 1195207
1 1873293
1 2449339
1 684598
1 6957216
1 344321
1 9608811
1 785722
1 4320988
1 371970
1 9324655
1 7632646
1 8356862
1 1361018
1 2939024
1 2469415
1 3073361
1 8044008
1 1362094
1 5968890
1 9414114
1 8335619
1 9114323
1 2566480
1 2406480
1 8185642
1 9513295
1 8647920
1 9379988
1 4556442
1 5898270
1 3837683
1 4201366
1 9500012
1 7072113
1 451655
1 5085509
1 143944
1 229149
1 3408191
1 2104206
1 6492130
1 286144
1 9513522
1 3606784
1 7896858
1 9040166
1 5413607
1 1126624
1 9773037
1 5640342
1 9239989
1 4653419
1 4179066
1 7702453
1 7781525
1 7430449
1 4014535
1 4513414
1 4689826
1 6846286
1 9722525
1 4053342
1 2995770
1 1174094
1 4316784
1 2637317
1 4060565
1 8661919
1 9482288
1 4752383
1 4806074
1 9202580
1 1153751
1 2331393
1 3330224
1 1972875
1 6077120
1 9860857
1 6412739
1 3327854
1 7212171
1 501604
1 4291823
1 3342175
1 8452249
1 6260293
1 3178096
1 9894679
1 9750168
1 9539814
1 9855031
1 5048858
1 6909526
1 7847831
1 9759042
1 1245496
1 9494081
1 2213165
1 5800474
1 4619769
1 4663979
1 4223081
1 3303487
1 4115500
1 8092153
1 8651714
1 5675830
1 8128026
1 6150695
1 7303361
1 7610876
1 7971613
1 9487023
1 5353045
1 4076376
1 3896252
1 2836480
1 8954120
1 6544890
1 2767430
1 8429760
1 8812441
1 4145488
1 2712281
1 1651785
1 9386443
1 9438324
1 582614
1 5402591
1 8249563
1 6133961
1 8909935
1 371602
1 2294473
1 769827
1 8132831
1 5613957
1 1738637
1 1296824
1 2059497
1 987465
1 6525635
1 9130187
1 3117898
1 8862206
1 3682650
1 8587450
1 981282
1 2628847
1 770047
1 230658
1 6011527
1 7570662
1 6630622
1 3969542
1 1094035
1 2618538
1 3212589
1 5721526
1 2607516
1 9655442
1 5047011
1 8015137
1 2586826
1 8457255
1 5148314
1 5359501
1 8144983
1 5103755
1 6747120
1 3145753
1 5350025
1 3004843
1 5370980
1 5013368
1 55184
1 2780012
1 1491894
1 1274968
1 8666672
1 2510626
1 8918811
1 4105371
1 5665116
1 2693611
1 4095736
1 2060276
1 5536769
1 6296922
1 1271342
1 3131310
1 8967710
1 7138300
1 2267332
1 9170009
1 8800706
1 2612564
1 358520
1 9375324
1 9683938
1 8249060
1 8540515
1 3820698
1 4927984
1 9126133
1 958423
1 1178595
1 9584762
1 4633011
1 6599268
1 4666874
1 6171442
1 8622577
1 4404257
1 9222536
1 1599850
1 9175802
1 7231172
1 8062688
1 390351
1 7609735
1 8338164
1 7800848
1 1152248
1 5151018
1 3801175
1 4956048
1 4244598
1 1421611
1 3967216
1 4407618
1 439066
1 9416380
1 4516767
1 759319
1 5600295
1 9501805
1 2641709
1 3361223
1 5774330
1 3707811
1 2460531
1 4139241
1 4334068
1 7329810
1 1434975
1 8900482
1 902871
1 854513
1 9591153
1 605805
1 8846502
1 1411080
1 5279782
1 1712903
1 9847376
1 5534893
1 2942241
1 9478640
1 5503548
1 8794116
1 5331813
1 5052086
1 4303072
1 748216
1 4762516
1 650461
1 941586
1 333411
1 1538992
1 6522522
1 1204603
1 427152
1 8364045
1 7762261
1 3791008
1 3848299
1 2344763
1 5343813
1 8644790
1 2930239
1 5042883
1 3758095
1 5607332
1 1287510
1 2529196
1 6463257
1 8764135
1 9788785
1 6987750
1 2952265
1 8952528
1 8962919
1 4749758
1 8104059
1 7126283
1 9061199
1 5095115
1 7380938
1 9063854
1 1791486
1 1493024
1 5639375
1 1515447
1 8700163
1 6563292
1 4103868
1 5553341
1 5511612
1 512323
1 8069860
1 1086999
1 7079641
1 8990223
1 5999476
1 6636169
1 5753311
1 8666266
1 3473526
1 6968028
1 8724927
1 7645979
1 8651339
1 1996953
1 1754947
1 6999639
1 1922735
1 4867676
1 2954331
1 4656148
1 3348612
1 3246783
1 8581245
1 6363588
1 8496615
1 2351037
1 6718944
1 7077670
1 7508663
1 5489318
1 2133141
1 6368652
1 5384923
1 9971702
1 415072
1 5734777
1 5178433
1 5620700
1 3275252
1 4043871
1 3251351
1 1673178
1 6853840
1 8070701
1 8203925
1 3851287
1 6017007
1 2490011
1 1698478
1 7459525
1 8778337
1 6179151
1 6298762
1 2801979
1 6626203
1 1860283
1 772695
1 651249
1 1181386
1 8410031
1 8157037
1 7100484
1 8555330
1 7407402
1 5067813
1 9366416
1 9804291
1 9617881
1 7452558
1 1311790
1 5128745
1 8596124
1 8717662
1 6868617
1 4678507
1 2613261
1 4229189
1 9857971
1 6004247
1 8755923
1 5005609
1 4136668
1 8689775
1 9342935
1 8386407
1 1135909
1 9575697
1 6487978
1 2443905
1 7359230
1 4963691
1 8913037
1 4602778
1 8876730
1 9894624
1 6336595
1 9683672
1 2394592
1 3057163
1 6592949
1 1603114
1 8312740
1 140135
1 4282978
1 3959150
1 6157052
1 634939
1 6711079
1 6549315
1 9009481
1 2485663
1 5653214
1 9678145
1 7021405
1 7354450
1 6515090
1 1471869
1 1080225
1 507776
1 8742125
1 207943
1 4933068
1 3161952
1 4158008
1 1149620
1 150097
1 4031582
1 1170347
1 3886041
1 908094
1 8607880
1 8051944
1 3640693
1 8701178
1 7801137
1 308753
1 7251427
1 7661341
1 2132542
1 8666831
1 2351659
1 9578685
1 3621809
1 5152819
1 6782674
1 8366652
1 1030986
1 1684044
1 1083645
1 4103075
1 191185
1 2300465
1 112188
1 5317
1 4867125
1 2682404
1 8817283
1 5901246
1 7245908
1 9442682
1 745617
1 9105438
1 6310159
1 299197
1 3406700
1 3935594
1 9892301
1 4744770
1 4619379
1 4943756
1 4040580
1 5439131
1 9586316
1 8671119
1 1347026
1 6311286
1 7218000
1 3806979
1 1826847
1 8222667
1 4660183
1 5983648
1 135036
1 7647138
1 1949302
1 2454947
1 1937195
1 2004649
1 3184055
1 131190
1 6042792
1 2425616
1 8607581
1 8891176
1 9185297
1 9178131
1 7199238
1 2871882
1 6047283
1 3867422
1 7073300
1 8619821
1 1833904
1 508129
1 3629102
1 4799167
1 457788
1 2666164
1 1999070
1 1091256
1 7462523
1 4332043
1 3524267
1 6244885
1 9113363
1 5098749
1 3587457
1 3793706
1 5172133
1 8472764
1 5763955
1 2705655
1 8355634
1 9215093
1 240651
1 231972
1 669757
1 6281548
1 9605771
1 9953276
1 2321482
1 8286661
1 9948338
1 5044011
1 2449517
1 2689846
1 1959755
1 479111
1 690275
1 1120434
1 8835729
1 5875547
1 573899
1 4011402
1 6036619
1 4224384
1 2968772
1 8460279
1 2335028
1 2273135
1 6336067
1 8075306
1 981970
1 3712440
1 1199180
1 3634374
1 6653191
1 3915769
1 6719305
1 6123977
1 1723190
1 6989745
1 885225
1 9898101
1 5518709
1 6485521
1 4715808
1 3931363
1 2472670
1 5986211
1 8686286
1 7762878
1 8248370
1 8765154
1 8344247
1 4635391
1 5118673
1 6146922
1 5496541
1 9981235
1 4499928
1 4014300
1 89911
1 4612203
1 813598
1 2097051
1 2780882
1 4798356
1 9858806
1 7062726
1 6809146
1 6765360
1 2363786
1 4470541
1 9060954
1 1771215
1 4653983
1 4757345
1 8522347
1 3343142
1 712564
1 8082487
1 6760564
1 1301787
1 1367746
1 4821964
1 9095954
1 3926762
1 4337
1 4373096
1 7641506
1 437771
1 6703431
1 9439277
1 4599514
1 9404235
1 4554872
1 4699365
1 5050158
1 2600398
1 6182245
1 7954938
1 7607408
1 7205805
1 3345527
1 9674308
1 6039040
1 5456459
1 8266983
1 98888
1 6445618
1 2726086
1 627826
1 4501864
1 7659806
1 7489825
1 316653
1 8525651
1 590746
1 3298566
1 4199826
1 502068
1 538868
1 2558927
1 1465807
1 3937306
1 3196585
1 1039329
1 1343419
1 7305235
1 8421463
1 8841697
1 3030785
1 9801407
1 8253157
1 737677
1 8081725
1 6256055
1 3950513
1 8940935
1 4236274
1 2080314
1 7590978
1 3316763
1 4141204
1 6004427
1 7610839
1 5802933
1 5049434
1 2877601
1 5249705
1 8251029
1 3417898
1 1631493
1 3197516
1 3127205
1 9520512
1 6128119
1 8975871
1 8932070
1 973013
1 8937740
1 7858248
1 6494572
1 135760
1 3632696
1 5824492
1 4419188
1 4488859
1 7634740
1 1253242
1 1278642
1 9331012
1 8180874
1 7119804
1 1185022
1 4230847
1 2984071
1 1867032
1 5277375
1 2182524
1 1282574
1 2990388
1 8592528
1 7805632
1 1195073
1 3408503
1 4474614
1 1236739
1 7213979
1 1476869
1 9397421
1 4391520
1 3717718
1 2652645
1 3483811
1 1973173
1 6935688
1 1567096
1 1991791
1 9322416
1 4317824
1 7059951
1 5612862
1 5183486
1 4236738
1 8826037
1 6196429
1 7836409
1 69212
1 1971200
1 2959671
1 178527
1 7685656
1 1467160
1 1813740
1 5230071
1 1011416
1 2786418
1 5728178
1 7407118
1 1926453
1 9302788
1 9433893
1 6177759
1 225582
1 1520949
1 1514916
1 7472786
1 8886836
1 3336703
1 3574411
1 1316988
1 9106531
1 3465092
1 5206085
1 5104600
1 6112598
1 9442339
1 4770018
1 7061077
1 6033410
1 2442464
1 4048323
1 3556500
1 8198532
1 812713
1 4977564
1 7792805
1 6044433
1 4591297
1 1743363
1 8352922
1 6295955
1 105160
1 7326285
1 5902368
1 8897292
1 820442
1 9008520
1 6199149
1 7238427
1 6444335
1 1538527
1 4612309
1 1919376
1 9785030
1 4456595
1 3428180
1 2090480
1 522112
1 6383363
1 3486972
1 3609163
1 1290587
1 3534349
1 42096
1 4110376
1 1305624
1 6792233
1 7557351
1 7541229
1 8220722
1 8354303
1 2701252
1 9747172
1 8973159
1 8440098
1 5736229
1 179790
1 3613609
1 7572357
1 9727138
1 2361571
1 4537928
1 3234093
1 8513823
1 4501409
1 8527485
1 727696
1 6071134
1 161175
1 299037
1 739299
1 2040685
1 6970769
1 7643742
1 4695807
1 5308865
1 2309398
1 7511968
1 783037
1 6589673
1 380364
1 3428073
1 3014271
1 9364645
1 3274185
1 937466
1 3127467
1 3420886
1 9934677
1 3561408
1 2518026
1 1637620
1 4333280
1 1088355
1 8292695
1 3136159
1 3969356
1 651653
1 2256319
1 8268294
1 2674893
1 4690238
1 933991
1 69619
1 6522477
1 4725271
1 2566358
1 8338179
1 4075917
1 4687011
1 8418956
1 7764720
1 2132737
1 3732339
1 8692306
1 5168890
1 3817881
1 6197012
1 5890242
1 9180710
1 4548458
1 4934031
1 6335561
1 7310483
1 6808247
1 3268808
1 2268532
1 8726776
1 489338
1 9736355
1 4407530
1 3823112
1 5822716
1 3161641
1 246581
1 3012220
1 4317036
1 5706865
1 264831
1 5696784
1 6938229
1 7964825
1 1291494
1 3570114
1 9054587
1 1624952
1 3597692
1 1671700
1 2337964
1 2956786
1 1666015
1 6572024
1 5234588
1 1443883
1 1415103
1 6329662
1 9970242
1 5087323
1 9097853
1 1404710
1 425798
1 3485012
1 5577083
1 9139788
1 6727672
1 2688594
1 6113468
1 582501
1 4634465
1 2254938
1 4664925
1 6968527
1 9891677
1 6701788
1 3399966
1 7519959
1 9998443
1 1358388
1 8813237
1 2068550
1 7477325
1 764412
1 1978267
1 3502756
1 1046851
1 5813450
1 4660486
1 8257465
1 4112708
1 5794246
1 512362
1 3948675
1 9453315
1 4809905
1 7548013
1 179958
1 7272608
1 1351394
1 2001955
1 7804164
1 2374501
1 5960399
1 4061300
1 9874389
1 8868405
1 8155691
1 8229976
1 4969118
1 6496355
1 1060622
1 8268938
1 9877947
1 5079753
1 4358588
1 8821721
1 6434862
1 4989807
1 6061912
1 8715492
1 9631243
1 943952
1 1241695
1 5210825
1 8230518
1 7458858
1 555829
1 7256598
1 2758307
1 8241603
1 3788515
1 981307
1 8930859
1 7250694
1 3749875
1 2315276
1 8343063
1 9147656
1 7246627
1 8941786
1 7578917
1 8801559
1 2085240
1 9219698
1 384047
1 1329043
1 3908989
1 7902963
1 3883573
1 9096962
1 5437976
1 8408769
1 158422
1 1853996
1 823218
1 4169939
1 8041761
1 2166130
1 7208839
1 2979676
1 4733134
1 699885
1 8607931
1 6211179
1 2499788
1 8830581
1 4369773
1 9240506
1 5815124
1 9795980
1 867053
1 6683599
1 8790831
1 2446027
1 3242003
1 9523287
1 1608522
1 5008726
1 2127957
1 9040716
1 5651102
1 1616121
1 6306425
1 869229
1 2199719
1 6083892
1 297784
1 1377824
1 7697379
1 4415156
1 6731759
1 7945208
1 1350202
1 2476405
1 657711
1 7936381
1 3863038
1 792096
1 2455234
1 1316116
1 1146799
1 8092361
1 7049670
1 5427633
1 1178160
1 7087316
1 9811626
1 3718513
1 1856044
1 571463
1 6293444
1 8375258
1 4649020
1 6873173
1 2912470
1 4482053
1 1473190
1 9510585
1 3966100
1 9196228
1 6152459
1 8390863
1 3336163
1 9857345
1 1733444
1 1629889
1 8265649
1 3750706
1 3516062
1 689593
1 2893872
1 4691490
1 6981838
1 9046297
1 3654540
1 6038285
1 6287138
1 634699
1 5990760
1 3564360
1 8607074
1 8015578
1 5208537
1 487473
1 8703020
1 5085721
1 7502466
1 7899244
1 6967868
1 5743413
1 7229367
1 8761601
1 3438082
1 1144234
1 6218974
1 8304525
1 4635609
1 3105271
1 6575259
1 6292251
1 4546340
1 797879
1 9766274
1 6365566
1 7248440
1 3337842
1 2147593
1 3946575
1 294365
1 8145730
1 5358330
1 2511690
1 4218351
1 5897261
1 8088263
1 2540166
1 7575953
1 1201914
1 9178717
1 6214873
1 9840415
1 171658
1 1107517
1 8708097
1 9530746
1 6808538
1 6437119
1 2913711
1 8993529
1 2464528
1 9439552
1 4183017
1 1979005
1 4988493
1 9791051
1 6930969
1 3613215
1 6836807
1 4451902
1 8591980
1 1917231
1 1518617
1 5974941
1 944430
1 5322776
1 1056225
1 9055384
1 1864036
1 7379467
1 5967398
1 2757034
1 2923388
1 5130829
1 86077
1 1413959
1 4222370
1 1594699
1 456131
1 4094630
1 7856829
1 5736545
1 8482360
1 2171846
1 3871508
1 2456865
1 4752745
1 6372741
1 4401550
1 8129697
1 1587695
1 9187207
1 7006030
1 7458255
1 7092240
1 4159893
1 991632
1 7734656
1 2000418
1 8746016
1 8824363
1 7910260
1 4834455
1 1304754
1 5897860
1 264408
1 9687390
1 8844973
1 9823422
1 5502901
1 2083613
1 7235935
1 8491224
1 5538062
1 7357537
1 8692104
1 2780281
1 3023314
1 7004340
1 2354437
1 8418930
1 2176907
1 9719437
1 3707755
1 7456849
1 8644978
1 9681722
1 3011025
1 7662285
1 306579
1 6008777
1 6211650
1 8173746
1 5130150
1 9641501
1 2901461
1 3721147
1 9604666
1 2403939
1 4993971
1 7486926
1 8488654
1 9166205
1 9721923
1 5446257
1 2400158
1 5732825
1 5490042
1 7197826
1 2605243
1 2781127
1 5026931
1 5927482
1 2380716
1 1851892
1 9877981
1 6342893
1 4335821
1 2764229
1 8133326
1 5417596
1 3293878
1 8372291
1 6930066
1 2496215
1 1528438
1 2388148
1 7658595
1 5044585
1 2647360
1 5515697
1 1449064
1 2498675
1 5167545
1 8526183
1 8710279
1 3388449
1 2339992
1 9149744
1 3611143
1 7751305
1 1065221
1 9960442
1 4467451
1 3347663
1 8288753
1 1826442
1 3904033
1 3678908
1 7095656
1 6347386
1 6176057
1 5120575
1 2152055
1 6162292
1 4672130
1 878483
1 4358136
1 7414407
1 2211853
1 4727536
1 5490670
1 7468994
1 9101335
1 6219860
1 4260766
1 8212252
1 2061768
1 3675819
1 5272754
1 4315301
1 4549303
1 8985336
1 5358148
1 2917665
1 9096975
1 8880277
1 1007882
1 7692475
1 6262810
1 9348806
1 1413170
1 7127628
1 8416390
1 667631
1 342916
1 5092137
1 9548590
1 8218113
1 5087069
1 6297059
1 5447248
1 9960668
1 374169
1 2713735
1 8757957
1 2405820
1 244716
1 7606606
1 4230261
1 8190750
1 5539444
1 4725855
1 8445023
1 7309269
1 9842307
1 5723756
1 8552200
1 4440207
1 8739284
1 2621408
1 9208458
1 4445532
1 5077099
1 4739002
1 9253484
1 7328231
1 9257540
1 1047043
1 7333077
1 9884062
1 5928709
1 1090644
1 3847379
1 8153573
1 797301
1 3561410
1 1193671
1 5179854
1 3422548
1 8082467
1 6685325
1 441736
1 9664405
1 9403938
1 7498835
1 8743713
1 8439081
1 2077241
1 8657519
1 8077330
1 1992047
1 6011348
1 9683367
1 737839
1 2957791
1 8075968
1 922318
1 8885809
1 8319956
1 4418035
1 205303
1 557405
1 7889118
1 2854212
1 6917473
1 4799177
1 253780
1 613502
1 3048678
1 1458791
1 7968945
1 9789723
1 2282827
1 6490344
1 2335362
1 5546834
1 8302599
1 8710338
1 8878430
1 8435681
1 5756537
1 224965
1 4571352
1 3933088
1 2620053
1 4882934
1 9978293
1 6358176
1 6955990
1 5672061
1 6480981
1 7826140
1 506436
1 6292148
1 8744251
1 7058232
1 516661
1 7307590
1 7045056
1 9146073
1 5729463
1 9663441
1 2433357
1 5870504
1 3712811
1 5471084
1 9270923
1 541167
1 9563843
1 7798472
1 4994982
1 1558676
1 7942485
1 3385576
1 2106109
1 9679230
1 7862390
1 305773
1 9536369
1 6041078
1 3870834
1 985723
1 5081161
1 7598280
1 9698667
1 838034
1 2145759
1 1148363
1 7255465
1 8063306
1 7886618
1 4804975
1 7774435
1 8226294
1 8868590
1 2206363
1 2706391
1 342835
1 8475888
1 7549431
1 3923526
1 3758533
1 684328
1 3768786
1 8240688
1 1993973
1 2092764
1 3179730
1 1435911
1 5808466
1 8561229
1 8584953
1 9795745
1 1858660
1 9148527
1 7028047
1 4269937
1 4780477
1 2655039
1 5609999
1 4543587
1 8000500
1 6971460
1 3322105
1 6399252
1 1191630
1 5528859
1 3823882
1 4033274
1 9680471
1 7763408
1 4927310
1 3485076
1 6916020
1 7154385
1 3515402
1 9999855
1 7832488
1 3176627
1 9581624
1 2905517
1 2759610
1 3159210
1 8228895
1 4185307
1 6160251
1 7697386
1 9469518
1 7680768
1 1545062
1 4373291
1 9765088
1 8826758
1 1729727
1 6040770
1 8610601
1 658646
1 1692981
1 6420725
1 2912077
1 8687685
1 3014459
1 7329650
1 2263916
1 9856251
1 7758988
1 4901811
1 940655
1 8774635
1 2537363
1 8837791
1 8867880
1 4263620
1 8495124
1 5848950
1 9079345
1 2437125
1 3394517
1 8171158
1 7538736
1 226386
1 1350118
1 7683078
1 3519514
1 7031889
1 8515948
1 1396326
1 2369837
1 4060701
1 9844831
1 977692
1 9256203
1 5967475
1 343143
1 991518
1 2528248
1 7554077
1 2326492
1 1903531
1 2366999
1 6111602
1 7176581
1 8975021
1 5389330
1 1352774
1 9926645
1 6817518
1 4288374
1 5120825
1 9669162
1 1115558
1 3407905
1 1152153
1 4073186
1 3002132
1 1403598
1 2040809
1 8717892
1 3380853
1 6765516
1 9089867
1 9817191
1 1153950
1 6336809
1 2032190
1 3940825
1 2103418
1 4427171
1 2072194
1 7631003
1 7629935
1 4016265
1 4433797
1 5580172
1 7977905
1 5481349
1 1122058
1 2365180
1 938918
1 7330179
1 1515209
1 5804972
1 4570186
1 989951
1 6712147
1 7973722
1 2910097
1 3260293
1 1402008
1 4419006
1 5422580
1 637210
1 1832163
1 1046835
1 4244476
1 3747367
1 4201862
1 6359698
1 2707163
1 4411755
1 1530860
1 3744183
1 183869
1 899263
1 6019311
1 8782205
1 2031761
1 945181
1 9938496
1 1494302
1 6876620
1 9128793
1 7050237
1 328769
1 2974891
1 8787520
1 3970383
1 2860968
1 1320203
1 1558286
1 2392766
1 533405
1 225867
1 2646004
1 6428979
1 6735991
1 5787081
1 9903698
1 4187757
1 2415694
1 337209
1 522536
1 6202656
1 6797126
1 6788046
1 9515787
1 3846146
1 4995808
1 6772513
1 603334
1 4940264
1 987433
1 4676961
1 5506122
1 6915507
1 6659578
1 9689288
1 1782085
1 9274511
1 5557954
1 3497835
1 6633556
1 4158400
1 9780258
1 5135232
1 2492157
1 4371897
1 7521852
1 5839102
1 5739547
1 9971500
1 7385218
1 1784540
1 7774034
1 2222562
1 3531107
1 6711804
1 1879838
1 7078555
1 2380591
1 8288202
1 8289804
1 2938799
1 5039736
1 9395594
1 8109897
1 3541684
1 739033
1 1345637
1 3442136
1 2239397
1 6797886
1 7384659
1 9052685
1 8604833
1 43699
1 6794809
1 2922800
1 8034684
1 741356
1 8622846
1 2245990
1 1407307
1 8065453
1 5716037
1 6028037
1 7368449
1 6677368
1 1914478
1 5129688
1 1100248
1 4916366
1 1825680
1 114468
1 5391075
1 3050895
1 3425747
1 916481
1 2043003
1 9437812
1 5942444
1 2554753
1 202886
1 7836703
1 1835279
1 4201216
1 9805392
1 2956502
1 6935068
1 3439180
1 9523836
1 1138462
1 8980364
1 8743137
1 2014365
1 7195717
1 5278150
1 8183433
1 398012
1 7637896
1 2006315
1 374304
1 985647
1 7450888
1 5098382
1 9291438
1 541451
1 8207348
1 156566
1 9931861
1 3823308
1 4190584
1 8816941
1 9060831
1 7601267
1 3767593
1 5865072
1 2649615
1 6836603
1 2836746
1 2780110
1 8003053
1 422517
1 857402
1 16248
1 8726998
1 4325040
1 456108
1 670615
1 8833901
1 3489006
1 2368217
1 2852419
1 4584887
1 1878395
1 1472193
1 311046
1 2859379
1 3193423
1 6101162
1 6836411
1 8543768
1 4560373
1 7916922
1 6642576
1 8807865
1 2158188
1 9530516
1 5466778
1 3862856
1 6674171
1 1075177
1 3053174
1 7245091
1 619535
1 8156410
1 3173726
1 4962988
1 2672386
1 4952033
1 6582473
1 9626386
1 4588721
1 5622427
1 2561982
1 3424555
1 2208690
1 2539571
1 9800441
1 12190
1 7432934
1 8336400
1 2919154
1 6864580
1 8109359
1 5932867
1 6811896
1 623238
1 6206158
1 4913938
1 8135769
1 1454765
1 7464278
1 9311949
1 4149276
1 5464611
1 4671859
1 9981097
1 6877623
1 9107756
1 7769100
1 1488370
1 5200622
1 1112701
1 311150
1 1528500
1 6565343
1 3160304
1 2338778
1 7281775
1 1713417
1 7947448
1 4173459
1 2835826
1 9593014
1 4468428
1 5109933
1 9328716
1 3566949
1 7562125
1 4957936
1 7251100
1 5087844
1 897436
1 1564960
1 380769
1 7255487
1 3078466
1 6976162
1 8904198
1 154562
1 7701881
1 5998463
1 1029413
1 5119302
1 1732127
1 8271482
1 7076362
1 8325884
1 6302832
1 4211079
1 5403614
1 1162577
1 2791486
1 7117004
1 8615322
1 7771362
1 2645074
1 865279
1 9243392
1 7511969
1 1884069
1 9568650
1 9294825
1 9313896
1 7664232
1 3586950
1 442624
1 113477
1 973062
1 3547035
1 5522902
1 1095590
1 1023300
1 9547100
1 3833271
1 190211
1 5219579
1 1410679
1 8095823
1 6531635
1 8136133
1 682541
1 730612
1 2969176
1 3026717
1 6665585
1 8935425
1 9140812
1 8686293
1 3358832
1 4108067
1 6681479
1 5382906
1 4814653
1 9959532
1 2344232
1 8499925
1 9040001
1 1193290
1 2127959
1 6303153
1 8942808
1 4087807
1 2045617
1 3369869
1 7989507
1 8984269
1 949615
1 196010
1 7737350
1 8008112
1 7656360
1 4908638
1 218298
1 2888154
1 5183807
1 18475
1 3355075
1 2631160
1 8283438
1 3973311
1 2343303
1 1177005
1 9289114
1 5727318
1 5091848
1 9441272
1 150850
1 1005348
1 9217548
1 2177123
1 2720416
1 3520760
1 9035515
1 2553292
1 3465456
1 414947
1 285408
1 1722788
1 3012990
1 8374368
1 8256111
1 5968059
1 7404250
1 6593860
1 3161870
1 6946287
1 5643313
1 5139564
1 5716851
1 9185327
1 6278263
1 7954800
1 6565973
1 3881922
1 6058707
1 5195602
1 293563
1 9374941
1 6556485
1 5195162
1 2014545
1 9759025
1 5645735
1 8569695
1 3353397
1 4626701
1 2883146
1 2256729
1 2168644
1 5426476
1 1151810
1 7399023
1 5511017
1 8591241
1 9249847
1 3090240
1 3812618
1 3059247
1 7049663
1 4092685
1 3213547
1 3466612
1 365428
1 9810835
1 8274717
1 3811977
1 4417334
1 9287784
1 5938252
1 9650033
1 3923496
1 269435
1 4160804
1 2274713
1 7366707
1 1848272
1 8194413
1 2086682
1 7041117
1 4866917
1 1515360
1 9318576
1 6979417
1 1310308
1 1154313
1 75572
1 1952865
1 5547707
1 7494484
1 1323286
1 389888
1 3986971
1 278001
1 1615970
1 6983585
1 4027290
1 6453372
1 8126407
1 3624270
1 8870014
1 9244869
1 4127610
1 9858013
1 6223937
1 2861872
1 3239869
1 3291114
1 4909805
1 7131776
1 1068289
1 6992494
1 4318957
1 3667974
1 8958654
1 452783
1 2138029
1 3387952
1 9842678
1 6879330
1 4842933
1 7894131
1 5539028
1 3831974
1 4840359
1 4510060
1 4420785
1 7530141
1 3544698
1 7260781
1 1912683
1 1865319
1 2918160
1 1735574
1 7917148
1 4887736
1 7827408
1 3113473
1 2640285
1 1028354
1 9028133
1 2832838
1 1405841
1 9394961
1 8742188
1 2434407
1 1836491
1 9985902
1 8873298
1 5736385
1 470097
1 9870467
1 6828453
1 7207404
1 8652603
1 5531067
1 9086414
1 5207427
1 4500735
1 1542417
1 9477470
1 4098679
1 5077818
1 4343633
1 4215303
1 8466216
1 1557066
1 3342262
1 1307361
1 652618
1 7410200
1 4610714
1 8921719
1 8412721
1 7304957
1 7048633
1 4152914
1 2966279
1 3294518
1 5628834
1 8401719
1 6898711
1 313106
1 2326901
1 490907
1 2910097
1 8912171
1 2981938
1 3125985
1 2089750
1 5382384
1 3738290
1 4052306
1 6258180
1 9252405
1 651092
1 7482254
1 6781890
1 689959
1 4061310
1 2694783
1 6632838
1 2341956
1 2312512
1 6851678
1 1393424
1 9642774
1 778497
1 6964275
1 5121009
1 5760388
1 1479001
1 711703
1 4005562
1 5916236
1 7982732
1 4507423
1 8467844
1 5964797
1 5573500
1 2862600
1 775083
1 2160958
1 7378029
1 7830281
1 2717722
1 9212479
1 6949374
1 4917933
1 1902659
1 3734939
1 2525980
1 2456061
1 8467777
1 6390063
1 6906593
1 2022904
1 702814
1 2129636
1 889610
1 8619701
1 8570000
1 1936118
1 3680509
1 6508637
1 6418951
1 8254718
1 5874445
1 3934115
1 2543790
1 4329474
1 7949770
1 343487
1 4146801
1 4893958
1 4098030
1 8216563
1 956628
1 9533512
1 4370510
1 6794078
1 4698667
1 4296047
1 1955191
1 169078
1 2954155
1 5231217
1 1604070
1 7584749
1 3416300
1 5519593
1 4135849
1 9850812
1 5744809
1 3884286
1 9412397
1 1831077
1 6225284
1 6328244
1 1826823
1 4394278
1 7255760
1 2853170
1 2881672
1 5723278
1 5462507
1 6043939
1 1373705
1 4266113
1 6014455
1 4827680
1 2438082
1 3897669
1 4483949
1 243241
1 5556319
1 5007476
1 8852911
1 407535
1 3462684
1 5052280
1 2549548
1 668523
1 8900245
1 3874280
1 217430
1 6844770
1 8801611
1 1856614
1 7634159
1 8518599
1 4222727
1 7173498
1 1405722
1 1934813
1 964346
1 2227184
1 7642999
1 484899
1 9980514
1 6681613
1 5084458
1 2549342
1 3701224
1 9560074
1 1114877
1 8139357
1 2374056
1 4727344
1 201315
1 3480592
1 4809332
1 1014335
1 6376602
1 9983521
1 8827442
1 7663246
1 2850050
1 733577
1 6336148
1 8463780
1 8094940
1 7292791
1 9786928
1 7806795
1 6560229
1 648922
1 3642566
1 4711565
1 2910424
1 5593807
1 4473423
1 5343821
1 1033229
1 4313239
1 2009265
1 2205391
1 2781964
1 6753736
1 2172093
1 4483344
1 8756380
1 1129665
1 4091971
1 651397
1 5869431
1 4301803
1 4607743
1 6923206
1 9833279
1 167165
1 1302713
1 7943560
1 5048956
1 8595508
1 682927
1 6999714
1 1698892
1 110089
1 4042031
1 9799613
1 684465
1 6509240
1 4914320
1 6904461
1 1379796
1 4116279
1 5557198
1 3612400
1 2761462
1 6238248
1 2462495
1 2788410
1 3665681
1 8839461
1 8412849
1 8549279
1 3091427
1 4663035
1 6524574
1 2166008
1 1459926
1 3743084
1 2989198
1 2068603
1 4925684
1 6388011
1 245952
1 8576870
1 9818915
1 2832531
1 1893595
1 9156533
1 6739813
1 5780641
1 9570619
1 472431
1 5885186
1 9552017
1 3858120
1 4232183
1 8689498
1 1981445
1 373958
1 2425790
1 8417145
1 8913722
1 5956598
1 1112482
1 2563911
1 6496167
1 5496292
1 5984800
1 6985698
1 3071562
1 4053231
1 7880177
1 8829409
1 4433010
1 4777415
1 1826070
1 2932338
1 6260007
1 8754520
1 6402479
1 3178899
1 2160979
1 9815875
1 5585851
1 1803730
1 3749842
1 2749657
1 5750471
1 3022029
1 6266046
1 5785343
1 7241938
1 5861608
1 1942644
1 5631993
1 3838664
1 5203696
1 5165220
1 4388818
1 5885457
1 3478419
1 4050556
1 7709776
1 4073830
1 1862273
1 7369862
1 2958934
1 1034786
1 1389726
1 8826825
1 86928
1 6684538
1 9243104
1 9583928
1 1686702
1 7508121
1 4302279
1 6376953
1 8822129
1 1325122
1 615386
1 9588471
1 9670470
1 7852748
1 4101236
1 6242888
1 929900
1 1200556
1 4033674
1 4137048
1 505893
1 6492213
1 1155228
1 6897895
1 9413653
1 8002533
1 4443876
1 1518903
1 684579
1 1189697
1 6020038
1 7756647
1 6526444
1 9499002
1 268374
1 5544035
1 3698338
1 7901732
1 630471
1 6799360
1 3895498
1 9853401
1 3088008
1 7872527
1 892774
1 6308347
1 2761040
1 3946578
1 2163844
1 1110410
1 5136441
1 6179216
1 4060950
1 6121986
1 3893246
1 5662547
1 541284
1 2654713
1 8301779
1 2030288
1 5656552
1 4355301
1 4976872
1 5947438
1 2986454
1 8885336
1 3490869
1 1004550
1 9836450
1 8714790
1 9833549
1 4038064
1 1178481
1 9114924
1 8122940
1 6511005
1 6725438
1 4987599
1 4861422
1 6213566
1 773909
1 2804509
1 3247878
1 5619630
1 1888710
1 8795309
1 4555128
1 6025875
1 2404653
1 3261180
1 9497824
1 7501113
1 701565
1 5218605
1 4713637
1 8126713
1 8204315
1 9080845
1 4627335
1 3039966
1 6888786
1 5021249
1 5906275
1 3403595
1 8551811
1 996621
1 8178106
1 6079481
1 2846672
1 7533654
1 6301828
1 2677319
1 4283180
1 1427636
1 8074568
1 4193240
1 1300371
1 6553052
1 8596403
1 8286671
1 153210
1 6355452
1 2103868
1 3821019
1 2902385
1 3922760
1 5916118
1 4748333
1 8950898
1 6776129
1 1558213
1 2712121
1 1919465
1 8949170
1 3296312
1 2256545
1 535465
1 2829125
1 1695927
1 911313
1 5317990
1 5820586
1 3095980
1 6123782
1 3420722
1 9829842
1 4022570
1 2149866
1 173846
1 744295
1 7450107
1 1879988
1 5863737
1 4923140
1 6270950
1 6537795
1 8167862
1 308494
1 7965090
1 526697
1 5212610
1 3368817
1 6834546
1 6829823
1 9549986
1 3584594
1 7967881
1 3056870
1 8787188
1 8952209
1 4775455
1 5608428
1 5392237
1 2638888
1 8497057
1 4281600
1 6165341
1 3887998
1 4775064
1 3417667
1 6403030
1 5087965
1 5614065
1 1230193
1 491568
1 1161208
1 6019752
1 3249479
1 9453071
1 3357859
1 9626489
1 3831359
1 1769088
1 7497021
1 5472441
1 197896
1 8925848
1 5314694
1 2102728
1 7495139
1 2467813
1 5222553
1 8069782
1 3840584
1 3211921
1 1983528
1 4381046
1 296401
1 8338593
1 7893475
1 9650398
1 2747272
1 1834626
1 2395445
1 5763534
1 791825
1 2162789
1 1128960
1 8340411
1 746452
1 5244871
1 3917881
1 4428388
1 3830869
1 8737298
1 9791663
1 6004531
1 8743075
1 5597714
1 537308
1 7649370
1 860365
1 9501860
1 4212080
1 5451396
1 9667942
1 1565047
1 660312
1 3962522
1 1171373
1 7975965
1 1397983
1 4123956
1 3052762
1 7644290
1 5685644
1 2711571
1 7736953
1 694201
1 3381829
1 197661
1 3606434
1 9221242
1 9718052
1 3507559
1 6912793
1 9883660
1 9129862
1 545495
1 2236901
1 1524175
1 7824974
1 7972110
1 5303515
1 5269719
1 7220567
1 2150364
1 5719944
1 2653812
1 1211337
1 3487355
1 5565851
1 5203339
1 5647424
1 499983
1 8058801
1 1267625
1 1061229
1 3990620
1 2454814
1 7365339
1 2848002
1 8588678
1 6144542
1 82294
1 3298096
1 1853454
1 6721666
1 8271245
1 4740112
1 8766845
1 5427307
1 1755807
1 9132715
1 4419907
1 5733638
1 9840367
1 9523980
1 9241897
1 6891069
1 8556450
1 9510830
1 111155
1 1671522
1 1456188
1 1727581
1 3210959
1 8113332
1 2207708
1 5697181
1 8431832
1 7185665
1 6208783
1 6151094
1 391155
1 958715
1 6129220
1 8473329
1 4714698
1 3087692
1 565932
1 9902020
1 6887861
1 6119834
1 5921897
1 377698
1 8184817
1 8804605
1 8403020
1 7493553
1 2935627
1 9543297
1 6020967
1 8886133
1 4461527
1 6780104
1 9767313
1 714531
1 8569956
1 938326
1 2018810
1 7101790
1 9571815
1 6725018
1 7201147
1 6554818
1 5434380
1 7804264
1 8115116
1 2323089
1 5927596
1 6589475
1 7216660
1 9898539
1 8854669
1 3164355
1 5587796
1 7630484
1 9974355
1 8062799
1 9747928
1 80621
1 6033877
1 2981602
1 801888
1 4087170
1 526075
1 8675809
1 8439718
1 5122706
1 9770376
1 2793529
1 2817409
1 7127632
1 9178668
1 9594890
1 8424159
1 338567
1 4481483
1 7582887
1 736329
1 6369261
1 4511688
1 2692619
1 7352644
1 4613587
1 5507363
1 2288752
1 3274920
1 4950134
1 1092276
1 9745485
1 7770577
1 2384244
1 1595763
1 2190521
1 9462594
1 4837511
1 78072
1 5210480
1 7066301
1 472777
1 3908646
1 9014696
1 1069784
1 3607744
1 4936742
1 9352582
1 5972180
1 7997728
1 5053112
1 9620271
1 8006988
1 3599162
1 9756799
1 4560385
1 8217780
1 6666868
1 2917045
1 3812470
1 1734824
1 9364752
1 2416480
1 2078164
1 3163597
1 3329474
1 8453216
1 1014707
1 5668814
1 1813985
1 1985566
1 521011
1 401798
1 6685216
1 1493135
1 2960524
1 6404117
1 2805704
1 4930256
1 4233890
1 8749684
1 7415674
1 1439373
1 5643427
1 5954774
1 9556758
1 4553685
1 5562611
1 358414
1 712670
1 7404714
1 7861595
1 2981276
1 1429208
1 1020808
1 7094472
1 8861662
1 1517219
1 1976945
1 9046236
1 3210160
1 6903647
1 2984371
1 8524710
1 9838830
1 744394
1 6580974
1 8199522
1 4646159
1 9751342
1 2281515
1 7066717
1 8084847
1 2470009
1 9202187
1 7536603
1 1816472
1 2932666
1 8034768
1 3771883
1 7337044
1 8864451
1 5916740
1 1480404
1 4530100
1 8169120
1 1277473
1 6554862
1 2443942
1 8941681
1 101011
1 3694404
1 3307516
1 6136274
1 9780603
1 4295604
1 21817
1 2877924
1 9441106
1 4464401
1 920950
1 6748077
1 2193919
1 535033
1 8293203
1 5420171
1 8207984
1 1637051
1 4358557
1 7934722
1 9914995
1 5685296
1 7488912
1 3886169
1 4229092
1 4940563
1 3709420
1 8788187
1 5512092
1 8494190
1 7399632
1 7976010
1 2437509
1 6650757
1 5716973
1 8819390
1 1083616
1 688058
1 2114701
1 8346204
1 177143
1 6789566
1 4233647
1 9956461
1 4596660
1 7737395
1 4692587
1 3598300
1 9302054
1 2844459
1 9288919
1 8543548
1 6180649
1 7050668
1 9012765
1 5573311
1 561451
1 9279085
1 5717372
1 3173065
1 9258750
1 3451221
1 3572422
1 6277167
1 8436135
1 1557250
1 1189052
1 3556688
1 834492
1 9636977
1 6450918
1 1667302
1 6407014
1 9370857
1 2821762
1 8317857
1 7797229
1 7664961
1 2817577
1 4917676
1 2317714
1 2055029
1 1336581
1 9595058
1 8982845
1 5403900
1 2700120
1 348365
1 310593
1 5022142
1 9000793
1 3657039
1 4741131
1 272294
1 9603123
1 1125172
1 4433073
1 8626424
1 5903405
1 6661593
1 1117998
1 7536069
1 8621121
1 1478744
1 3111188
1 9400505
1 2777750
1 2551059
1 2634307
1 9014999
1 2640606
1 2280529
1 5187663
1 9999171
1 9533807
1 2700173
1 1713838
1 123715
1 8298684
1 5574893
1 1436852
1 3235422
1 8278667
1 7226537
1 4203106
1 1519644
1 5755679
1 3550866
1 1982923
1 8681786
1 6876050
1 3375084
1 3113115
1 3589127
1 4208938
1 6709072
1 7207281
1 3550808
1 5155302
1 4105811
1 2803377
1 8501133
1 2499687
1 7188746
1 2709256
1 6943799
1 48160
1 1650051
1 9364681
1 8864087
1 1166961
1 3965071
1 6145369
1 4691928
1 1230668
1 7929098
1 5444918
1 1354353
1 5512330
1 8344564
1 2601730
1 7981310
1 9340968
1 825822
1 4378045
1 4994317
1 6683752
1 1440857
1 762069
1 7315512
1 7982504
1 6710494
1 7866058
1 8473599
1 7637523
1 5596626
1 4078657
1 2708913
1 3622065
1 7512235
1 9547501
1 1554284
1 186057
1 644084
1 3181680
1 6094769
1 9594361
1 5215832
1 389462
1 132145
1 4381339
1 4685312
1 2298517
1 2810859
1 9971002
1 3096007
1 9571782
1 3223852
1 4156760
1 493024
1 3805594
1 3697056
1 6376628
1 8607249
1 9670943
1 7438729
1 8074610
1 6356870
1 6129989
1 5737464
1 5362448
1 8873009
1 1820924
1 157435
1 8198451
1 4200301
1 4888697
1 6405199
1 1104608
1 230531
1 2933343
1 1216151
1 3950961
1 1718543
1 3207321
1 5200749
1 8637175
1 2761722
1 9318590
1 9984800
1 2380947
1 417697
1 3550933
1 7155199
1 5803328
1 2003423
1 5907307
1 8614575
1 2720712
1 7257104
1 1362459
1 6142704
1 80667
1 4673879
1 8081224
1 5322221
1 6161056
1 5452902
1 2634539
1 8539989
1 7068000
1 9223968
1 3456232
1 2128600
1 3289646
1 4774567
1 4483930
1 2265742
1 8039963
1 4819236
1 8529132
1 6054180
1 1288470
1 6102701
1 4270239
1 9202539
1 8014924
1 8735169
1 5979643
1 6451752
1 5552728
1 206700
1 7478966
1 8123910
1 3180124
1 9731058
1 969487
1 3978784
1 5893580
1 5422358
1 6268485
1 6490197
1 7960715
1 1214183
1 2768016
1 2933680
1 3320428
1 8086397
1 7420165
1 8446175
1 4234587
1 4017861
1 4268646
1 1632939
1 6611314
1 8660538
1 2631957
1 6487539
1 4520088
1 7148378
1 8523221
1 9379193
1 5799480
1 2548414
1 3064301
1 1502600
1 2920311
1 7011235
1 6860940
1 3658633
1 5402780
1 1717393
1 564837
1 5881110
1 2262939
1 5186241
1 273977
1 257317
1 5715600
1 1464578
1 3645942
1 7548838
1 4779475
1 1553178
1 6309403
1 9943243
1 9790748
1 6429575
1 5025437
1 9997444
1 6966016
1 8178096
1 5261467
1 7117581
1 8717488
1 280809
1 5074510
1 8479299
1 3641857
1 1675230
1 31921
1 6729407
1 2381350
1 9789890
1 5039761
1 1862170
1 5319347
1 6347381
1 6836896
1 7189251
1 2508841
1 6007288
1 9905248
1 7305388
1 1479720
1 1328143
1 2304220
1 842950
1 3660701
1 8675254
1 4077961
1 9143295
1 829256
1 5622688
1 7408387
1 5082828
1 9187461
1 4064121
1 1330627
1 1065409
1 9888308
1 1767142
1 5049907
1 1354294
1 7367514
1 7961932
1 8076753
1 4222424
1 8686996
1 900023
1 8178852
1 9973878
1 4592266
1 6987782
1 8241763
1 591428
1 5421359
1 5167765
1 6440152
1 599174
1 7507049
1 1844929
1 9635358
1 2099845
1 3605564
1 6997291
1 3561627
1 2352783
1 6985350
1 7417735
1 6298738
1 8117319
1 3728978
1 7510902
1 3013608
1 910580
1 8949956
1 800588
1 5191712
1 5306462
1 6656390
1 9489072
1 9593379
1 6198034
1 8216488
1 6898220
1 5100980
1 3714947
1 9798040
1 8414737
1 9789254
1 3010094
1 2937715
1 7426716
1 9799065
1 6744984
1 9071537
1 2479753
1 9832857
1 3685674
1 5950596
1 4713613
1 1219181
1 1166516
1 3198200
1 8204109
1 1440901
1 6791600
1 6665535
1 8537441
1 1016123
1 732534
1 235088
1 5761728
1 9733050
1 4931540
1 8330889
1 1931149
1 6707322
1 2332251
1 6431231
1 1083151
1 6320432
1 6709938
1 7898412
1 1197829
1 4479351
1 4046773
1 1855324
1 2561358
1 5387513
1 402075
1 1830388
1 4225773
1 3824995
1 385780
1 6556335
1 2168067
1 3864353
1 9729617
1 1736681
1 2731097
1 4756981
1 7552141
1 8743766
1 1245794
1 1380401
1 9156184
1 9139344
1 3179715
1 4368871
1 7930602
1 6512174
1 5494795
1 7837310
1 673711
1 2809225
1 1138001
1 3249864
1 5915510
1 6430797
1 3246710
1 8997001
1 9403208
1 8529769
1 3005879
1 2011456
1 8404854
1 7439385
1 5547617
1 7357346
1 3240721
1 6396814
1 1302958
1 3350258
1 571078
1 6507605
1 4236316
1 4144944
1 3615024
1 50068
1 3688118
1 9364082
1 797707
1 5208515
1 6890706
1 4187096
1 6937296
1 7948387
1 4567373
1 2601393
1 1235493
1 7500045
1 4097836
1 9797365
1 1270413
1 3788578
1 3961411
1 6300943
1 368672
1 402915
1 2311035
1 4349480
1 9601866
1 955015
1 304203
1 2668284
1 9675765
1 8887801
1 210625
1 5886467
1 633521
1 1461541
1 2757470
1 7798644
1 7130533
1 2824065
1 5185956
1 6838138
1 7244360
1 5708526
1 3401931
1 5418655
1 4427808
1 4349580
1 8414819
1 6861468
1 8909262
1 9657594
1 5811499
1 3877564
1 2971466
1 2769729
1 6191917
1 8409203
1 4553533
1 8131874
1 7800696
1 9094541
1 7579788
1 998444
1 6950771
1 5874867
1 1011442
1 8031360
1 9205516
1 7761249
1 8721476
1 1390186
1 4758952
1 5578580
1 2463691
1 8330584
1 3727762
1 4689092
1 7441750
1 7158993
1 2282277
1 4600753
1 7738560
1 6228289
1 5208600
1 328744
1 8303965
1 3209505
1 7646375
1 1887916
1 9565010
1 4817011
1 7975205
1 3350191
1 5854643
1 6229406
1 4790205
1 3881787
1 1107415
1 6016187
1 5759147
1 6922749
1 2140846
1 6634817
1 5837039
1 2499879
1 9294288
1 1409152
1 1757352
1 4819036
1 6002307
1 5759633
1 9685112
1 436103
1 9663169
1 2512400
1 9945327
1 5002797
1 940486
1 1256103
1 5080107
1 1388508
1 6994309
1 1678747
1 3941000
1 8413777
1 8461824
1 7002475
1 1704700
1 4355779
1 5898866
1 4663177
1 5000639
1 4932093
1 5197236
1 3080087
1 6868782
1 2962103
1 1877918
1 7851395
1 5284271
1 3945033
1 1858143
1 9007931
1 8075450
1 7595443
1 5101142
1 7723971
1 1742549
1 3040688
1 1505945
1 9558713
1 4898260
1 6742662
1 9582887
1 6787173
1 1943869
1 8502232
1 9154527
1 8343254
1 1994716
1 9041131
1 2904967
1 9379829
1 889935
1 851107
1 2451661
1 7533203
1 9204140
1 1416226
1 9320700
1 8001782
1 2253326
1 7919997
1 95094
1 4678439
1 5143928
1 383370
1 9755819
1 2316746
1 256277
1 8346786
1 1182282
1 3683486
1 8175583
1 9974208
1 7223763
1 9416719
1 6959851
1 9757380
1 4782018
1 7337315
1 3505741
1 8880349
1 7451304
1 7115398
1 7782111
1 7593339
1 3220224
1 5673385
1 2078417
1 3463031
1 9236169
1 3271837
1 1786977
1 8894596
1 8564332
1 1319375
1 7522431
1 5991287
1 8357442
1 3986787
1 4545064
1 3743963
1 2165161
1 5664194
1 9110884
1 8316223
1 6187685
1 4917390
1 9015222
1 4768806
1 4120014
1 9007368
1 670993
1 6335568
1 3690138
1 943223
1 4800219
1 1561737
1 8497524
1 91908
1 1200839
1 1202680
1 6818099
1 9621902
1 186874
1 6960935
1 9569602
1 1953180
1 2201354
1 5126078
1 7382262
1 1984111
1 6663687
1 4165009
1 9999317
1 7485953
1 7392241
1 3241064
1 1570093
1 2672344
1 19705
1 17593
1 4537928
1 3729248
1 171522
1 5747683
1 9423340
1 1897053
1 2780255
1 5093718
1 8796122
1 8240928
1 1773320
1 7301660
1 658407
1 8208977
1 9987340
1 7035439
1 6018921
1 3639150
1 9720848
1 458211
1 6714991
1 1530259
1 8975549
1 2707659
1 3568464
1 3745777
1 3005806
1 8678096
1 6655229
1 685813
1 4221089
1 4109080
1 3672679
1 6625506
1 2854186
1 2353940
1 1948832
1 4160066
1 9247976
1 7358380
1 7090093
1 663914
1 1279488
1 6070920
1 4189867
1 1855316
1 1921581
1 6583370
1 2471737
1 3826956
1 6397702
1 6340424
1 6228182
1 6561481
1 4415692
1 4070402
1 7192136
1 8826093
1 3289606
1 8192964
1 494029
1 5100442
1 4426550
1 780043
1 7539556
1 8187990
1 2180583
1 3734180
1 8833469
1 3710409
1 4089300
1 7727652
1 5768873
1 1689537
1 4541794
1 321116
1 1027444
1 1770349
1 1972829
1 5054887
1 6133356
1 9297062
1 1430871
1 8139044
1 6812912
1 7188329
1 7184918
1 9307295
1 8005020
1 4337359
1 3055703
1 13696
1 3566646
1 4626932
1 6292436
1 7649398
1 9874660
1 2253096
1 3172632
1 8521932
1 4978573
1 1437190
1 9422277
1 2778560
1 3728587
1 6734783
1 2877632
1 9537643
1 6834237
1 3864291
1 9790659
1 4960547
1 8098219
1 5883804
1 2883475
1 9103764
1 8355379
1 8546014
1 488956
1 6257000
1 833235
1 5099857
1 8839959
1 4771284
1 6743744
1 405180
1 7119504
1 6201274
1 1715114
1 5715781
1 1279399
1 5921629
1 231783
1 9590169
1 3203045
1 6663161
1 8993556
1 502849
1 3760023
1 1001294
1 9312073
1 5735093
1 9448333
1 4125410
1 3519578
1 1775722
1 8903743
1 5243784
1 586077
1 7271605
1 2606219
1 8813235
1 3370762
1 484758
1 3435138
1 3751897
1 4375212
1 5781975
1 5835332
1 5382278
1 6710536
1 3864042
1 8018720
1 1120758
1 3154474
1 8014212
1 1999195
1 6635703
1 6733313
1 3503831
1 8413160
1 6471764
1 4389607
1 9089954
1 7998999
1 4838053
1 9069416
1 5368983
1 877031
1 8617214
1 4141575
1 9578899
1 8836835
1 1843712
1 1883397
1 7278591
1 4958793
1 5956116
1 79473
1 8079147
1 6701954
1 8502954
1 586826
1 1542129
1 3683822
1 8150274
1 524806
1 8305005
1 8928222
1 5638673
1 458835
1 6135624
1 3983030
1 9461474
1 3696915
1 3564486
1 2598407
1 4993771
1 5276360
1 8725152
1 72818
1 4660487
1 8507446
1 8055660
1 3687213
1 9149895
1 7748956
1 8364568
1 1452294
1 9954706
1 6248515
1 9843990
1 4203434
1 2344705
1 4644092
1 8109541
1 1042560
1 3998269
1 1178155
1 2609092
1 7559349
1 9169680
1 1127939
1 3139346
1 1227954
1 9158780
1 7737538
1 9275246
1 6454399
1 7226586
1 4652240
1 1925056
1 1452022
1 4792857
1 540259
1 386378
1 3803153
1 7090805
1 3685944
1 7288457
1 3118018
1 2066385
1 9669823
1 1840069
1 4939813
1 3251999
1 7856302
1 6068767
1 3852800
1 9540399
1 5688638
1 5749192
1 3724000
1 1020321
1 4935912
1 5729237
1 5089089
1 8724088
1 731908
1 5245318
1 6002672
1 5136701
1 5417682
1 3089490
1 2352833
1 4122785
1 6320647
1 7574345
1 1818251
1 2100860
1 6046967
1 1156900
1 8624444
1 3827719
1 7359826
1 9081220
1 8332744
1 6217933
1 1655306
1 2488752
1 8856719
1 9102303
1 6304941
1 8820599
1 9685472
1 546806
1 4626635
1 3434463
1 6286054
1 4307388
1 7882983
1 4304963
1 9332726
1 8426918
1 7248713
1 5204234
1 9427273
1 1273492
1 7472814
1 6766023
1 8735608
1 4430634
1 2336615
1 7710873
1 135442
1 9881293
1 7758840
1 5676250
1 9157312
1 2861935
1 7318932
1 549158
1 4303565
1 6259116
1 313489
1 4184824
1 6202642
1 8584294
1 4777316
1 4248360
1 9692832
1 897244
1 5056627
1 2652190
1 8626582
1 1551439
1 6563389
1 6181217
1 5727047
1 812055
1 9403168
1 6644752
1 177453
1 5466085
1 4493522
1 7735794
1 7474334
1 6965520
1 7440541
1 6847215
1 6437666
1 3162810
1 2353225
1 1810895
1 6759907
1 7576579
1 1492054
1 4477853
1 1880532
1 5242424
1 4294938
1 9498418
1 8924498
1 8849063
1 7475719
1 8047696
1 7488996
1 6061458
1 2077795
1 2786472
1 4545269
1 5012356
1 2924355
1 634464
1 7513609
1 5259035
1 1236900
1 3070849
1 2082802
1 9851536
1 7228849
1 3271921
1 6797811
1 1646373
1 9619166
1 7179798
1 2106415
1 9147523
1 8338311
1 6649387
1 3169849
1 1693458
1 2241123
1 6638847
1 6001092
1 3294593
1 7309674
1 3510420
1 1629577
1 625151
1 7359856
1 9668732
1 2223245
1 9328807
1 7111701
1 3400542
1 7970757
1 2357903
1 3744066
1 5892094
1 2531211
1 7050330
1 8572925
1 3227969
1 5272672
1 6533227
1 5165293
1 1924230
1 8758180
1 553650
1 5753997
1 1287003
1 5778256
1 4948876
1 426924
1 4921938
1 5279903
1 8877938
1 5625977
1 3891109
1 8268166
1 5677172
1 4311865
1 6813500
1 8721715
1 9083156
1 2639759
1 6236321
1 2498634
1 906953
1 6724621
1 9350310
1 6185730
1 5847230
1 5816989
1 8569268
1 794575
1 2599555
1 5443883
1 1337451
1 9331537
1 7594028
1 3492514
1 8983265
1 1952816
1 8200874
1 6014220
1 815032
1 7612418
1 5290304
1 7917450
1 365263
1 8566089
1 6587020
1 7167584
1 3549467
1 5191050
1 126259
1 9991596
1 6696985
1 6790310
1 2373458
1 2310967
1 4738190
1 1112875
1 8150629
1 8512439
1 8357275
1 772356
1 172529
1 8636335
1 8179308
1 4683410
1 6707744
1 3424199
1 5331543
1 1473092
1 9283348
1 6697035
1 2245957
1 3709890
1 4004817
1 3709545
1 5096670
1 5232538
1 5307148
1 4890260
1 1415467
1 4679948
1 9138453
1 1132578
1 419755
1 293820
1 3755714
1 2428588
1 5337451
1 9538384
1 6910507
1 1795953
1 2167329
1 1952491
1 607958
1 372270
1 8820783
1 1496639
1 1801044
1 4063905
1 3623446
1 7349403
1 8820741
1 6604033
1 7837845
1 3379505
1 5441022
1 1768841
1 4104024
1 8567822
1 4682503
1 6234211
1 3579751
1 5245815
1 6527221
1 865540
1 5569874
1 3898146
1 1832552
1 4764477
1 289939
1 9788556
1 9567055
1 9429603
1 2521876
1 6499905
1 5538763
1 2861876
1 2116161
1 557245
1 3287069
1 9357724
1 6375256
1 8304519
1 9914817
1 7621029
1 5369259
1 2220365
1 781825
1 8734602
1 809110
1 3577160
1 1206756
1 5843229
1 5691932
1 7379889
1 7839910
1 3480486
1 20264
1 8410761
1 8062098
1 1744329
1 5537820
1 3516799
1 7315929
1 9504082
1 7761163
1 1362089
1 4440581
1 9932727
1 4694671
1 7463974
1 5722712
1 2382736
1 4596292
1 6859910
1 3823919
1 353388
1 6845549
1 894751
1 9690571
1 4027849
1 628455
1 5870141
1 4706330
1 8645020
1 365220
1 2775358
1 3145098
1 9374172
1 5505550
1 9511320
1 8054814
1 382249
1 3779322
1 4682629
1 4530306
1 9663817
1 2213542
1 1536259
1 6780577
1 3204124
1 3290677
1 7229740
1 3013099
1 5265383
1 3922289
1 8512398
1 381684
1 580045
1 9922615
1 5492148
1 5656018
1 5960229
1 495429
1 9211268
1 6219689
1 6115501
1 4168076
1 1670844
1 7038555
1 2429093
1 2245325
1 6543304
1 8895557
1 3016178
1 3132553
1 6276388
1 3850213
1 8651988
1 423759
1 2357157
1 7207182
1 8740542
1 9598780
1 3829361
1 941567
1 8853309
1 1991861
1 1184105
1 3398137
1 9750825
1 1168216
1 1183464
1 6100162
1 8016591
1 1575086
1 9193347
1 6664130
1 6333835
1 5040896
1 5777452
1 3839203
1 3680907
1 6854609
1 6977355
1 8056479
1 3875514
1 5276909
1 9322807
1 6912926
1 2926790
1 4453365
1 6023582
1 9669626
1 1074589
1 2325228
1 2903474
1 5268231
1 3673861
1 8951241
1 4665144
1 1774146
1 542625
1 4667828
1 7629049
1 9748172
1 3229689
1 1577745
1 2043359
1 9673386
1 5975275
1 3437065
1 1318416
1 6102033
1 3827053
1 8084784
1 8288802
1 1888244
1 9927863
1 9155376
1 522151
1 7318688
1 7064071
1 4440196
1 6682817
1 8944697
1 1948993
1 4722881
1 4793012
1 2584467
1 4342767
1 9289832
1 4735594
1 6974523
1 7412819
1 8926049
1 9967832
1 979436
1 3639506
1 4138223
1 5657674
1 5758347
1 3292798
1 4575784
1 8205802
1 2773433
1 6706925
1 9708527
1 5244320
1 3216904
1 2629671
1 3553695
1 718871
1 8878862
1 5566522
1 6612259
1 1061321
1 2906540
1 1442053
1 462213
1 9791724
1 7487079
1 3647017
1 3594431
1 8550086
1 3327142
1 1521024
1 4230096
1 5409537
1 3391745
1 3585167
1 6661460
1 7257500
1 8936275
1 754704
1 4223381
1 3926116
1 283904
1 8562594
1 7722427
1 1294757
1 3927857
1 8081676
1 1898801
1 4544421
1 2199686
1 801876
1 4077789
1 2098144
1 9731006
1 7859032
1 6543476
1 2444662
1 4549271
1 2717202
1 252505
1 5100084
1 7412457
1 721804
1 2495943
1 6663989
1 2942952
1 9560783
1 6453749
1 2527932
1 3026732
1 3396541
1 1683213
1 8113506
1 3321566
1 9782152
1 9604063
1 9357310
1 7238874
1 2981881
1 7002054
1 459436
1 6763699
1 5942857
1 5637273
1 3158513
1 7410779
1 678890
1 8772891
1 482916
1 5028027
1 57686
1 3538471
1 7875258
1 3333205
1 8184005
1 3540214
1 9195204
1 9569008
1 8597446
1 784710
1 1336193
1 5267018
1 8463977
1 3242944
1 7004912
1 987479
1 22387
1 7044770
1 8712931
1 6560850
1 4032976
1 8288332
1 3562105
1 8210149
1 999658
1 4240625
1 4453269
1 6536787
1 246171
1 6179208
1 3711760
1 3649752
1 7913776
1 4453779
1 5725948
1 5049615
1 9239282
1 4262278
1 9963609
1 6077875
1 3385234
1 767305
1 7048952
1 5327587
1 1547368
1 2583203
1 3958800
1 8933179
1 439036
1 46570
1 348871
1 4481582
1 9847743
1 6149860
1 6637548
1 3077872
1 1383161
1 399514
1 4959077
1 5042697
1 663097
1 2356510
1 7481827
1 951576
1 4107072
1 1960741
1 614655
1 7279917
1 9427563
1 5989438
1 5335555
1 9422426
1 4874598
1 8160705
1 2646327
1 823932
1 2993652
1 7444821
1 9220479
1 3127093
1 5995208
1 7158136
1 5252762
1 4294287
1 7879494
1 1736990
1 5086937
1 1920459
1 2086549
1 3103487
1 9719196
1 5129748
1 3811465
1 6432570
1 4727844
1 8892420
1 9994974
1 8594642
1 1724354
1 2740438
1 3916984
1 8696517
1 9122830
1 1373471
1 6669949
1 3794812
1 3035062
1 1102115
1 7029145
1 7534609
1 3031620
1 1868913
1 2809851
1 9629446
1 1592164
1 210407
1 8880186
1 4038118
1 3363961
1 5906783
1 9523845
1 368165
1 9638183
1 2922129
1 5521727
1 1283475
1 6125094
1 1057196
1 6110981
1 5887225
1 5057974
1 8166515
1 1254021
1 3728176
1 6528909
1 3224932
1 1492538
1 4319851
1 8257728
1 7794014
1 3505535
1 6052395
1 365842
1 2072793
1 6792090
1 5575880
1 220273
1 5863205
1 5329196
1 6451928
1 115508
1 8791964
1 3626041
1 7264500
1 4659383
1 5283721
1 8887730
1 5211677
1 620866
1 1309390
1 7643383
1 1962431
1 6041352
1 6608214
1 6911338
1 9664590
1 2298242
1 3942960
1 7221144
1 9073696
1 3098346
1 9858661
1 368836
1 8997055
1 5790112
1 6401460
1 5994693
1 985665
1 1498452
1 8620744
1 4259997
1 7507495
1 2305307
1 7022571
1 7550699
1 8481045
1 3476427
1 3897825
1 4253715
1 8387968
1 7163875
1 8651727
1 5672717
1 1055921
1 5655189
1 2309538
1 1934794
1 2340335
1 6030322
1 3675942
1 2963710
1 1921957
1 2115638
1 1358529
1 6839235
1 8479338
1 4567344
1 951563
1 9786778
1 4426082
1 9349396
1 8820191
1 3470658
1 2303794
1 8352828
1 8020804
1 8254623
1 387559
1 1031665
1 1647757
1 8117983
1 308855
1 6943664
1 4788063
1 4837637
1 8269249
1 9133521
1 9277438
1 8656367
1 7107331
1 7938192
1 5387910
1 5827840
1 1126150
1 5696028
1 5132621
1 3751110
1 2040942
1 8430127
1 785442
1 3117348
1 8038301
1 1591322
1 9291923
1 1621471
1 6896934
1 6163493
1 4663861
1 6709803
1 1160273
1 7173124
1 9038344
1 1847254
1 8600107
1 5968319
1 8117585
1 172671
1 2307412
1 911944
1 8746762
1 9824503
1 4103445
1 3597176
1 475938
1 7251643
1 3844616
1 8001920
1 8815569
1 6829335
1 549512
1 6561600
1 3233631
1 4542105
1 1143403
1 2850106
1 1853006
1 7705732
1 7175471
1 1113967
1 482223
1 8992008
1 6122562
1 6087921
1 793448
1 3670796
1 5935400
1 6532228
1 9898051
1 5393924
1 5197876
1 1929228
1 3449223
1 3159467
1 2378355
1 8295349
1 9619897
1 5982675
1 9595642
1 9823846
1 9074536
1 4262597
1 4340053
1 3522680
1 3247466
1 1928348
1 1331771
1 717234
1 853508
1 2298651
1 6020756
1 8782242
1 3781353
1 9354854
1 8775708
1 2256271
1 2702052
1 3138592
1 2956986
1 7922955
1 9745364
1 8651157
1 4312185
1 9473263
1 9999534
1 3062374
1 1277646
1 3360797
1 1386645
1 4262813
1 3213541
1 9271809
1 2516544
1 7471540
1 1607064
1 3983468
1 2429528
1 1058952
1 2132328
1 4956176
1 7670612
1 1084869
1 3511693
1 2933363
1 527187
1 5302166
1 3355999
1 4697190
1 425068
1 56149
1 2478056
1 8751753
1 9408414
1 261425
1 4901474
1 8580141
1 7129633
1 9674939
1 4269383
1 3457693
1 1165605
1 7078630
1 3615161
1 6491611
1 4840544
1 8445071
1 683631
1 5936385
1 4533663
1 8942154
1 3010243
1 9031129
1 1349517
1 4101932
1 8729779
1 9100819
1 6477655
1 8494827
1 7162983
1 8789078
1 6687151
1 4831007
1 1302108
1 2881581
1 8012647
1 3677780
1 5695921
1 6186891
1 6342568
1 6010582
1 6331948
1 3791363
1 9132368
1 3190117
1 9751655
1 9277125
1 7019877
1 2478552
1 4224536
1 264642
1 8469094
1 6693914
1 3599467
1 2061531
1 969820
1 318940
1 6882527
1 8584404
1 43939
1 2025984
1 2806561
1 5666231
1 4532254
1 641098
1 8373313
1 1029851
1 2521198
1 3829469
1 4224943
1 9582352
1 5992886
1 7789386
1 2076813
1 2934938
1 3226759
1 7102647
1 1640911
1 4903307
1 2864987
1 7815999
1 5917596
1 7246254
1 6213304
1 8809638
1 6211544
1 7366187
1 6436695
1 472032
1 8252106
1 2195552
1 8003212
1 5076859
1 4104130
1 8230091
1 6550107
1 7507910
1 1925131
1 1562567
1 2434830
1 7689680
1 592291
1 5441135
1 9803813
1 7792415
1 1714478
1 3680795
1 4074357
1 8939439
1 8303838
1 4752449
1 2307070
1 6845429
1 4873682
1 2595686
1 9371921
1 1800456
1 3221824
1 8072787
1 6081727
1 1774988
1 5167848
1 4706034
1 3124432
1 8084920
1 5429528
1 956966
1 9519033
1 6048850
1 5971787
1 5988501
1 1487429
1 6830109
1 1111046
1 5689940
1 2659288
1 1066055
1 5157338
1 5071603
1 9613383
1 7528841
1 5535046
1 9061859
1 6296020
1 6622358
1 6099922
1 4166228
1 155546
1 4354505
1 4906337
1 8259022
1 1626924
1 1439429
1 5713638
1 5219769
1 9740987
1 6293065
1 457670
1 286605
1 5562669
1 8205416
1 5236885
1 6630076
1 7328612
1 8544364
1 7010758
1 1766712
1 4252986
1 5579244
1 1404838
1 1494833
1 4373227
1 3990914
1 804723
1 1217824
1 9388522
1 7550588
1 1236318
1 1483894
1 5198967
1 8254282
1 4124655
1 3295780
1 3991385
1 6386525
1 2228869
1 9447385
1 1148457
1 8002422
1 5541333
1 7255090
1 3546058
1 2980965
1 6598412
1 6035478
1 2115860
1 8397695
1 8506842
1 326374
1 2811775
1 9303698
1 8130780
1 3277642
1 926391
1 8965075
1 9697200
1 5338101
1 285000
1 7517267
1 7382920
1 612961
1 1796518
1 3994551
1 7994295
1 3081917
1 6318162
1 7104861
1 4934667
1 2285786
1 3978595
1 4693461
1 4305646
1 4425117
1 3616973
1 9500690
1 6878733
1 4903983
1 8583205
1 4176014
1 8390756
1 6939006
1 7155478
1 7873405
1 300400
1 8176493
1 8568364
1 197533
1 6735982
1 3772564
1 9305012
1 1122827
1 5912960
1 2912847
1 3684625
1 1831376
1 5779031
1 1344630
1 6755412
1 2376672
1 2199838
1 8354395
1 8146037
1 1969636
1 7698541
1 9598885
1 4260002
1 3875281
1 5866607
1 3373759
1 5531351
1 9872679
1 341402
1 6439460
1 2023221
1 6661419
1 2636190
1 9566728
1 7985324
1 4273924
1 6216725
1 7802336
1 3809220
1 4760979
1 1089541
1 1396177
1 333290
1 7710125
1 3264038
1 4745476
1 4825389
1 370466
1 1425709
1 8966249
1 3893675
1 5685120
1 2472706
1 1646570
1 5928242
1 7057035
1 6740296
1 5663658
1 2074184
1 4544022
1 267117
1 4764693
1 9520736
1 5446636
1 4748105
1 5557699
1 1303160
1 1583252
1 5942582
1 6992760
1 5666682
1 3537130
1 8774384
1 429343
1 2413328
1 503865
1 6096188
1 7325254
1 7571816
1 6142939
1 3597794
1 4520114
1 5610539
1 8654381
1 7954741
1 4836016
1 1835649
1 2507151
1 5396025
1 6406014
1 4601880
1 7490668
1 3163826
1 3425327
1 2986547
1 9002367
1 3071440
1 6397347
1 1930842
1 9592853
1 1082582
1 3528885
1 7085235
1 3871307
1 5980203
1 6591293
1 7929677
1 8842748
1 9613377
1 9395845
1 9744839
1 7363465
1 6099275
1 3084591
1 8029372
1 7815995
1 6227694
1 4780279
1 175332
1 7868493
1 8360580
1 4895722
1 8994244
1 2612996
1 1004398
1 8853165
1 9524553
1 3868639
1 5481307
1 8774926
1 2354578
1 9728035
1 4318107
1 8011542
1 1719497
1 7399437
1 3458432
1 831737
1 2400692
1 8468976
1 5856466
1 8132466
1 5760086
1 5343383
1 298086
1 2423671
1 5427759
1 5191130
1 583936
1 13894
1 4101387
1 5791988
1 1210346
1 2949015
1 6364388
1 807700
1 4642785
1 8749910
1 1667621
1 827738
1 3010955
1 3751217
1 9837453
1 2195338
1 4478162
1 2062558
1 894736
1 8893793
1 8244339
1 9855212
1 3854751
1 4798442
1 7492716
1 8037789
1 6977036
1 3011187
1 4697950
1 2603744
1 4597729
1 534829
1 5541340
1 6092066
1 4733128
1 9588591
1 7070412
1 566039
1 4627552
1 784975
1 7103014
1 2265694
1 2888065
1 4939869
1 1960561
1 9696804
1 1137004
1 2421449
1 4034536
1 3022861
1 4093718
1 8962190
1 1741087
1 3059871
1 8611039
1 7358652
1 9553867
1 1261095
1 5878000
1 8994073
1 1589866
1 2619922
1 5997936
1 242615
1 541882
1 3283886
1 213156
1 3332690
1 4774344
1 1284265
1 5656819
1 6815314
1 941110
1 6015558
1 5254154
1 9294401
1 772351
1 7318451
1 9851475
1 4952331
1 7285062
1 1220820
1 4402959
1 924295
1 6749860
1 8466167
1 7515050
1 8866166
1 5476740
1 6919812
1 3533774
1 9672882
1 9133208
1 7026958
1 5433447
1 6461982
1 7869930
1 3650575
1 8430209
1 8723261
1 7544532
1 1071865
1 5522037
1 2600056
1 8495895
1 206696
1 9330337
1 5475538
1 8471544
1 4689484
1 9360629
1 3874700
1 3374178
1 2010685
1 305287
1 9413422
1 9913836
1 8332566
1 8117708
1 724891
1 4426089
1 1457974
1 1420910
1 2613389
1 3687933
1 6685391
1 425502
1 8047205
1 1734573
1 5482541
1 2431616
1 2227150
1 3149929
1 7037499
1 7743832
1 583891
1 428239
1 3249861
1 5832701
1 8727102
1 4164000
1 7453394
1 1823389
1 6289684
1 1956655
1 9268279
1 6040712
1 6080263
1 865446
1 5250102
1 3999379
1 8330792
1 1154960
1 3598375
1 5176562
1 5424530
1 7820604
1 5752799
1 8027336
1 8693193
1 4911597
1 4620974
1 4471642
1 4531678
1 3842887
1 5099296
1 7803492
1 5520707
1 5342012
1 3431426
1 7800024
1 786286
1 7305375
1 5198131
1 2104304
1 4707974
1 1646594
1 9510997
1 1818979
1 6459766
1 4929954
1 1962830
1 7919621
1 8733739
1 3777280
1 9702927
1 3707105
1 6094487
1 1624381
1 6034848
1 2524095
1 6078543
1 9019815
1 9514288
1 2858702
1 7212368
1 1409527
1 2380554
1 3237424
1 6021687
1 1501628
1 4516965
1 5517817
1 4075426
1 5787896
1 1040570
1 7240797
1 5671465
1 9597311
1 6839814
1 3640783
1 8935445
1 2116218
1 4634032
1 5993677
1 5130102
1 7758602
1 608676
1 9382153
1 1259905
1 77520
1 289324
1 1015589
1 1824865
1 7139121
1 1363109
1 4196360
1 7365190
1 6827139
1 1321280
1 1830445
1 1768300
1 5101547
1 9008976
1 5147488
1 5900212
1 1050120
1 3947021
1 4356227
1 1588061
1 9832821
1 1391663
1 7690396
1 1372029
1 9373767
1 3357517
1 1123903
1 8346787
1 699183
1 2299929
1 7384388
1 2944323
1 2388828
1 959067
1 357852
1 6925982
1 4341752
1 8216423
1 9589942
1 1189038
1 3371962
1 3463626
1 184729
1 7200228
1 5088078
1 4446500
1 8645156
1 431777
1 9231615
1 359454
1 5191808
1 2037672
1 8005447
1 8272428
1 2535095
1 6189492
1 5676578
1 3347076
1 2965877
1 1098328
1 5414989
1 5725650
1 200507
1 2456359
1 2500726
1 2986146
1 2594335
1 6514114
1 2471698
1 8746679
1 9190621
1 3523316
1 8598659
1 1146651
1 9676535
1 9470326
1 3596806
1 3197139
1 8724227
1 2060184
1 8976772
1 3167583
1 6711612
1 3759429
1 8641181
1 7316394
1 4710480
1 6576947
1 461197
1 2805645
1 5364010
1 4921074
1 9992912
1 7533805
1 8308766
1 4315362
1 2861371
1 5742525
1 9794396
1 8765088
1 1558343
1 64623
1 9918984
1 8325510
1 1700696
1 148203
1 2462013
1 7135474
1 3635841
1 5150324
1 6313483
1 7375012
1 7309021
1 2558414
1 2831760
1 7682686
1 6877441
1 5450705
1 7630967
1 5705536
1 8391204
1 4193262
1 1174204
1 9071263
1 7915906
1 9987907
1 9636566
1 7467734
1 3828184
1 481593
1 5919286
1 6875306
1 1337376
1 8690234
1 4528197
1 3762986
1 4604907
1 7923217
1 7850232
1 8853092
1 1115181
1 3386315
1 3061661
1 257426
1 3453563
1 7832229
1 3464103
1 3231895
1 5118015
1 2593757
1 9430127
1 7620494
1 1513264
1 7243143
1 9469011
1 3225914
1 9474816
1 1078763
1 2897229
1 7715055
1 1764425
1 8958730
1 2751627
1 5051277
1 810295
1 6398416
1 8473338
1 4530534
1 8270411
1 9349203
1 8971753
1 7491921
1 372063
1 7279444
1 4331873
1 8368886
1 9224249
1 8693897
1 3281361
1 5239270
1 9806077
1 2362262
1 1807783
1 4865090
1 5856650
1 7070250
1 1731722
1 5830215
1 5128115
1 6424485
1 9591836
1 1276969
1 9009517
1 4134094
1 5980486
1 1626376
1 4937114
1 9935285
1 2769168
1 2556063
1 3896974
1 3762001
1 6052760
1 2395134
1 7188787
1 3644929
1 6124664
1 9357250
1 8697350
1 7603430
1 6052079
1 2985730
1 6472216
1 7502545
1 6902623
1 743932
1 8185136
1 9877582
1 3147277
1 104487
1 9252502
1 90560
1 1200359
1 3919234
1 2082872
1 5932174
1 6800678
1 626889
1 3275957
1 1044598
1 3537274
1 9283159
1 9473701
1 2230539
1 1210543
1 9822087
1 5356008
1 982255
1 242054
1 5499509
1 4073259
1 3460105
1 9936521
1 2457508
1 2276476
1 6863408
1 9217757
1 1788136
1 5538405
1 1686868
1 3660651
1 8755173
1 9460135
1 7625759
1 86075
1 1969834
1 2665627
1 7950543
1 4297839
1 828236
1 5203528
1 5851364
1 9750189
1 8861833
1 3304126
1 3219363
1 6386470
1 7730698
1 3740435
1 9539310
1 9088040
1 5860398
1 928481
1 9306761
1 174817
1 6803026
1 7507242
1 1912830
1 2205987
1 703941
1 3390302
1 9701421
1 8481822
1 7250925
1 686208
1 7313138
1 7419274
1 7336272
1 1993472
1 4072030
1 438992
1 6069886
1 9967629
1 2649746
1 3038964
1 6470043
1 5550446
1 3151736
1 1674937
1 4715642
1 574313
1 1722941
1 4548111
1 5237316
1 1204925
1 6098412
1 5052587
1 5916152
1 5392866
1 2823721
1 9737872
1 8973116
1 5545579
1 5256053
1 8697775
1 5285114
1 7932178
1 7649035
1 9391961
1 9286326
1 336680
1 7657563
1 4758242
1 4653721
1 7232858
1 5987939
1 2126751
1 8396995
1 6529737
1 4744585
1 5318789
1 5665290
1 3021929
1 9980107
1 4844127
1 7047013
1 717541
1 4996862
1 5054877
1 6705274
1 5158805
1 2703336
1 1243244
1 5761652
1 4384941
1 9778298
1 6491897
1 9877613
1 4698416
1 5739616
1 3433527
1 1156320
1 7526220
1 1002892
1 4284886
1 3612894
1 4185157
1 2312896
1 4327294
1 8328280
1 6042897
1 7067860
1 8117520
1 3158874
1 784212
1 2096662
1 7141913
1 6429897
1 659862
1 6200410
1 6038235
1 7721921
1 1527841
1 3413822
1 7032201
1 3697232
1 1454005
1 7170196
1 6907699
1 8478880
1 3601581
1 9796062
1 7530114
1 9383086
1 3638628
1 277640
1 7949267
1 2389525
1 7842637
1 9868888
1 9370935
1 5782586
1 4446930
1 3441623
1 2758226
1 1864232
1 1853927
1 2941099
1 3469322
1 2584328
1 3851748
1 980947
1 2346742
1 3006951
1 8924402
1 2508781
1 914050
1 6094109
1 4730536
1 8114876
1 2695256
1 4022278
1 5202538
1 1305937
1 4892569
1 4053014
1 1619348
1 370169
1 4938369
1 7639546
1 2693661
1 1067141
1 5954587
1 9359344
1 1770359
1 2310757
1 5011529
1 2260511
1 1180380
1 5794270
1 8512588
1 1848160
1 9703650
1 171573
1 4308271
1 7087079
1 3519108
1 8132546
1 3511747
1 5782282
1 9016998
1 913832
1 2654295
1 3871908
1 4687604
1 5196198
1 4537996
1 84938
1 6526023
1 1776721
1 171649
1 8073802
1 7601550
1 3676510
1 5725826
1 3145104
1 8663695
1 4468605
1 3541569
1 5882880
1 6449471
1 4931236
1 2568808
1 7666633
1 3400595
1 3586158
1 2433012
1 1088631
1 7542651
1 5755574
1 1970683
1 8788572
1 6849701
1 6614343
1 4006022
1 5422911
1 6057099
1 407488
1 9527473
1 2452682
1 9243202
1 9636976
1 3499261
1 7989179
1 692914
1 9419944
1 9505525
1 3533064
1 155128
1 137584
1 1447508
1 6676977
1 8239476
1 4389130
1 750964
1 1756922
1 9720391
1 5606090
1 9006717
1 5381679
1 7366292
1 6858760
1 7579266
1 8020764
1 2560850
1 7263352
1 7208993
1 8520451
1 8851042
1 4631378
1 5747043
1 7136078
1 867066
1 6208962
1 1375051
1 251916
1 1632579
1 9993547
1 3257115
1 3351295
1 5450052
1 1056841
1 8818634
1 1950626
1 9229774
1 4984493
1 5345944
1 4188033
1 5975825
1 4669380
1 1683326
1 6624316
1 2411606
1 346293
1 6647183
1 3663482
1 9692334
1 6907014
1 9478015
1 7530192
1 6907280
1 5309945
1 6128754
1 6728269
1 6351497
1 8318532
1 4123705
1 7043224
1 8150140
1 1250421
1 1596860
1 7024157
1 8488702
1 7685412
1 5867410
1 8711200
1 8809114
1 5748848
1 9940331
1 7832828
1 5203863
1 4313384
1 1104301
1 2002174
1 2635339
1 9554788
1 8909334
1 9964196
1 290108
1 763053
1 2548952
1 1629623
1 476827
1 3027660
1 2689699
1 7259313
1 3794106
1 1467830
1 9991020
1 9227086
1 9841477
1 8174805
1 6598046
1 7553861
1 8458831
1 680749
1 5447229
1 4892568
1 5831680
1 5992255
1 4830227
1 6190291
1 8397538
1 2450212
1 1884168
1 2562571
1 2400812
1 4974380
1 6382820
1 805965
1 3460408
1 1088182
1 5404707
1 6425665
1 9796586
1 4544761
1 3883122
1 1913000
1 7167130
1 6243299
1 8849726
1 4500001
1 3139156
1 2418938
1 4769747
1 4258048
1 8551982
1 9215749
1 4347676
1 9013160
1 7653658
1 9322142
1 6577478
1 9910227
1 6722552
1 3859950
1 6506941
1 520243
1 7792598
1 1519251
1 6506236
1 8128414
1 516943
1 2544301
1 9109399
1 4527353
1 7198025
1 6730987
1 9312426
1 8685003
1 3476406
1 8482210
1 3853338
1 3935302
1 3360501
1 9131110
1 9869543
1 6277789
1 4954281
1 161791
1 2644032
1 3390896
1 449989
1 4354206
1 7642171
1 5793616
1 8854753
1 4941769
1 4372876
1 419755
1 5285798
1 400460
1 1817875
1 1747700
1 7452951
1 1456814
1 1907980
1 1290709
1 6144418
1 8783957
1 8962127
1 5198041
1 1046193
1 3862161
1 1083690
1 3339802
1 2017321
1 1506972
1 8994349
1 3965766
1 4981070
1 3016103
1 1951294
1 2084810
1 540774
1 4481581
1 8749676
1 7229073
1 5460412
1 3854469
1 1493449
1 3292284
1 633370
1 9742666
1 6161446
1 6291928
1 1171170
1 9143349
1 3643158
1 8716773
1 1669888
1 9696199
1 9237540
1 3767572
1 9681360
1 9738873
1 5136913
1 5291290
1 749208
1 2074459
1 4363746
1 5069634
1 4352023
1 1690368
1 8309556
1 8983552
1 4638648
1 6006298
1 2863095
1 3096417
1 677766
1 5307212
1 6858152
1 7400677
1 5332370
1 6221628
1 7248701
1 5740574
1 2777248
1 3585770
1 8122498
1 6810465
1 6551226
1 4743346
1 623741
1 6909703
1 60708
1 2317895
1 2683839
1 70446
1 6743789
1 3101596
1 5705067
1 4322292
1 4067663
1 2366719
1 1219767
1 9033902
1 2734018
1 1817361
1 7489496
1 5066689
1 4297599
1 3848088
1 1694791
1 2657211
1 4375571
1 6809120
1 7148642
1 7878625
1 7072049
1 3150038
1 140201
1 9923343
1 7101789
1 3797992
1 4297546
1 9062288
1 935501
1 182742
1 8294119
1 655470
1 7734594
1 3484737
1 2266878
1 1087304
1 8094362
1 638512
1 5597613
1 2257043
1 7245797
1 1141245
1 2394137
1 8402637
1 4128597
1 5691280
1 5139869
1 567247
1 5592678
1 8618507
1 6257548
1 1195424
1 7573532
1 9623580
1 3506717
1 5053671
1 3881544
1 9430258
1 1866964
1 9045234
1 9764836
1 3553144
1 4242796
1 9715008
1 3448608
1 6470055
1 3435615
1 1211773
1 913175
1 9030598
1 7664057
1 1318220
1 5868679
1 4495799
1 9261705
1 2780636
1 1798050
1 6397089
1 1132407
1 8973781
1 4073996
1 6143875
1 2298606
1 4102528
1 7137254
1 5239416
1 1661130
1 4460310
1 330932
1 5289885
1 1588398
1 3607797
1 9357712
1 6632345
1 6624971
1 9666085
1 1780276
1 8341381
1 4634825
1 5769186
1 3345752
1 7521641
1 1342083
1 7490807
1 2344342
1 6127656
1 867012
1 4537327
1 1621620
1 2380534
1 9028762
1 4395632
1 3775225
1 6267125
1 2076237
1 8799016
1 4736476
1 7790553
1 8653889
1 3166750
1 4344483
1 7617233
1 104026
1 1132062
1 4861007
1 3358579
1 1203772
1 3646447
1 8791375
1 3276307
1 7196400
1 1451649
1 1012072
1 1714399
1 1329141
1 8886579
1 9893347
1 8960119
1 6685122
1 9837359
1 4413576
1 6432872
1 3555133
1 3499301
1 8639340
1 7859596
1 2801736
1 9155685
1 5367388
1 689327
1 4670460
1 9271872
1 5683916
1 6096051
1 8069495
1 8692152
1 4751417
1 1332445
1 3955959
1 1722232
1 1153654
1 19414
1 1635696
1 8945503
1 1852710
1 6844544
1 3805720
1 3598612
1 4676324
1 2246528
1 133403
1 8490657
1 4224554
1 1228401
1 6362561
1 7239828
1 2080071
1 5121979
1 9812741
1 7720894
1 2734158
1 2877465
1 9447780
1 4851238
1 121057
1 6266489
1 4892793
1 405112
1 6647233
1 2556148
1 6986591
1 3429809
1 3426959
1 1253176
1 2919689
1 4483558
1 3776445
1 2678080
1 129131
1 3392963
1 7109169
1 778498
1 7493323
1 4913096
1 3369001
1 8966262
1 7750306
1 5548837
1 8326366
1 2369756
1 534667
1 9289895
1 461326
1 3869497
1 6323921
1 6242907
1 6458047
1 7700242
1 8531348
1 6727368
1 5829874
1 9642920
1 3602803
1 7763371
1 5902983
1 5809476
1 1026809
1 8033574
1 1800300
1 6392148
1 6814036
1 5749268
1 8392202
1 6302881
1 8401568
1 4374685
1 3033744
1 4055696
1 9761706
1 7017851
1 6281949
1 9525726
1 5600449
1 8680855
1 2506462
1 7932038
1 7903068
1 4571280
1 2769252
1 2173898
1 3165186
1 4847259
1 753225
1 3606331
1 9679280
1 5508587
1 9384646
1 1133239
1 607277
1 558233
1 8282821
1 9209064
1 5340700
1 572084
1 1133591
1 3078723
1 7926653
1 4430375
1 280408
1 2751098
1 3265198
1 6437673
1 3893076
1 753179
1 3740166
1 7684770
1 6114957
1 218917
1 7930253
1 7820961
1 2083037
1 1609197
1 3984227
1 654574
1 5455975
1 8629615
1 212743
1 41075
1 8917705
1 3407144
1 3993830
1 7551267
1 3381839
1 6905571
1 7052232
1 9995535
1 1306284
1 4966414
1 6852907
1 4742993
1 7315272
1 8282272
1 7277044
1 1675442
1 4430774
1 8067712
1 9089099
1 948936
1 5450867
1 269211
1 9915554
1 9787291
1 1900284
1 5483740
1 9771207
1 8218759
1 4650800
1 4682140
1 9320456
1 8695333
1 7735075
1 9866946
1 7105709
1 608964
1 8908660
1 431685
1 8627054
1 411907
1 3967782
1 2608100
1 3478917
1 4528360
1 4930348
1 1461170
1 1175564
1 9041033
1 4108230
1 3695538
1 1663539
1 1010439
1 7577748
1 1082934
1 2281068
1 2741161
1 7728392
1 7086866
1 326165
1 9016689
1 3656069
1 7939971
1 8739601
1 274159
1 2406644
1 9072317
1 2811295
1 9903739
1 3704793
1 9593814
1 5131769
1 6801720
1 9160303
1 5191313
1 4679701
1 9681402
1 8894333
1 6711511
1 5993563
1 2247101
1 830736
1 2688795
1 7529359
1 3657196
1 1932443
1 2899568
1 9453611
1 7134126
1 5667205
1 3195450
1 8076138
1 3833649
1 124991
1 6902224
1 387015
1 345828
1 6767192
1 2119482
1 9705495
1 2344754
1 8969364
1 737408
1 3065852
1 7696496
1 7762361
1 1269987
1 9938579
1 8853408
1 8572555
1 4358513
1 261090
1 9065471
1 3582460
1 2156035
1 3241938
1 2644789
1 6380160
1 7968299
1 8262268
1 9213292
1 2617981
1 9149079
1 9649827
1 465899
1 8277818
1 869561
1 5340249
1 3823226
1 3280671
1 9650719
1 7772090
1 8561609
1 3977128
1 9503818
1 5402760
1 4757299
1 8907402
1 5835456
1 7869765
1 6708552
1 4850447
1 5216433
1 501359
1 2393513
1 1187219
1 8116979
1 2352829
1 9018998
1 3272310
1 793167
1 1699459
1 6642290
1 9320905
1 8159110
1 4035051
1 1134424
1 6000039
1 8420706
1 6758050
1 6733295
1 6039944
1 9903921
1 7028479
1 2769532
1 5704066
1 4445111
1 9449435
1 2350565
1 7957518
1 8909323
1 9165926
1 5459980
1 8189626
1 4844894
1 4039883
1 3571873
1 5257926
1 1017559
1 1327164
1 6956329
1 9879766
1 2332763
1 3458146
1 2462603
1 2509552
1 7867590
1 2396951
1 6841074
1 644204
1 4474749
1 7178774
1 9783043
1 9890681
1 9127146
1 5499933
1 6317579
1 5945054
1 1817681
1 4482931
1 5537817
1 9586834
1 7620749
1 5416072
1 7577674
1 1118006
1 8357174
1 3652601
1 1393854
1 4511334
1 9753587
1 4441311
1 2339002
1 885103
1 9136969
1 2112443
1 9746025
1 187592
1 9434157
1 6449622
1 8720205
1 8348573
1 1280978
1 2934656
1 7246169
1 775960
1 8134609
1 8113882
1 8869006
1 2122867
1 5145491
1 8554429
1 8357509
1 3663452
1 94434
1 4775578
1 7139218
1 8310067
1 5541055
1 8991017
1 139070
1 2439149
1 1328154
1 5734746
1 1263499
1 7806957
1 6659109
1 2186750
1 3285083
1 5888104
1 5062271
1 4726790
1 3278396
1 8019656
1 750232
1 1523223
1 4443400
1 4835078
1 5103189
1 8460627
1 5792589
1 3454605
1 7817583
1 2867027
1 7652867
1 3002223
1 3411536
1 1619541
1 5390790
1 9682427
1 7054238
1 2088074
1 442951
1 9920898
1 1639498
1 904646
1 7249671
1 9196083
1 6831392
1 5885358
1 5562994
1 4762630
1 3979663
1 4472537
1 2487459
1 3983323
1 9079448
1 3929790
1 5974052
1 8524938
1 7409083
1 4712232
1 8184603
1 62386
1 1233297
1 3408609
1 9864762
1 59695
1 2374600
1 6982794
1 7064495
1 8652798
1 4367995
1 679008
1 6735076
1 8650510
1 1906895
1 4048149
1 378960
1 8295255
1 4133481
1 4084142
1 8827619
1 6420515
1 4607928
1 1963961
1 1013582
1 8915507
1 5147941
1 9221501
1 1649411
1 6252926
1 7362657
1 3543481
1 8855731
1 2787441
1 9166277
1 7280957
1 1837272
1 7019242
1 943806
1 2670507
1 1692367
1 4496301
1 8323618
1 953618
1 9872755
1 6071372
1 6114378
1 2956581
1 8322492
1 2831959
1 8136006
1 4566914
1 2138179
1 6629244
1 9631168
1 326882
1 6523265
1 2447022
1 7908750
1 8870549
1 1036394
1 4556840
1 2789272
1 4380000
1 4781575
1 1793951
1 6175753
1 5356446
1 545348
1 6801096
1 869351
1 2656562
1 6410350
1 7301870
1 2601299
1 3275706
1 1867035
1 8330907
1 8320959
1 4157502
1 7670239
1 2513770
1 85788
1 709632
1 4048382
1 4450294
1 465957
1 879251
1 9874947
1 9518825
1 1519242
1 4649250
1 9583283
1 1504905
1 8845146
1 4008526
1 1480984
1 9553791
1 3022610
1 3886066
1 9354155
1 6985576
1 1926479
1 1778226
1 6055945
1 9388424
1 3841382
1 6540189
1 3999416
1 4608252
1 3850162
1 8619518
1 1844746
1 2571128
1 859191
1 4486238
1 132088
1 6300613
1 8275690
1 2281097
1 3395246
1 613881
1 8260341
1 7261648
1 4494893
1 3261831
1 1337587
1 1670603
1 1499585
1 8192593
1 2171518
1 4253348
1 3929380
1 6293748
1 9166293
1 4338291
1 210903
1 6754113
1 4830590
1 594069
1 3700157
1 9700524
1 4364774
1 2142884
1 7412374
1 7515403
1 9856215
1 2051090
1 9242149
1 9754230
1 6572868
1 3817333
1 9314418
1 4516766
1 2918811
1 2885572
1 3230091
1 9078299
1 8318667
1 7562931
1 424214
1 121435
1 7523259
1 3001002
1 5894008
1 3851143
1 5756167
1 1855711
1 7340671
1 1567622
1 6397543
1 4258600
1 4469305
1 797436
1 8819079
1 1521473
1 1704333
1 1376483
1 9268331
1 896971
1 1542743
1 9328478
1 1903025
1 3895867
1 9278322
1 383339
1 1878480
1 8666605
1 3177245
1 4496479
1 1522065
1 6592183
1 796815
1 3187549
1 1952506
1 4461858
1 9733017
1 5230839
1 2494437
1 8158098
1 5992844
1 3929228
1 3829403
1 225581
1 3564781
1 3110458
1 5370399
1 3821926
1 7478266
1 3353386
1 8721421
1 4974759
1 2478209
1 2110817
1 5587829
1 1643325
1 7576746
1 9858356
1 6415240
1 9019861
1 4352743
1 965734
1 6803629
1 3752279
1 7279292
1 5914209
1 1091760
1 9210838
1 1809417
1 808463
1 2253327
1 800368
1 3301841
1 1132839
1 3997678
1 4372775
1 8912484
1 6494306
1 5696822
1 5655575
1 865946
1 9477850
1 1066817
1 1742694
1 3290278
1 2156323
1 3957806
1 156028
1 6507778
1 7702685
1 9322496
1 3078647
1 4683054
1 8199408
1 7775854
1 6852705
1 9050272
1 4425028
1 7833813
1 8028588
1 1663071
1 8037025
1 5195324
1 417432
1 6617557
1 6866365
1 7145233
1 4469269
1 9767343
1 3786138
1 5643583
1 9269363
1 9433778
1 6934293
1 7479808
1 9156694
1 1064367
1 9641658
1 2435023
1 6692766
1 2042157
1 7913889
1 2963787
1 8835493
1 1400129
1 2834047
1 3588580
1 5081898
1 7854548
1 6906194
1 9338055
1 8925120
1 774319
1 945049
1 5920938
1 6270361
1 9585841
1 1572734
1 7479348
1 78809
1 3026997
1 6270783
1 4720650
1 1093821
1 763910
1 5401492
1 5105156
1 9946589
1 8358395
1 6230896
1 9402409
1 396595
1 1276384
1 237555
1 46495
1 7380791
1 1297372
1 8917682
1 2772336
1 6650804
1 9522423
1 9377300
1 3161016
1 6677191
1 2015993
1 2843787
1 489597
1 4601135
1 1338760
1 4311645
1 3651395
1 4993719
1 5012055
1 1101828
1 4224913
1 1627265
1 8813658
1 7729205
1 4383890
1 1802076
1 1146792
1 4745176
1 4048541
1 9922659
1 2607847
1 5024301
1 4731128
1 7266106
1 883862
1 5114320
1 4187333
1 8014405
1 8376170
1 6741280
1 644019
1 1997103
1 4954453
1 4812438
1 6956016
1 2274866
1 3880350
1 8050865
1 4326178
1 6933728
1 8402079
1 958353
1 4781237
1 1501689
1 6498180
1 9527330
1 3080629
1 5754015
1 206436
1 1897617
1 8328110
1 6176640
1 9279176
1 1462399
1 453093
1 2366149
1 9151839
1 863183
1 7531236
1 9814031
1 1119197
1 4004970
1 2566450
1 1978512
1 4907838
1 7674283
1 2159955
1 886332
1 6354379
1 7835452
1 569429
1 4375570
1 265668
1 229491
1 168227
1 6364340
1 7512036
1 5024816
1 9744581
1 4078349
1 9126299
1 4437825
1 603650
1 2886887
1 8816041
1 3567716
1 1227667
1 112603
1 4671248
1 6786783
1 1479096
1 8916037
1 8069494
1 4965521
1 4391768
1 6332827
1 7347572
1 6560516
1 7559677
1 4276913
1 2506696
1 8763958
1 4387614
1 5836696
1 9691727
1 9069929
1 3969545
1 2784828
1 7965235
1 1261323
1 5851092
1 1608705
1 9500869
1 8707999
1 9148089
1 4406785
1 8314124
1 2354145
1 2975969
1 4944656
1 6841813
1 5561369
1 8817942
1 6420160
1 8596450
1 4522525
1 1479741
1 1885038
1 1286716
1 2895284
1 4889674
1 3802365
1 666971
1 5051948
1 2177344
1 3651550
1 3640216
1 8425248
1 3933861
1 2037621
1 5555769
1 8728618
1 1985509
1 4616848
1 2526008
1 327002
1 7633806
1 7123115
1 3648254
1 8994602
1 7465971
1 3662078
1 2348841
1 313216
1 4196875
1 2635382
1 2238390
1 1583294
1 6745243
1 2007073
1 3352591
1 4400334
1 5342477
1 9424003
1 2883972
1 932947
1 6129650
1 8775936
1 9131616
1 287981
1 3858105
1 1135781
1 5348508
1 1310790
1 1112346
1 2336124
1 1075218
1 230689
1 1748662
1 7871650
1 2970753
1 9165174
1 4397335
1 8835981
1 259436
1 4663506
1 9030598
1 6604384
1 4741482
1 751358
1 9807958
1 1227209
1 7701915
1 4953185
1 8599633
1 9880253
1 4181166
1 2556864
1 3512736
1 5415178
1 405309
1 9492629
1 9547252
1 3577095
1 189329
1 2423877
1 8617520
1 2456351
1 8167908
1 6741924
1 5563170
1 254468
1 1567620
1 6315516
1 1029120
1 2775725
1 754434
1 6536393
1 9511186
1 4729806
1 2896088
1 4554427
1 7116761
1 6230132
1 4207551
1 6144561
1 852946
1 9624692
1 1848502
1 732015
1 9167840
1 9107228
1 7406971
1 7758974
1 1980607
1 4395297
1 4228934
1 7824027
1 6141904
1 5782157
1 3212905
1 1771336
1 7818379
1 4029085
1 9331082
1 8441987
1 5209350
1 4037399
1 4266973
1 1185414
1 2762378
1 2590144
1 4362472
1 5888585
1 8974107
1 5957620
1 453193
1 7255170
1 5719845
1 5404114
1 2551201
1 7760134
1 7030628
1 7448055
1 6289684
1 2688647
1 2589415
1 5338201
1 2677734
1 254118
1 5209141
1 3304938
1 9676374
1 3773740
1 5683004
1 1442518
1 4316988
1 5066789
1 5641981
1 4663801
1 2721595
1 2527635
1 40161
1 8877584
1 5510201
1 6339974
1 9555748
1 1390062
1 2974293
1 6780758
1 1338615
1 8133796
1 350233
1 6851933
1 9849634
1 7980008
1 8644519
1 6934878
1 3350914
1 5793478
1 9197544
1 8495131
1 1467112
1 5578598
1 3459593
1 4367956
1 3616349
1 6643392
1 2489678
1 6888268
1 9492574
1 3354859
1 7900779
1 1704270
1 4464935
1 9172375
1 1998941
1 5751975
1 705152
1 9995858
1 6884558
1 6414490
1 1674601
1 5281755
1 5985317
1 8137183
1 6904846
1 5188418
1 3209949
1 2045650
1 2095093
1 3024388
1 4943035
1 8058772
1 8831721
1 4226232
1 5495960
1 757193
1 6677955
1 4186086
1 263355
1 7108438
1 3655900
1 2067296
1 5766552
1 1955461
1 8644550
1 4873985
1 7601440
1 6653569
1 8767128
1 4633555
1 6215181
1 2923915
1 8923531
1 1706394
1 8848608
1 8919270
1 8609366
1 4225893
1 7182577
1 7283159
1 8633087
1 7250628
1 9942305
1 7301265
1 8680823
1 6113131
1 7532799
1 5324531
1 906447
1 5916623
1 378828
1 1549846
1 334499
1 5921670
1 8870584
1 2614414
1 609089
1 9420569
1 4193948
1 8925536
1 3150198
1 4642696
1 5347047
1 5439029
1 7877012
1 5234445
1 6088483
1 1312789
1 9148255
1 2964732
1 9305040
1 5600750
1 1890503
1 8711385
1 5596195
1 2646616
1 8530151
1 9299039
1 7663471
1 6211708
1 8779239
1 9568869
1 4320930
1 9691314
1 6670067
1 8316204
1 2021893
1 7230008
1 4121906
1 1103452
1 4044561
1 8407110
1 3227558
1 3185407
1 1781386
1 6123867
1 7152476
1 3580479
1 5649437
1 4158749
1 8798440
1 8799101
1 2789771
1 3794858
1 8060050
1 7346138
1 9918144
1 6422074
1 8410848
1 7987835
1 4850328
1 3035849
1 7593856
1 415324
1 3785405
1 9834737
1 5464155
1 7466782
1 3290770
1 8257308
1 1567920
1 6642383
1 9070880
1 7765642
1 2736654
1 9943999
1 8133739
1 7980172
1 4768561
1 6530515
1 5373659
1 8159875
1 2462131
1 546360
1 7150104
1 4372100
1 6370336
1 4014720
1 7201894
1 5728633
1 7456810
1 8633220
1 5963653
1 7915121
1 3989667
1 2883589
1 7729491
1 4180295
1 729747
1 9452512
1 3244392
1 4609618
1 3653279
1 6850500
1 5857329
1 1983314
1 1123432
1 8170741
1 3820158
1 3637409
1 1048160
1 8450039
1 1847025
1 319913
1 8423601
1 330032
1 727845
1 6909422
1 3956174
1 4777788
1 2779046
1 714195
1 9878003
1 4764955
1 2584233
1 2199945
1 8282894
1 9366118
1 4496038
1 9499527
1 6638984
1 4315665
1 7955511
1 1838228
1 1242250
1 7249235
1 2993250
1 3646764
1 7305986
1 3019104
1 4698770
1 5108202
1 8422675
1 3877825
1 5572673
1 5033689
1 3165994
1 7947089
1 1077621
1 5732700
1 7014678
1 304774
1 3417592
1 4426390
1 5259039
1 9188011
1 1515110
1 6323276
1 4322745
1 4801349
1 6439345
1 3306803
1 6003188
1 8593338
1 6990056
1 7682909
1 9059210
1 1551970
1 3594194
1 1224307
1 8898711
1 8104642
1 7436821
1 1743282
1 6043836
1 8016074
1 9655129
1 7005447
1 6170513
1 3548153
1 6041228
1 6157702
1 5743046
1 1769082
1 2241455
1 9012737
1 6297821
1 9333624
1 6947810
1 8281151
1 9555803
1 4364125
1 1588086
1 8063031
1 1868568
1 8333332
1 3531692
1 2854989
1 6009447
1 6003994
1 4671313
1 7035857
1 8049795
1 992837
1 7022960
1 9968676
1 1604445
1 1315155
1 2261699
1 1761548
1 7316655
1 8977768
1 1359893
1 8698452
1 300234
1 1684563
1 177417
1 6606789
1 7455371
1 5309260
1 2697247
1 8036213
1 5549394
1 9775490
1 2285586
1 5009638
1 7991951
1 7633157
1 665215
1 9626985
1 8264999
1 8378425
1 8104584
1 1891167
1 6927398
1 2126505
1 7622217
1 6531804
1 8885981
1 4104633
1 1505920
1 8759636
1 4716209
1 3345975
1 8997797
1 5058758
1 645978
1 913067
1 3864649
1 8209174
1 8119342
1 9135934
1 9139241
1 9480953
1 7796195
1 9098231
1 7283508
1 5830594
1 9697100
1 6608746
1 5622608
1 1064493
1 8923905
1 8966099
1 573186
1 8897758
1 7616765
1 4857294
1 316430
1 3428701
1 4102163
1 5729818
1 453876
1 1812482
1 9259322
1 7356907
1 7843832
1 2415993
1 6829659
1 7590412
1 293681
1 2486459
1 5081055
1 2767755
1 9030819
1 2696028
1 2555036
1 7033523
1 5535761
1 8775227
1 1314875
1 8724155
1 4470442
1 5920375
1 6157806
1 3363436
1 8532404
1 240462
1 2712302
1 8879014
1 9014182
1 1746546
1 8923774
1 8592515
1 7386720
1 5769650
1 5877593
1 9952419
1 858225
1 9732086
1 7288723
1 7493102
1 8129536
1 3434734
1 9227814
1 360377
1 8942465
1 8880242
1 6757560
1 4556315
1 4876447
1 9532250
1 4133802
1 7698224
1 7122338
1 3361098
1 8459698
1 1335963
1 8254378
1 460671
1 767200
1 9381970
1 4885498
1 7569029
1 87340
1 2670308
1 306981
1 1879213
1 4773517
1 1449361
1 3747420
1 6981873
1 6029653
1 8422106
1 9564905
1 3075367
1 2149953
1 6171328
1 8673964
1 7660010
1 433535
1 1961827
1 494537
1 9995726
1 5702406
1 2813852
1 2742248
1 6768634
1 5372926
1 2111875
1 8541612
1 5051043
1 2875021
1 9979930
1 8978373
1 5891162
1 1583273
1 878159
1 1933276
1 853490
1 864276
1 8201162
1 7539287
1 9005853
1 1808064
1 4142456
1 7642400
1 6985823
1 9531569
1 5126960
1 4035453
1 2179620
1 3651873
1 2030750
1 1233768
1 3598218
1 6646225
1 2079440
1 5205924
1 5551554
1 9236952
1 1630601
1 439556
1 2443402
1 9327499
1 6168775
1 8316903
1 2610230
1 2163210
1 7928875
1 8727300
1 9793310
1 9524768
1 464626
1 7313583
1 5888334
1 9555778
1 8754858
1 9605982
1 2137841
1 8572245
1 1772540
1 1155213
1 4832843
1 5880283
1 8019175
1 2875679
1 2042452
1 6824498
1 7477322
1 6356561
1 6221946
1 3630926
1 4051683
1 1193364
1 5093895
1 1840638
1 5656175
1 924297
1 2402568
1 4580960
1 6918320
1 2391162
1 7263357
1 3226146
1 7389323
1 1990653
1 3284206
1 1009400
1 9050698
1 6424721
1 6647935
1 1004448
1 8801228
1 9070358
1 1765025
1 7396434
1 2606305
1 3880098
1 2975316
1 1006271
1 2939230
1 3622243
1 7955929
1 503651
1 4996867
1 571942
1 1342400
1 8167839
1 5385434
1 6943187
1 3571873
1 5700380
1 4902135
1 9422438
1 6566103
1 1407949
1 6114869
1 1559962
1 4983815
1 9710011
1 3718528
1 9655725
1 1349182
1 4944678
1 2162519
1 6874720
1 3824837
1 6199258
1 2262208
1 5802027
1 9311016
1 8489711
1 9039564
1 7516714
1 3374183
1 8109953
1 1884660
1 8614165
1 1175660
1 32588
1 203239
1 2992560
1 5060686
1 1600698
1 5317710
1 6457412
1 2891695
1 4050272
1 8575198
1 1622256
1 135537
1 5907318
1 2059961
1 7316300
1 2222805
1 1499024
1 6924983
1 3982414
1 9247357
1 7753694
1 5180781
1 5762277
1 4781551
1 7672269
1 9537458
1 7002681
1 8308201
1 4622510
1 2344672
1 7497831
1 5428570
1 7893628
1 166341
1 5287336
1 8169626
1 1211289
1 2162280
1 3169412
1 7636878
1 3758647
1 50567
1 1798375
1 5263773
1 8081640
1 367278
1 8796673
1 7806600
1 3136676
1 8821008
1 4133582
1 6749991
1 2773143
1 1170550
1 5700535
1 6136260
1 7103618
1 9651923
1 4227861
1 4418660
1 6605218
1 6763626
1 6404587
1 3739926
1 179168
1 3002574
1 6455740
1 7259354
1 6965126
1 5270971
1 2407391
1 8977336
1 9986474
1 7056021
1 4278026
1 2914073
1 8788678
1 1410238
1 1024940
1 9996952
1 4813166
1 8622160
1 7331191
1 4877147
1 9238238
1 7454152
1 4246712
1 681120
1 6902373
1 5865139
1 9990342
1 6748070
1 5745776
1 8272009
1 6804806
1 6086674
1 1475461
1 4251123
1 210232
1 1260012
1 8381937
1 4845415
1 8317521
1 5064478
1 3109715
1 8158086
1 5210279
1 3128568
1 6006030
1 6687520
1 4625182
1 403885
1 9187426
1 3692223
1 8517584
1 2925398
1 3411100
1 3051459
1 1396254
1 2682937
1 7051756
1 3376043
1 8717820
1 6918736
1 8384465
1 3790751
1 5575898
1 968654
1 6408371
1 9578619
1 345280
1 2556744
1 500244
1 411602
1 9933484
1 7572176
1 7110751
1 6190810
1 2765158
1 1170366
1 3023376
1 7634386
1 4133311
1 6891379
1 7585413
1 4838293
1 7623873
1 2347041
1 1179128
1 1560117
1 624169
1 242273
1 94682
1 9504271
1 7038946
1 5424469
1 3541572
1 8655136
1 9356240
1 812575
1 7051329
1 8429367
1 4320998
1 8405602
1 1727655
1 58262
1 4870746
1 8860911
1 9212357
1 7086519
1 4497214
1 7031137
1 3829292
1 8649467
1 9306453
1 5164433
1 4491314
1 2674857
1 9557484
1 9771379
1 7949057
1 6748223
1 6837950
1 6580049
1 6431427
1 2236510
1 1576327
1 7847365
1 7654525
1 987074
1 3213963
1 9790025
1 9362242
1 3821601
1 4871917
1 5670798
1 697492
1 7089950
1 114637
1 3554354
1 7307835
1 2265595
1 7910586
1 1191741
1 481854
1 5328983
1 2530058
1 7323077
1 3440919
1 2222446
1 3270221
1 9993487
1 9942969
1 7468517
1 8471433
1 1108403
1 1120837
1 5632856
1 4064616
1 3437753
1 693494
1 3639301
1 8702016
1 9796459
1 6587590
1 436181
1 4416450
1 5906513
1 1346900
1 2541031
1 8670989
1 7734909
1 5257628
1 8998701
1 8803177
1 5583699
1 9363103
1 8829947
1 5544118
1 8200986
1 3261237
1 7520764
1 4622330
1 2260077
1 457273
1 923795
1 5253791
1 790860
1 2501093
1 9509790
1 9834255
1 7724354
1 1379785
1 1062826
1 1903515
1 8339973
1 2536791
1 9401761
1 4715232
1 1672907
1 4403328
1 7877564
1 3198345
1 6475652
1 4681421
1 3865438
1 6582782
1 176992
1 7878295
1 1459092
1 6090546
1 523218
1 4442654
1 9044653
1 5148284
1 4053693
1 2951040
1 3286708
1 871026
1 6268036
1 8335989
1 8504777
1 4602445
1 134114
1 3627420
1 6254979
1 9560270
1 6992385
1 1681473
1 6032655
1 6939066
1 4056956
1 8885914
1 249306
1 4399592
1 620248
1 551796
1 3278114
1 8190194
1 9183371
1 5281391
1 1297306
1 583872
1 1783564
1 3157125
1 6671615
1 7450511
1 4976284
1 2061871
1 1676657
1 8466724
1 1389267
1 2109702
1 2876905
1 938428
1 4914339
1 3898146
1 162005
1 9054415
1 7653399
1 9012123
1 8986801
1 7447358
1 7598565
1 1600036
1 6628431
1 2378763
1 5693856
1 9581460
1 9124687
1 2182979
1 8328284
1 1892972
1 274591
1 9893096
1 6523256
1 1931187
1 9517006
1 3727212
1 9960920
1 2382594
1 4215557
1 8678820
1 9335106
1 4334618
1 7307567
1 4776595
1 9419439
1 2782194
1 9613225
1 9737891
1 1037276
1 5228526
1 6886056
1 2870704
1 4866692
1 6674764
1 689293
1 8236745
1 4560300
1 4921564
1 1456738
1 1790041
1 9522367
1 6889850
1 9701086
1 300564
1 4956914
1 6556107
1 5437776
1 8607627
1 1026044
1 5159973
1 7833917
1 2995911
1 1206268
1 8174172
1 6723892
1 4436904
1 4825683
1 1011294
1 7522638
1 7165557
1 3154181
1 4122883
1 3808071
1 6508212
1 4260249
1 5643485
1 3760563
1 1315819
1 2069192
1 5564271
1 5002396
1 9840763
1 4695242
1 1452928
1 226743
1 8374171
1 8837197
1 5318002
1 5204355
1 4315121
1 4209338
1 2479775
1 4025568
1 8672597
1 150015
1 5909632
1 4256479
1 1971535
1 3863219
1 2871449
1 3920957
1 4091039
1 3975626
1 6962057
1 5752619
1 4454779
1 8723856
1 698097
1 9958517
1 9967729
1 338896
1 3351461
1 100583
1 9840667
1 8167213
1 3957884
1 3750909
1 1715568
1 6690453
1 2109337
1 2727887
1 931963
1 1059311
1 5237132
1 504050
1 2745542
1 1984511
1 6177771
1 8288404
1 6409122
1 1394240
1 461045
1 9672356
1 9197025
1 546932
1 6973679
1 335448
1 224232
1 3891087
1 3159763
1 3505371
1 841782
1 9341985
1 6523341
1 4098735
1 1631267
1 1093422
1 8565168
1 8404968
1 4676512
1 7727461
1 2675252
1 3682355
1 2608274
1 1344804
1 4272560
1 5174230
1 7965176
1 7744456
1 9141729
1 7550113
1 9369893
1 5853562
1 802069
1 4687698
1 2742166
1 3326964
1 4114386
1 4023344
1 2341247
1 4527186
1 8181660
1 5566091
1 7540457
1 2832549
1 3395200
1 3600972
1 7553606
1 4485827
1 5666488
1 9712997
1 8606840
1 9132241
1 7197442
1 3036707
1 315150
1 6681557
1 6766518
1 6437092
1 4655074
1 6863633
1 9144957
1 2490706
1 946919
1 3499218
1 3293669
1 8201920
1 9540371
1 8367097
1 2109029
1 9113319
1 5057017
1 3093322
1 3459719
1 5889550
1 615823
1 8409197
1 9655517
1 3462932
1 8666771
1 9776997
1 436788
1 4212377
1 8227136
1 9652900
1 4087826
1 3335089
1 9387332
1 9012794
1 168286
1 2644045
1 7687570
1 5935315
1 3598401
1 1868776
1 7936620
1 2695609
1 8992352
1 7409104
1 6940947
1 6831535
1 3676609
1 2458455
1 3295993
1 2195143
1 1733647
1 2873053
1 9231725
1 1025465
1 4629826
1 406937
1 2284220
1 699862
1 8415566
1 9715719
1 2340381
1 7294100
1 1895484
1 7441245
1 1353981
1 5501488
1 9909455
1 7300294
1 4097989
1 2922649
1 1298793
1 257312
1 2044309
1 3732942
1 2195249
1 3259291
1 2340217
1 7049939
1 3341111
1 6887925
1 7596976
1 62683
1 7741236
1 1136672
1 146680
1 7526469
1 1427826
1 6703869
1 6550285
1 367304
1 5166114
1 5286872
1 8322607
1 4370541
1 8792765
1 6594810
1 3152852
1 5257882
1 3339240
1 3791044
1 877760
1 5397276
1 6821845
1 3535594
1 7346710
1 4583108
1 6697154
1 4977599
1 7208020
1 6502588
1 2478141
1 1563632
1 9955561
1 7631431
1 9785166
1 1341645
1 2716850
1 7819068
1 9236603
1 6968533
1 7916584
1 8803266
1 8697603
1 7141996
1 6372421
1 8283143
1 8634863
1 3851105
1 7102910
1 1779547
1 665072
1 6826879
1 4055769
1 9108658
1 6296983
1 1589525
1 9503329
1 965761
1 3941074
1 4926623
1 9966425
1 7802503
1 4456562
1 1915243
1 481104
1 8580754
1 280127
1 9412353
1 4513532
1 7040286
1 5404490
1 5802793
1 9794079
1 3206279
1 2512525
1 7178652
1 7486458
1 7474017
1 7288575
1 8759331
1 6856343
1 1553774
1 2487126
1 6436748
1 1674907
1 326548
1 918738
1 5363317
1 9033188
1 8709051
1 9548586
1 8701674
1 40263
1 2280295
1 9449164
1 306672
1 7937246
1 7671978
1 1392832
1 7499075
1 7931809
1 5355940
1 6246208
1 3984295
1 3314600
1 6494156
1 171280
1 2179268
1 5857907
1 621442
1 1561712
1 21981
1 1495022
1 4477248
1 7524117
1 8593121
1 9036935
1 3221862
1 1108173
1 584597
1 3381484
1 1053546
1 3079845
1 4793267
1 4234184
1 136016
1 9099486
1 6498313
1 9095137
1 1494072
1 2596019
1 542678
1 1971348
1 6269213
1 5389300
1 2377437
1 3305666
1 2127106
1 3343276
1 9781708
1 1532202
1 6685354
1 5366197
1 3822130
1 4136773
1 4921517
1 7419866
1 638236
1 987947
1 8417969
1 9464975
1 1786384
1 6087502
1 638548
1 4908663
1 8071153
1 8649801
1 8916776
1 1646464
1 7099617
1 5601865
1 2106565
1 3072950
1 4384444
1 5519485
1 8816091
1 4061753
1 4567308
1 7297190
1 2935559
1 7739189
1 1030718
1 5860884
1 7731519
1 7852986
1 3293165
1 9278412
1 8119488
1 7197784
1 1375159
1 9128181
1 8759640
1 6694900
1 3516586
1 4672243
1 6424698
1 1868754
1 9496578
1 6850017
1 4048510
1 4903437
1 9197856
1 8113028
1 9542071
1 1347806
1 3900440
1 5928832
1 8557875
1 3962886
1 8571828
1 5148692
1 8645534
1 3215918
1 4624669
1 2385849
1 6941183
1 6606204
1 5377613
1 973768
1 6584964
1 5572565
1 530869
1 2198242
1 4664671
1 346827
1 5536947
1 3305633
1 9491847
1 320167
1 9540810
1 9922202
1 4722020
1 6325969
1 617392
1 7687473
1 893097
1 5964905
1 6194148
1 210993
1 3623625
1 2579624
1 8477926
1 3774180
1 4739397
1 809829
1 5450888
1 6005678
1 4682980
1 2423931
1 2284849
1 8132571
1 8141827
1 949758
1 7174225
1 4209750
1 4529226
1 8495341
1 9209432
1 740210
1 5324882
1 1497150
1 6882071
1 4522741
1 220085
1 1267225
1 1691512
1 9662999
1 1254202
1 2082263
1 8962472
1 1660698
1 1996985
1 9054570
1 7673553
1 1697576
1 7579674
1 1046030
1 5837522
1 5726364
1 4269540
1 2158905
1 2463889
1 5073160
1 8508238
1 3981176
1 2077448
1 196382
1 6613216
1 9953123
1 9084854
1 5628074
1 5922066
1 8665926
1 3611977
1 1992463
1 7348198
1 5023055
1 9653338
1 8209521
1 1396307
1 3408040
1 2462183
1 1979933
1 6011756
1 6120018
1 1230128
1 8096608
1 1866563
1 1878760
1 5700540
1 7383052
1 5066009
1 1275523
1 8348142
1 4274078
1 5016354
1 3934629
1 8618982
1 8618158
1 3901725
1 9346427
1 775329
1 7619535
1 485421
1 6068477
1 4975941
1 5375072
1 2497927
1 9293819
1 6014776
1 1010971
1 2026026
1 7806092
1 6397958
1 61433
1 2511105
1 7941442
1 6203566
1 9695360
1 1223822
1 6564044
1 2764942
1 2466225
1 8484015
1 1585632
1 386722
1 7413679
1 9211024
1 7715028
1 3906882
1 2124855
1 1309632
1 8303460
1 3696312
1 6753109
1 6536404
1 786918
1 4329607
1 860480
1 4244996
1 1586694
1 8112705
1 5451619
1 4763697
1 6054036
1 403171
1 3810558
1 6444207
1 8331704
1 6948778
1 6649123
1 355102
1 4597976
1 1703337
1 7622396
1 226766
1 6219597
1 5104877
1 2084158
1 9743352
1 820593
1 3358513
1 136643
1 4652797
1 1390880
1 3212987
1 9163242
1 5402638
1 4103183
1 4569662
1 15837
1 3261604
1 8855912
1 2609974
1 4609125
1 1746649
1 8565926
1 6822816
1 5437806
1 5529448
1 9705206
1 8274739
1 7958231
1 9349932
1 6884079
1 7835274
1 3378417
1 2731806
1 4727761
1 6162282
1 9792501
1 2412170
1 6726322
1 4700327
1 8443475
1 2497397
1 2413349
1 7900624
1 375971
1 4532260
1 3132078
1 4823669
1 3331061
1 7443463
1 8444514
1 597254
1 2252778
1 5449514
1 7993377
1 7126324
1 2359293
1 5561493
1 6050707
1 4918902
1 122375
1 9927596
1 6572644
1 1492095
1 963538
1 9035124
1 6337327
1 9053301
1 5089908
1 1246407
1 920742
1 5808595
1 9472749
1 1276044
1 2680877
1 6674165
1 3073210
1 6445490
1 2407749
1 9990393
1 9839913
1 5772330
1 5090107
1 9848224
1 5339536
1 7069892
1 2603992
1 2844122
1 1529980
1 4492989
1 884588
1 2363492
1 581293
1 2313179
1 1349969
1 3963036
1 3597491
1 1861052
1 3805884
1 3395800
1 4356389
1 3493731
1 6070277
1 8808909
1 2791932
1 8256122
1 783146
1 7953364
1 1805568
1 8933983
1 9459008
1 2192454
1 2444225
1 7543243
1 1048955
1 8252872
1 3290036
1 8984746
1 9249016
1 4420153
1 2391491
1 86049
1 1675378
1 2006099
1 8856974
1 860485
1 8337422
1 5118501
1 2717424
1 3540837
1 5316253
1 4786440
1 6962168
1 9449650
1 7146322
1 7131052
1 9107268
1 3784468
1 1841375
1 6569843
1 239746
1 5885513
1 4431992
1 2181562
1 3254285
1 5888421
1 2643242
1 3871226
1 5966424
1 5009623
1 415424
1 3157544
1 2166133
1 171362
1 7651399
1 3395908
1 5114742
1 9050267
1 9934784
1 4987902
1 508912
1 336945
1 2918554
1 8103209
1 646266
1 9649975
1 3793390
1 8252337
1 3343647
1 1220090
1 4704174
1 2896787
1 2878935
1 7700435
1 5838673
1 5086136
1 1421923
1 888839
1 1866480
1 2562126
1 6521367
1 3272403
1 9671827
1 6938108
1 4870557
1 3860227
1 7072640
1 2808653
1 9884599
1 6873181
1 5092081
1 1153941
1 6178000
1 1004259
1 760086
1 7690091
1 926592
1 6532767
1 2931705
1 9251766
1 3099059
1 3568068
1 8470625
1 8848609
1 6519693
1 6582133
1 6284792
1 9544927
1 9593833
1 9895940
1 5843421
1 5529328
1 3693534
1 3065283
1 355085
1 2616366
1 7490584
1 6953221
1 2039382
1 7142178
1 9066983
1 5306764
1 578897
1 6334474
1 134053
1 1010270
1 42769
1 9805350
1 17899
1 5289863
1 6599827
1 5186854
1 6195145
1 6049818
1 4873106
1 5632793
1 1845029
1 2332013
1 6299065
1 5674462
1 5493252
1 9418038
1 4562648
1 747186
1 270343
1 1558114
1 5188098
1 9338195
1 2738200
1 7116460
1 7282542
1 9904846
1 9125621
1 3044087
1 4901695
1 9848472
1 5411722
1 4724214
1 3918741
1 5117020
1 6446426
1 5680991
1 1350964
1 4118870
1 5274059
1 9267994
1 3692614
1 9937885
1 9993754
1 8382599
1 5100831
1 2844551
1 5992276
1 1918185
1 5839192
1 3616052
1 3001094
1 1138987
1 7350881
1 9418553
1 5504213
1 933398
1 4082555
1 4865104
1 5453097
1 7960412
1 5574155
1 1894244
1 2906681
1 9842562
1 8051274
1 4851695
1 2972331
1 4344300
1 6048967
1 2533435
1 9576655
1 4144772
1 575178
1 3174482
1 4046492
1 8906230
1 2823320
1 4715433
1 2677043
1 3926731
1 7705662
1 6050624
1 4977999
1 2691743
1 3941906
1 7163854
1 8521986
1 7460701
1 3598755
1 831683
1 6238141
1 8819458
1 7794987
1 9629190
1 4230851
1 709650
1 5439779
1 9387619
1 4690490
1 6774256
1 551234
1 3626258
1 8803922
1 2178151
1 6617003
1 678513
1 1573348
1 6964837
1 3319581
1 6126889
1 9999014
1 8653875
1 1132353
1 7191299
1 8242413
1 818561
1 5236075
1 9516139
1 932995
1 6290989
1 4113686
1 4777044
1 1942314
1 754970
1 3964012
1 4702071
1 1301286
1 7827379
1 7238044
1 8047633
1 9339113
1 407895
1 4780344
1 862483
1 7001505
1 5182532
1 5501591
1 6536109
1 1181870
1 8841997
1 8866805
1 8053397
1 7320952
1 5764975
1 4639519
1 3958857
1 5652037
1 5174220
1 5675990
1 8349113
1 6802899
1 9585475
1 9448089
1 4354410
1 9942705
1 3793541
1 459101
1 8055750
1 8383386
1 9151370
1 6198012
1 7657378
1 987573
1 1576481
1 9328547
1 429664
1 7915075
1 3270913
1 7366589
1 323008
1 8572012
1 3554501
1 9366999
1 741846
1 4678771
1 7860617
1 3920093
1 395222
1 6380794
1 3277196
1 4329973
1 62248
1 9408322
1 7711605
1 7158748
1 128961
1 6730886
1 7703667
1 7842237
1 3566540
1 8158952
1 47558
1 6837711
1 8150805
1 4156439
1 9663536
1 9387987
1 4952789
1 7774398
1 2735609
1 56000
1 5324125
1 3307172
1 3834377
1 3865450
1 819082
1 7272448
1 2984872
1 5707146
1 5023574
1 9285788
1 3626261
1 5284871
1 550131
1 1335988
1 6509062
1 8595029
1 5743191
1 7320974
1 5467206
1 3029952
1 389009
1 5596642
1 1093509
1 7343013
1 6038773
1 1205067
1 6862938
1 3564332
1 646992
1 3847860
1 5954997
1 7221089
1 9074436
1 1245587
1 1269240
1 6778438
1 1225969
1 5002629
1 3841442
1 5543696
1 5661118
1 5222514
1 9850507
1 5048367
1 6976930
1 4900535
1 7968766
1 5167409
1 5477486
1 8712865
1 4659985
1 1837867
1 8888172
1 3741832
1 3125996
1 2486937
1 3165508
1 615282
1 9496372
1 5460788
1 9002513
1 6276535
1 3346232
1 3284924
1 287816
1 151484
1 6786354
1 4621965
1 8090922
1 8639249
1 6475213
1 4858173
1 5959633
1 3350538
1 5736750
1 7958432
1 3282444
1 2320003
1 7870684
1 6087576
1 6314380
1 2089370
1 4361490
1 3233620
1 826704
1 382025
1 2765655
1 8573262
1 7032822
1 3422271
1 9140454
1 3018719
1 5333406
1 2033017
1 1687551
1 6565379
1 7668403
1 1567198
1 7894728
1 7031100
1 5365452
1 3065434
1 1130192
1 9636981
1 2352814
1 5902822
1 9111064
1 4796952
1 3096729
1 6498587
1 1839993
1 3732813
1 6139052
1 7608063
1 694689
1 1199201
1 8407125
1 9480993
1 3147255
1 103699
1 9449532
1 7258336
1 4896553
1 859384
1 2659862
1 6424230
1 7573817
1 5489821
1 1477709
1 1003878
1 529736
1 5454001
1 4240966
1 6338484
1 5678668
1 6996967
1 2016312
1 893023
1 22393
1 3912243
1 6809289
1 3869212
1 6730463
1 9925348
1 1251831
1 4444441
1 6229520
1 3899581
1 5140036
1 8414973
1 8614054
1 3344419
1 5916453
1 4789506
1 5222386
1 1767933
1 2244028
1 7595181
1 8757356
1 1670317
1 9642235
1 6167763
1 583257
1 8397443
1 8073983
1 7260633
1 1275133
1 1524553
1 2720812
1 8813035
1 2674717
1 2811368
1 6443389
1 1669639
1 8266807
1 6264189
1 6427915
1 4830924
1 7785338
1 3221614
1 5393642
1 9182737
1 9476153
1 2729727
1 6299242
1 7974082
1 4073756
1 903616
1 3694486
1 9458563
1 6549240
1 494949
1 7718726
1 6126250
1 2144810
1 136063
1 3085508
1 1677935
1 1235260
1 7480728
1 4880495
1 6854296
1 2117677
1 7608838
1 4334242
1 1373574
1 1017315
1 8420161
1 8847889
1 2086725
1 6678524
1 9132222
1 2415378
1 2369510
1 3169025
1 3922573
1 4091675
1 6155552
1 5324933
1 639729
1 2662239
1 7149907
1 3332647
1 6054235
1 6593522
1 8821836
1 811957
1 9289747
1 926620
1 7414998
1 5540415
1 7818448
1 8511913
1 4038072
1 1867368
1 6856943
1 3661237
1 2640893
1 2924648
1 9698845
1 4132591
1 7433506
1 9212505
1 8954673
1 9923038
1 3316387
1 9148732
1 4619438
1 5624516
1 7759277
1 7025074
1 4135909
1 9372190
1 5664667
1 1176978
1 8396560
1 7054256
1 6815221
1 9498671
1 1541131
1 9979342
1 3398521
1 4908180
1 7680238
1 9486884
1 8760572
1 3177263
1 1454555
1 8864286
1 9370458
1 7741033
1 7114373
1 3889023
1 8450934
1 7737563
1 3695582
1 4605105
1 896388
1 4328657
1 9218879
1 286261
1 8128440
1 6295502
1 5020946
1 6177079
1 2624966
1 3332317
1 7927518
1 4513518
1 3695899
1 365592
1 2417654
1 4456781
1 8133006
1 6864318
1 3544437
1 1109181
1 6642692
1 522027
1 46189
1 2368008
1 2329726
1 2887622
1 7236833
1 405391
1 9731399
1 997703
1 2420023
1 4213758
1 2439040
1 5487889
1 1802280
1 4596017
1 620893
1 288045
1 5955126
1 8387073
1 7227831
1 2724731
1 271373
1 4955084
1 7914271
1 3825468
1 4575513
1 695855
1 60303
1 7499498
1 1708284
1 587950
1 258166
1 5832309
1 2528763
1 4653619
1 6257459
1 7505728
1 6082603
1 2050374
1 6026
1 9019697
1 4424795
1 1660240
1 4106801
1 761238
1 6867532
1 6059465
1 1440740
1 9960594
1 1127482
1 1329050
1 1222483
1 3106778
1 6488901
1 9668296
1 9050883
1 3358750
1 7206377
1 1777266
1 7620500
1 9210738
1 1778821
1 6770822
1 4000066
1 7963511
1 6465699
1 3857029
1 3449470
1 8902367
1 3880114
1 6540584
1 9644229
1 4410664
1 9149387
1 3537783
1 5663276
1 7480535
1 4604653
1 4227943
1 1077136
1 4494597
1 6219206
1 1209933
1 8973364
1 9644845
1 8820395
1 9314847
1 3327916
1 4965302
1 6806506
1 5389188
1 5003283
1 3861051
1 1634126
1 9429869
1 1738206
1 8153725
1 5451039
1 8214664
1 4090906
1 3346642
1 2896486
1 1664163
1 588164
1 3014232
1 1282880
1 4563682
1 2984259
1 2801966
1 6108725
1 2455664
1 9605840
1 7330084
1 2729221
1 6918325
1 1112023
1 6431682
1 7786545
1 6090150
1 5256609
1 3028599
1 8929504
1 3270467
1 3018870
1 8606276
1 445705
1 8953716
1 6747137
1 3411784
1 2697799
1 7840445
1 52151
1 6655119
1 785882
1 6619551
1 2180378
1 6146377
1 2396753
1 6641287
1 3824561
1 4364974
1 9841763
1 5467588
1 4983397
1 7992097
1 4807565
1 5826709
1 3970055
1 9481358
1 2683119
1 8925772
1 8131981
1 9175214
1 9699278
1 3300484
1 6843669
1 5359994
1 3064132
1 4588682
1 29636
1 5306171
1 5615335
1 3373233
1 7349346
1 8041564
1 5983227
1 2885677
1 9008181
1 5031649
1 3290049
1 2943334
1 8532311
1 7238544
1 1213324
1 6656630
1 4232776
1 7852049
1 3188657
1 7290706
1 5323652
1 885215
1 4706703
1 726639
1 157418
1 4904108
1 6982422
1 9717898
1 5074075
1 4532901
1 5560647
1 8348379
1 6461133
1 8595720
1 919965
1 6939006
1 9760728
1 7781585
1 1578375
1 1170398
1 8679337
1 4017907
1 4946888
1 6608195
1 8828601
1 6273932
1 4665515
1 6572456
1 1142887
1 8407983
1 9613936
1 9898098
1 4955703
1 9021210
1 3758519
1 6548686
1 6491228
1 6896575
1 9101642
1 9569317
1 3372862
1 178902
1 3475636
1 1545775
1 5174694
1 1645292
1 3461094
1 1993139
1 6656038
1 4522055
1 7672711
1 7959752
1 3369896
1 9791263
1 9368804
1 560467
1 6592993
1 5507184
1 2088363
1 2411097
1 3688017
1 316068
1 9043560
1 1595117
1 3192508
1 4460364
1 3262397
1 5480592
1 1186181
1 7401133
1 2868251
1 6040741
1 4274706
1 9933311
1 3410926
1 4530602
1 2118577
1 3019963
1 5268541
1 3323636
1 6506125
1 3279024
1 8779487
1 3811821
1 7367432
1 6529927
1 2387904
1 4215877
1 1318958
1 9840305
1 6373421
1 2713572
1 3893163
1 3526711
1 4797705
1 7509113
1 5402859
1 7070824
1 5448952
1 9377178
1 479319
1 2480822
1 7046567
1 426304
1 6895250
1 3135087
1 3220989
1 4342852
1 344235
1 5256865
1 891645
1 6300598
1 7839855
1 7887641
1 942613
1 8914617
1 7717660
1 7721853
1 6426665
1 7507643
1 9066038
1 2767437
1 1500324
1 4816185
1 2974478
1 312039
1 7103336
1 100569
1 2030936
1 1341777
1 8800566
1 6010740
1 8191078
1 2104256
1 1676021
1 7275956
1 6106484
1 3919800
1 6206217
1 4135562
1 1069899
1 7275570
1 451965
1 5783079
1 7991928
1 2436728
1 1816724
1 9360544
1 4560637
1 9124729
1 5723756
1 9407292
1 3434950
1 4484518
1 3057822
1 3013982
1 8947333
1 7791425
1 4617808
1 8629054
1 8744171
1 8424636
1 2396048
1 9074640
1 8415110
1 2648929
1 4167618
1 1389378
1 6865226
1 2119209
1 830384
1 2604363
1 922247
1 7917118
1 7659161
1 7929480
1 5164451
1 2741386
1 5666760
1 1689776
1 4995125
1 9820022
1 6378838
1 5200124
1 5655155
1 4536974
1 4439181
1 3839635
1 7761658
1 1807729
1 5228425
1 3487663
1 6917202
1 8274889
1 6255907
1 1737049
1 2412437
1 8834938
1 1949045
1 2114164
1 8937657
1 8920011
1 2846281
1 276030
1 3821658
1 5693214
1 1321807
1 6154271
1 7382659
1 7749879
1 6486622
1 9287631
1 5446549
1 5436464
1 9149626
1 7854809
1 5689187
1 4216746
1 8928796
1 8102212
1 1295727
1 6941238
1 5655643
1 3731797
1 5679635
1 2712335
1 8560506
1 219098
1 615779
1 7971320
1 7419123
1 8403596
1 6342071
1 8418218
1 1501519
1 770158
1 2398725
1 2821528
1 8708021
1 8540859
1 8045727
1 3890785
1 9691772
1 8474301
1 9614934
1 5231245
1 7543617
1 1163355
1 3597140
1 9227898
1 2138190
1 2601405
1 1223355
1 9090904
1 8560885
1 9958759
1 5340075
1 5470088
1 749588
1 242802
1 9682681
1 1916080
1 9116363
1 715956
1 7071718
1 6832709
1 8964671
1 4664124
1 3021766
1 1936345
1 5998255
1 4255959
1 7313539
1 1446093
1 4144741
1 5249359
1 744025
1 2651525
1 256115
1 7048347
1 2704885
1 548202
1 652223
1 6843485
1 4814388
1 4363376
1 8354444
1 1388494
1 2869984
1 6335842
1 3544727
1 8308949
1 5814064
1 4272080
1 2612300
1 9246722
1 7646585
1 5854489
1 4621595
1 5201445
1 7586283
1 5882712
1 5917012
1 2839242
1 9899493
1 7134559
1 7777686
1 8441438
1 7181201
1 4039672
1 7644841
1 4813075
1 3206477
1 1640296
1 747065
1 3125956
1 180519
1 9749837
1 403110
1 8949452
1 1646529
1 7173196
1 1871911
1 941983
1 9348532
1 3139136
1 90252
1 2913830
1 8771977
1 6087038
1 8263198
1 109863
1 2021661
1 3216348
1 2716635
1 2124198
1 7343697
1 238753
1 1852601
1 1875244
1 8105806
1 7603412
1 5240862
1 9698279
1 691157
1 2072302
1 8906381
1 3454044
1 6235196
1 8309160
1 4996733
1 7923300
1 9158769
1 3631583
1 2833157
1 1848795
1 6776927
1 3555454
1 6180746
1 5969048
1 5651221
1 3298264
1 5142608
1 5481082
1 4602220
1 3770271
1 4998268
1 6675924
1 8204088
1 7295668
1 4086135
1 9742852
1 8322782
1 3213757
1 3824062
1 1311132
1 4686243
1 9817570
1 8246382
1 9714448
1 2055199
1 5773038
1 5371786
1 8738412
1 7911087
1 4343366
1 9277368
1 8805703
1 5789419
1 4009766
1 3412123
1 2006443
1 1700825
1 3939495
1 8791215
1 3333375
1 2028265
1 3263032
1 6362582
1 1006682
1 1574693
1 711290
1 1356431
1 4835351
1 6017829
1 810345
1 7925036
1 810446
1 6313241
1 1795082
1 7618222
1 2281963
1 5485835
1 2324974
1 7039153
1 5662820
1 6869178
1 7561418
1 4565786
1 9158487
1 2587768
1 1564953
1 2500002
1 158067
1 387292
1 9351147
1 5845278
1 5111087
1 2239516
1 3338885
1 4865422
1 6573576
1 9821710
1 9299448
1 8218640
1 4421450
1 4656426
1 549255
1 5374864
1 9044030
1 7244113
1 2587149
1 5675559
1 3357317
1 5983176
1 2280466
1 9103745
1 9574009
1 8536519
1 6861062
1 7751547
1 5622402
1 6480732
1 688292
1 2931186
1 9250342
1 8603265
1 662902
1 1252532
1 3003369
1 3866560
1 2287331
1 6205016
1 6430906
1 6521100
1 350207
1 2263464
1 1069506
1 6159370
1 352539
1 4919534
1 3827266
1 9151476
1 8033204
1 4593138
1 1717598
1 5225283
1 4864494
1 1042770
1 2850225
1 8118422
1 5564204
1 1210498
1 8147313
1 6214527
1 5468814
1 1887878
1 2877823
1 3837426
1 494550
1 2146944
1 3776783
1 2258103
1 3838829
1 7367594
1 8970210
1 2821245
1 1038791
1 6017827
1 463904
1 9458516
1 6225352
1 7231695
1 3639533
1 298955
1 338461
1 4555095
1 9056733
1 6572190
1 6905527
1 3927278
1 4264656
1 109836
1 399561
1 6781993
1 9917862
1 5349042
1 9791588
1 5526819
1 1340327
1 1911103
1 7227791
1 352878
1 8138057
1 5881217
1 7733450
1 1094287
1 6039937
1 8294588
1 8192119
1 4505554
1 5100314
1 5879046
1 1850713
1 2630934
1 7053245
1 8910543
1 2238895
1 8088852
1 5381361
1 6592939
1 1671810
1 1117043
1 5071681
1 2893330
1 9881320
1 8983149
1 1818615
1 4910746
1 9873012
1 235608
1 2836221
1 1112196
1 5942785
1 5881729
1 7225969
1 3721554
1 7051347
1 7284757
1 5849873
1 6697126
1 1028309
1 162550
1 8597283
1 8049919
1 9597756
1 4124074
1 9594948
1 8302811
1 2536962
1 7471747
1 2708593
1 1367982
1 2882463
1 954467
1 5794166
1 8556025
1 6645135
1 401874
1 7223252
1 3218815
1 5769731
1 2554206
1 6692754
1 5100495
1 7820196
1 5570483
1 7877134
1 4301649
1 1561038
1 670251
1 5233163
1 7287899
1 1950105
1 971505
1 8139812
1 2052483
1 5318207
1 5467050
1 9581135
1 5614038
1 2378023
1 667498
1 2488250
1 1804236
1 7699002
1 2598001
1 7665816
1 1258675
1 6445274
1 1902178
1 873458
1 648759
1 6777830
1 5494338
1 143090
1 7855585
1 3828679
1 5804975
1 8547185
1 7289960
1 397680
1 5912186
1 8671500
1 8115649
1 1609574
1 1024567
1 5376787
1 2862518
1 9135539
1 3058756
1 1185159
1 1729052
1 6717442
1 4604154
1 1482768
1 660274
1 812539
1 3761957
1 8272228
1 3274010
1 7341345
1 7243613
1 2414410
1 573449
1 3236947
1 9152289
1 636146
1 9236300
1 1258657
1 6488831
1 2927513
1 6031604
1 1741817
1 1002250
1 900401
1 8208684
1 3448107
1 912433
1 2257318
1 3554119
1 9208150
1 4953398
1 5320238
1 8320381
1 9987508
1 98717
1 8999505
1 3710067
1 6840987
1 6501963
1 5572611
1 5029748
1 11315
1 7952920
1 3128327
1 3910110
1 8586818
1 9189367
1 1948140
1 1335540
1 212070
1 9848669
1 3469110
1 3090885
1 3193260
1 1334512
1 8567453
1 7911004
1 127000
1 8768950
1 5838270
1 2023910
1 3846291
1 4886500
1 4269659
1 1969115
1 866177
1 7338235
1 7903669
1 2160686
1 6524725
1 8243922
1 3269897
1 4659427
1 2296131
1 8615663
1 1134951
1 8336320
1 381052
1 4083021
1 9178556
1 1718365
1 9877563
1 3984706
1 7298533
1 7730917
1 2244708
1 3571678
1 677317
1 8678230
1 5583597
1 7518342
1 7952059
1 6755427
1 2592897
1 6642655
1 4560109
1 7114690
1 1428297
1 7353118
1 7612892
1 271121
1 8893933
1 43704
1 6414216
1 2689668
1 7550196
1 4060879
1 6235305
1 6859540
1 793574
1 1988366
1 1980608
1 5113312
1 796669
1 6966732
1 2447292
1 9656371
1 4512713
1 6814820
1 4547678
1 4228774
1 5640549
1 1054359
1 3133834
1 510608
1 27643
1 7309436
1 9895497
1 4325739
1 5139844
1 9126504
1 8610083
1 4408348
1 4796374
1 1577576
1 9192263
1 6157643
1 9236730
1 1339826
1 332924
1 8771105
1 1957177
1 6148237
1 7207243
1 3065725
1 7490431
1 2172416
1 902224
1 4883000
1 1748349
1 7809076
1 1283762
1 3272730
1 1774594
1 6729920
1 1022800
1 3041571
1 4578491
1 2307344
1 2108763
1 5552523
1 851547
1 6796959
1 5770515
1 2592267
1 8640720
1 5718086
1 7844203
1 8561367
1 1733268
1 5624197
1 1849129
1 346737
1 7561850
1 640446
1 3937747
1 2797002
1 7125279
1 7859420
1 8205117
1 6978784
1 6770678
1 4565413
1 6231031
1 1609022
1 4023291
1 1556151
1 7152789
1 1180811
1 8256309
1 6087366
1 9825289
1 8202275
1 9657071
1 3328250
1 1361312
1 2469117
1 4725583
1 3789047
1 4062074
1 1048847
1 2407210
1 2310684
1 7086894
1 6175844
1 3849333
1 4865896
1 7967012
1 3148012
1 440298
1 3825653
1 7240799
1 9508559
1 4787566
1 3686502
1 7138720
1 5501610
1 534640
1 3557566
1 4997189
1 8249802
1 8502947
1 8764733
1 9536338
1 2989299
1 9090189
1 2997184
1 4129906
1 8419856
1 3419915
1 8365311
1 3269633
1 1537812
1 3298028
1 6481300
1 9315427
1 139756
1 7041377
1 5820372
1 5568899
1 7161060
1 257278
1 6617269
1 3980794
1 7836753
1 1442999
1 42314
1 9761603
1 5808106
1 792983
1 8193802
1 3816529
1 6604041
1 1891819
1 5657288
1 2591864
1 8848486
1 4200863
1 2708816
1 4860380
1 6981013
1 2731090
1 5367763
1 390572
1 2178272
1 5982357
1 3864865
1 8390632
1 1324961
1 2030526
1 2199815
1 4185519
1 5389101
1 8186127
1 9358320
1 4106229
1 1623054
1 9027035
1 6084909
1 9583752
1 2856079
1 6529419
1 4348175
1 5920662
1 6818118
1 8661614
1 57561
1 7273756
1 5717558
1 9922332
1 2850595
1 4307197
1 5839065
1 9729316
1 6677488
1 1559827
1 2250038
1 2031708
1 3987775
1 7572938
1 7943728
1 1058812
1 971815
1 4712942
1 4207669
1 7327098
1 9367569
1 3400940
1 8450637
1 9964571
1 810493
1 1439252
1 6307787
1 8757909
1 9778878
1 2708822
1 6642506
1 5776508
1 9311157
1 4147958
1 8017749
1 773127
1 6587737
1 8521416
1 28358
1 538587
1 5080110
1 6135722
1 5256486
1 722005
1 1537581
1 2218410
1 2710347
1 2038482
1 8382224
1 6290542
1 8485268
1 1250901
1 3042739
1 761819
1 2734383
1 1584845
1 9098866
1 5371937
1 1838026
1 1389267
1 1960722
1 8648318
1 4612851
1 5529345
1 4977750
1 5213061
1 5978359
1 2154724
1 9853222
1 5166838
1 9558027
1 2658543
1 7916272
1 1035394
1 2412920
1 5530222
1 6246282
1 4555515
1 5038885
1 4002475
1 667731
1 7452418
1 2490485
1 6666179
1 5739565
1 9998691
1 382072
1 596934
1 2029265
1 6812548
1 8411441
1 8305375
1 5877217
1 9893558
1 1441832
1 2106193
1 4768832
1 376254
1 8497778
1 9660316
1 2918526
1 7576868
1 3104725
1 7709974
1 7776450
1 5309544
1 8134482
1 7903416
1 8974776
1 3379683
1 6960953
1 7021168
1 9634354
1 4427968
1 9612154
1 1621112
1 22163
1 3333793
1 1336167
1 184727
1 8910455
1 5044615
1 1333779
1 7124739
1 44364
1 2953327
1 4335661
1 9621338
1 2898401
1 8988317
1 5131404
1 8095824
1 8149252
1 8817920
1 3748083
1 1160037
1 3818882
1 265215
1 1218799
1 2551759
1 7765379
1 7159809
1 1631038
1 2999308
1 9047195
1 7209943
1 7918653
1 6664183
1 8003027
1 4810841
1 9980682
1 7620661
1 2060138
1 2093228
1 3230148
1 5251675
1 9806216
1 4364098
1 7385194
1 2514330
1 7117124
1 3525814
1 1108532
1 3502201
1 9397637
1 1017727
1 1524711
1 9177970
1 3816169
1 5837337
1 4210392
1 8520504
1 5398024
1 6009468
1 1209213
1 647635
1 4657032
1 3129825
1 34066
1 9336744
1 2602346
1 8369474
1 6753578
1 6814733
1 3400385
1 6831175
1 3051189
1 5130687
1 7040501
1 1339461
1 8168867
1 4374842
1 7197821
1 3416681
1 4149332
1 848604
1 6618901
1 1886210
1 3619365
1 8629750
1 4531123
1 165965
1 3246221
1 7537908
1 2269401
1 5658573
1 7085691
1 112848
1 3552745
1 4673883
1 858421
1 8434237
1 4752390
1 874025
1 8543289
1 734647
1 708455
1 1222700
1 4388566
1 8148667
1 7018765
1 6860023
1 1807948
1 6625721
1 3444935
1 8420022
1 8065316
1 3225196
1 1473385
1 5146747
1 2735918
1 1103695
1 4140453
1 6128872
1 4194428
1 733312
1 9459129
1 4413086
1 7975337
1 1609655
1 4850897
1 9281735
1 9541663
1 3812937
1 909867
1 6355463
1 2319695
1 3882072
1 603174
1 6163659
1 9316328
1 2618310
1 6705462
1 4045037
1 3795806
1 4212629
1 2247141
1 9232113
1 8782430
1 1538554
1 8258310
1 7983549
1 9389798
1 9830699
1 1233685
1 5685919
1 4166625
1 5145724
1 2921086
1 708551
1 7643527
1 4750290
1 5344950
1 1829391
1 6084362
1 8969930
1 3978683
1 9984850
1 3438392
1 9795593
1 8552522
1 4514428
1 8944072
1 3482348
1 1089211
1 8911591
1 4251643
1 7981798
1 3476315
1 4324548
1 672808
1 8069853
1 1353431
1 6137588
1 1984783
1 7096818
1 993897
1 9631648
1 8615566
1 7265578
1 4433164
1 8267942
1 4439200
1 8375228
1 9477585
1 5089582
1 1510119
1 9646476
1 6410070
1 9097474
1 5738900
1 2711218
1 6918507
1 2372989
1 519925
1 6874687
1 503496
1 8911679
1 7142594
1 8127212
1 2037194
1 6346462
1 7602842
1 4123258
1 1066872
1 3260077
1 1716402
1 3276887
1 6147429
1 2835933
1 2326854
1 476280
1 1006707
1 1366843
1 2614075
1 5849918
1 1671648
1 3282408
1 6543562
1 4543038
1 8892987
1 7092917
1 4149360
1 370548
1 4276399
1 5329326
1 2425671
1 2695105
1 66229
1 9714606
1 3778095
1 4600275
1 6824947
1 2986236
1 6540670
1 7807074
1 3076054
1 3064398
1 4963789
1 3268293
1 9569590
1 7938931
1 4561507
1 8949866
1 4628657
1 9390366
1 3609939
1 5484470
1 3566937
1 7374693
1 9359973
1 1878295
1 7820433
1 2556189
1 6863430
1 4450583
1 1562158
1 3874258
1 7124369
1 437389
1 5456948
1 7936830
1 2426465
1 7628944
1 1884736
1 5124961
1 6430233
1 8581191
1 1927005
1 5371287
1 6371892
1 1103314
1 1121744
1 4038899
1 7856436
1 8072669
1 3920725
1 3808802
1 5890214
1 4750072
1 7381502
1 4536886
1 8537808
1 6126636
1 5329141
1 2704578
1 233151
1 5481701
1 3298985
1 9242018
1 8842490
1 9830880
1 9466864
1 9324811
1 5006766
1 6375397
1 2442664
1 1394673
1 7748413
1 43918
1 154795
1 7434855
1 3232157
1 5111625
1 3467030
1 6811945
1 5549392
1 4920934
1 8905713
1 3558163
1 9861328
1 5656723
1 9400520
1 4409400
1 2620961
1 2384778
1 1496527
1 3871352
1 1096417
1 9326299
1 3119572
1 8975342
1 9543051
1 6603378
1 7126543
1 2470435
1 4579039
1 7194493
1 7280374
1 2461330
1 6265180
1 5617727
1 5501990
1 8985666
1 292198
1 2420186
1 4430403
1 9645092
1 2217409
1 8498139
1 2891284
1 2530464
1 509567
1 7153460
1 3930108
1 6283656
1 6400269
1 3304899
1 8808885
1 9718161
1 835804
1 3809242
1 6970501
1 7575320
1 7371864
1 3868460
1 2204569
1 5131151
1 5264506
1 6832307
1 3900300
1 4296686
1 3692234
1 5423414
1 5341313
1 2503446
1 7678985
1 8421306
1 2106178
1 1268527
1 3672288
1 5602100
1 6668445
1 9405822
1 1643552
1 1360969
1 3465725
1 424559
1 6085433
1 85224
1 7252912
1 9781910
1 1548161
1 5602145
1 1756024
1 4415047
1 7407919
1 7239738
1 7730652
1 3814666
1 9143155
1 8030962
1 9875522
1 8788861
1 8506018
1 1053705
1 7831073
1 1920781
1 6995416
1 3113663
1 143324
1 9636788
1 1222042
1 8438347
1 2377113
1 7148250
1 4102867
1 155139
1 1875575
1 1346848
1 8937657
1 3042109
1 9822996
1 9036386
1 7623531
1 2928436
1 5098143
1 5552132
1 9240845
1 8485530
1 8001030
1 1829357
1 4735534
1 7070916
1 7461229
1 1061531
1 8092862
1 3938003
1 5065702
1 3186819
1 9007384
1 427666
1 4589489
1 2216817
1 3106956
1 8052205
1 7844917
1 2367957
1 2214258
1 8797075
1 1902009
1 9441779
1 9865582
1 1987406
1 2853813
1 8287788
1 7994728
1 8193106
1 4925546
1 5205789
1 5257257
1 2683312
1 8660746
1 7778658
1 4520714
1 6682046
1 225674
1 8602925
1 9447368
1 3820300
1 1002883
1 5278362
1 4467974
1 1423782
1 4545340
1 6987304
1 6384898
1 3112857
1 5941463
1 2953834
1 8833371
1 8940424
1 1396127
1 399293
1 8571819
1 4430853
1 660054
1 4293233
1 9146985
1 8789338
1 1668020
1 4944031
1 8879640
1 8933730
1 7780333
1 7636959
1 9076958
1 8092106
1 7412468
1 8959847
1 4605034
1 1369826
1 6639527
1 74804
1 801438
1 772100
1 6060229
1 4195957
1 4793339
1 3658608
1 828823
1 1972188
1 5731637
1 1126595
1 4684960
1 8994897
1 4075814
1 5808371
1 2616075
1 1861309
1 7216846
1 8840114
1 6324428
1 2125523
1 8718379
1 9912497
1 2795783
1 9660799
1 4515585
1 123579
1 4489063
1 3479417
1 1824446
1 8225093
1 524308
1 8372911
1 90452
1 9783977
1 6039542
1 4975746
1 3431244
1 7578404
1 9793107
1 4868907
1 3357923
1 3844520
1 6790355
1 631759
1 1719125
1 9020404
1 7422546
1 2650133
1 8281140
1 3099140
1 5196414
1 200408
1 1047625
1 9898433
1 9338838
1 120506
1 2982096
1 9952225
1 2037644
1 2183715
1 8672983
1 1416906
1 2246173
1 9873594
1 7313066
1 1249304
1 6064918
1 1153731
1 4612314
1 4650722
1 6625156
1 5233984
1 4077728
1 7014950
1 2914997
1 814968
1 949158
1 2117432
1 4778999
1 8679577
1 6350160
1 6848520
1 8340443
1 8180484
1 7604364
1 3824131
1 6846597
1 9659869
1 4344465
1 7831268
1 6589644
1 3830102
1 2555376
1 2974873
1 2830238
1 7396206
1 9290173
1 3868399
1 8584129
1 4468434
1 2428456
1 8761716
1 7920127
1 9648459
1 224906
1 4205358
1 5965672
1 112421
1 1106192
1 8988303
1 8115766
1 6968457
1 8757708
1 6856509
1 9112734
1 3495314
1 353020
1 374698
1 8119471
1 6878818
1 81993
1 4371620
1 5483822
1 7027274
1 6753260
1 1116816
1 2372997
1 7149659
1 1863721
1 6633452
1 930878
1 3920507
1 3566934
1 5084773
1 580589
1 1285430
1 3795181
1 1994753
1 6899160
1 2356549
1 9604038
1 6197587
1 1233438
1 9813252
1 105499
1 8980554
1 7408899
1 9975276
1 3105291
1 4028981
1 3823069
1 632973
1 7779490
1 725028
1 6062013
1 2450561
1 1586067
1 3829585
1 6262474
1 8253664
1 4931766
1 2878122
1 5964839
1 8616467
1 1932179
1 3101985
1 6651560
1 2910502
1 9223851
1 7236935
1 7762961
1 2733633
1 3630402
1 8053417
1 7206355
1 2245045
1 7302099
1 2270376
1 8808310
1 9761321
1 5407996
1 7792149
1 9057960
1 3609710
1 683155
1 8226610
1 9610480
1 3747449
1 6820196
1 8515638
1 5221191
1 2963083
1 1367108
1 1738001
1 4940193
1 8191592
1 8835067
1 5925289
1 566424
1 6039413
1 833848
1 8682082
1 5125971
1 7891709
1 103603
1 7419434
1 3404628
1 6818720
1 7035412
1 2491506
1 2995635
1 8551167
1 6832447
1 399939
1 8467350
1 1871831
1 3989148
1 6802919
1 7019032
1 1179819
1 2427341
1 9759608
1 2971226
1 2847988
1 9571692
1 1017037
1 715577
1 6532394
1 5399764
1 7604874
1 3618376
1 576229
1 2138783
1 2504165
1 2963526
1 5482559
1 3274430
1 566601
1 3332420
1 9202662
1 2438165
1 7429997
1 243502
1 105031
1 2365605
1 1257389
1 5551803
1 2240820
1 5200015
1 5136884
1 5774295
1 526376
1 9324119
1 1788647
1 838908
1 181587
1 9134508
1 4597685
1 4873314
1 7120715
1 9290632
1 2872026
1 5183356
1 2095969
1 3343085
1 1716949
1 3662690
1 8652500
1 5243719
1 6321527
1 1823084
1 2160741
1 5260330
1 9406678
1 3436349
1 2579591
1 7582991
1 8425529
1 4463792
1 1586847
1 4575561
1 7529402
1 8921799
1 1655033
1 3517696
1 885933
1 3260983
1 9442027
1 6134605
1 222610
1 8043918
1 6343347
1 7556242
1 3267664
1 2658656
1 9970568
1 283962
1 4984300
1 9698172
1 9676579
1 4184527
1 9183363
1 3644464
1 7803750
1 3974386
1 5139784
1 9151562
1 2713196
1 3197838
1 2726539
1 6129400
1 6295503
1 2833143
1 4996958
1 3996627
1 404841
1 3025574
1 7813900
1 6866424
1 6694129
1 3166632
1 8428372
1 6728958
1 9113959
1 2960057
1 5466310
1 3592279
1 1339172
1 6235943
1 7715720
1 6328911
1 8815073
1 6272350
1 6179241
1 7071594
1 1097208
1 5759548
1 654968
1 5733705
1 6235715
1 8469498
1 1325840
1 3254973
1 6929776
1 9907299
1 2773739
1 9357197
1 464013
1 7478394
1 1803185
1 258378
1 7719873
1 4120412
1 2827968
1 4072532
1 1434566
1 6177225
1 895935
1 1469583
1 6641360
1 8072321
1 6352245
1 9525827
1 3574823
1 7322175
1 820782
1 1010898
1 3958269
1 4006102
1 2548907
1 9027577
1 5853469
1 8512124
1 507854
1 9240525
1 9169136
1 9783478
1 8979743
1 4844930
1 2675409
1 1818489
1 6664721
1 7247538
1 8083327
1 3497623
1 9613341
1 5943183
1 3035366
1 8870472
1 7502040
1 6202264
1 9363123
1 9354524
1 2816153
1 3851328
1 5027860
1 617821
1 7043652
1 2686848
1 281798
1 7635500
1 7106980
1 250833
1 1275693
1 4600933
1 9649832
1 3244
1 8974392
1 1482179
1 2369656
1 9621805
1 4601381
1 9946308
1 2592839
1 605032
1 5110556
1 2071758
1 8217543
1 6267980
1 7116169
1 8747569
1 6314035
1 7916197
1 6030163
1 1041656
1 8221604
1 6393325
1 2850981
1 4415019
1 6160350
1 9099719
1 8142436
1 6475983
1 3845223
1 6970328
1 4583668
1 98947
1 4274873
1 1948086
1 955423
1 4021473
1 5964499
1 1777196
1 5087322
1 8196624
1 5054392
1 5253181
1 9436923
1 8432246
1 8543271
1 2429708
1 569733
1 5276993
1 6326849
1 6286355
1 8895045
1 5270395
1 2702081
1 4292948
1 1841915
1 8138664
1 9198018
1 5545776
1 5106534
1 5624340
1 6941341
1 471440
1 4830245
1 7405242
1 2072114
1 6437637
1 608056
1 3341373
1 3814416
1 6041798
1 5192660
1 8112205
1 5398867
1 20388
1 8973022
1 6245013
1 9432549
1 4890170
1 8971725
1 1232454
1 4444256
1 4950050
1 7500889
1 578729
1 3140713
1 8534040
1 3612138
1 8045447
1 5113171
1 5544288
1 6907044
1 1672071
1 8794186
1 1137943
1 3716601
1 1545225
1 8912567
1 8301432
1 9885258
1 8786485
1 8255936
1 7303866
1 5383182
1 5528485
1 1395597
1 4966385
1 4639875
1 2376901
1 6665896
1 9505878
1 9504215
1 172740
1 3528135
1 9044853
1 4287826
1 4543162
1 595038
1 9980981
1 2067606
1 6505181
1 1446008
1 2350529
1 8315870
1 4853266
1 7744593
1 2842560
1 3224755
1 2384171
1 7451066
1 697266
1 1663147
1 5232827
1 1351375
1 7264984
1 7116412
1 5382375
1 473727
1 4138576
1 2596471
1 7564055
1 8530269
1 4351706
1 845050
1 7438875
1 2574633
1 4584282
1 3604929
1 2732119
1 9907688
1 2881176
1 5226122
1 7568875
1 4496752
1 3002771
1 7668048
1 3571301
1 8438195
1 7098807
1 1321821
1 4136554
1 8846170
1 9094943
1 1826931
1 9774534
1 375346
1 3183826
1 2490979
1 2039190
1 3745050
1 543938
1 7889519
1 5742815
1 2267322
1 592865
1 1683634
1 7008876
1 2823385
1 8321907
1 7735428
1 1741178
1 5910187
1 135499
1 918833
1 1353458
1 9013598
1 7809220
1 8855512
1 6857547
1 4349147
1 3609881
1 8444555
1 1043073
1 8672944
1 8003409
1 4905630
1 4697181
1 7908270
1 5993652
1 1901168
1 7125473
1 599776
1 5071368
1 2088624
1 3399007
1 9266415
1 2564690
1 8284330
1 1080016
1 8338162
1 7523298
1 6945312
1 4338599
1 7728110
1 5302224
1 7007850
1 6434166
1 7532768
1 7174417
1 899116
1 9016216
1 6552168
1 7012366
1 2520292
1 2046133
1 7486782
1 8533604
1 3337621
1 552063
1 3012541
1 3981811
1 6249754
1 4007409
1 4312899
1 7374604
1 3107725
1 3730905
1 4194862
1 7801533
1 448112
1 5110695
1 1835980
1 5765238
1 8833392
1 8640844
1 6906606
1 6699951
1 877159
1 8370541
1 6703989
1 2416128
1 4354492
1 2953553
1 1133187
1 1819168
1 3891540
1 1641560
1 3452282
1 5461216
1 9775672
1 8833735
1 8866951
1 9195546
1 9421626
1 27496
1 2449275
1 2837902
1 6720089
1 6075274
1 3845530
1 2219193
1 278622
1 7741541
1 7222165
1 6565468
1 1069339
1 3984929
1 1695587
1 1970106
1 3267848
1 5016834
1 5996461
1 5528361
1 7886591
1 5879600
1 4751499
1 5765324
1 5560982
1 9007268
1 3959599
1 1144646
1 1652368
1 4793161
1 473274
1 380788
1 8770231
1 7722729
1 4917117
1 4257670
1 568345
1 6845577
1 3249730
1 3883889
1 9723946
1 2517630
1 2808233
1 3377693
1 1602467
1 1764326
1 4375340
1 5274001
1 3606210
1 8116861
1 3707152
1 974804
1 7295369
1 8695586
1 8287676
1 8499805
1 1038579
1 1042992
1 2958628
1 1391111
1 9162076
1 7866697
1 9996010
1 5304179
1 1439339
1 5147673
1 7036110
1 4739994
1 7854868
1 9698840
1 3263722
1 6670147
1 3105901
1 701378
1 8655732
1 6588217
1 8046202
1 8554705
1 6937897
1 5497314
1 9707007
1 5087100
1 6352873
1 294557
1 1795710
1 900474
1 5645605
1 6439937
1 322385
1 2092340
1 78073
1 7561896
1 6178866
1 7850502
1 7670784
1 959703
1 8412773
1 9213125
1 6341941
1 8516917
1 1147500
1 3100546
1 8720363
1 2168880
1 4694670
1 1544922
1 337206
1 3212830
1 8689743
1 6436993
1 9201448
1 3245029
1 1771653
1 7326956
1 8455541
1 2155476
1 4966555
1 3396614
1 8989560
1 1267013
1 4926318
1 8931128
1 5500421
1 4234352
1 1642571
1 8241000
1 618996
1 3243999
1 3956089
1 4094857
1 7802439
1 8978463
1 9773218
1 8986571
1 614323
1 1318001
1 3836484
1 1526811
1 3877839
1 1846272
1 2699244
1 9689154
1 3100540
1 4993156
1 7304032
1 8880745
1 3686344
1 3248325
1 2359563
1 4344883
1 6722317
1 8879048
1 1257384
1 17050
1 4648900
1 4135796
1 5414109
1 4120074
1 9171050
1 989656
1 7712099
1 6857655
1 6361499
1 963659
1 310959
1 739323
1 6561135
1 5745698
1 669157
1 453563
1 1270376
1 7231160
1 9774
1 8857619
1 2678573
1 3057162
1 6048748
1 1744675
1 9961060
1 5579094
1 7657684
1 1380488
1 8836856
1 9581447
1 5961612
1 4890886
1 5128803
1 5128407
1 7150967
1 9184178
1 9761745
1 3380472
1 7088793
1 578766
1 6858882
1 1950126
1 2270877
1 3334950
1 7763231
1 6703205
1 7425732
1 1948962
1 1898244
1 4831762
1 9462750
1 2795681
1 7633916
1 8698281
1 2115680
1 6118655
1 4462371
1 5416925
1 2447173
1 9873226
1 5352476
1 9298626
1 2728511
1 6827085
1 4746119
1 2603973
1 1835614
1 1412841
1 8496209
1 8980701
1 6953141
1 2997406
1 8035974
1 689286
1 5714125
1 2816719
1 1905802
1 1517356
1 9103252
1 2319402
1 255889
1 944863
1 4801882
1 4737925
1 4992516
1 5466610
1 2324723
1 8711056
1 6583131
1 6493545
1 362017
1 5132657
1 5545465
1 6916323
1 1915100
1 9292806
1 2519127
1 6843696
1 6804220
1 660430
1 1921132
1 8181900
1 8478430
1 40453
1 8499828
1 1597260
1 242192
1 8925935
1 5656358
1 747643
1 7071370
1 1387326
1 6511523
1 5115191
1 5651584
1 9019763
1 5579237
1 8577457
1 4761827
1 7029202
1 6659963
1 7229767
1 7291387
1 2272634
1 9459286
1 4888943
1 4112718
1 5894256
1 5570832
1 54616
1 8630192
1 1549986
1 4984209
1 8727347
1 4933072
1 7702258
1 7789725
1 7567879
1 2129616
1 5162120
1 9653563
1 316471
1 6632207
1 106596
1 5369988
1 105213
1 5946994
1 1974248
1 8097328
1 9514515
1 7145098
1 5040381
1 1469250
1 3555296
1 6146511
1 6388650
1 6530451
1 3668005
1 7594127
1 1043896
1 8247837
1 972447
1 1427359
1 6262257
1 1679846
1 6601748
1 9465834
1 4179612
1 124013
1 2431845
1 5124791
1 6385776
1 6249036
1 49780
1 6724886
1 6675108
1 9166217
1 3397767
1 7226220
1 2056073
1 5058628
1 2195036
1 7452091
1 9041975
1 3671223
1 3777828
1 1197157
1 4167368
1 6708091
1 2699046
1 5231141
1 2395183
1 862735
1 7038620
1 6902519
1 6023158
1 3504942
1 4612628
1 1820141
1 880774
1 6609825
1 5373298
1 5248082
1 3835742
1 1127280
1 5188720
1 185661
1 3354703
1 5703331
1 4710084
1 8758517
1 3381667
1 365448
1 9233153
1 4423377
1 5562913
1 5715465
1 2246651
1 7525996
1 707615
1 1608906
1 5433758
1 8970737
1 1790492
1 6765893
1 6128076
1 8181289
1 8555728
1 2748133
1 6232476
1 8186096
1 5964110
1 1932264
1 8959123
1 8089604
1 6639837
1 8192291
1 5731294
1 2471898
1 6066678
1 170259
1 9728231
1 1861716
1 2137033
1 3691010
1 1569459
1 7320267
1 9938602
1 8088578
1 9469141
1 2920463
1 933352
1 3332951
1 7338690
1 6575778
1 6822987
1 9526706
1 7726047
1 4274373
1 2392358
1 493252
1 5780039
1 8182723
1 4701809
1 4780004
1 2824030
1 9475123
1 4692051
1 477821
1 5963887
1 5938581
1 7484242
1 5150521
1 2515819
1 4095576
1 6737247
1 2020030
1 7309248
1 7652555
1 1204713
1 1453662
1 1395895
1 5860414
1 7416462
1 8403419
1 3464777
1 23225
1 9272667
1 5511946
1 7047804
1 3794082
1 7212298
1 6455341
1 8548867
1 5869745
1 362319
1 4860164
1 9904559
1 812649
1 6816952
1 5812988
1 7983206
1 6179309
1 277750
1 1726395
1 5068496
1 3277677
1 2077903
1 5586504
1 7682460
1 52383
1 877024
1 7167760
1 7806587
1 4286605
1 1754164
1 7065807
1 1110508
1 7672627
1 2162510
1 2644723
1 1819480
1 4459998
1 5775924
1 9710347
1 6328282
1 9863165
1 3829246
1 1820795
1 7420274
1 258677
1 8157842
1 4472854
1 9954267
1 6314936
1 4836427
1 1031981
1 7256262
1 4517712
1 5872812
1 7536208
1 9185806
1 4275584
1 1294099
1 3085103
1 6505086
1 9594162
1 9237643
1 7227327
1 6183514
1 2892720
1 1689859
1 1603986
1 7199842
1 2437871
1 3378909
1 4651719
1 1551085
1 4588249
1 9110438
1 7655822
1 9567475
1 5546618
1 6410035
1 5116165
1 4731414
1 8457631
1 3097427
1 3707798
1 3190365
1 9579555
1 2910685
1 7618482
1 5541178
1 4881881
1 636084
1 8078396
1 7845821
1 6778499
1 1055882
1 8201368
1 8976662
1 497177
1 516060
1 6103791
1 1788715
1 4581915
1 1870250
1 6170411
1 334316
1 6079895
1 9267972
1 7516557
1 5348720
1 4064854
1 9024169
1 2576125
1 5984392
1 6128954
1 3872232
1 5400141
1 4662897
1 173582
1 4784863
1 9868251
1 960533
1 4413348
1 5014859
1 1163030
1 4605075
1 9740346
1 9378311
1 4639054
1 3809792
1 9275036
1 8595329
1 1831747
1 3981444
1 4555693
1 8925827
1 142534
1 7681101
1 8135138
1 8136982
1 3772624
1 7872274
1 1062128
1 2452038
1 6535078
1 4240915
1 5198769
1 7400296
1 5914911
1 9571712
1 1949275
1 306050
1 8627663
1 5397867
1 2749891
1 2608390
1 8904625
1 7450139
1 8204557
1 8142099
1 7878187
1 4020724
1 5143544
1 1658798
1 7693481
1 1205602
1 9109881
1 1369835
1 4494448
1 5550483
1 2315715
1 6727281
1 4362907
1 1000606
1 9199155
1 5352048
1 470280
1 2107615
1 799425
1 2429345
1 9080244
1 3637566
1 1607510
1 2232680
1 4026526
1 9135581
1 3636445
1 3367745
1 6302445
1 4877206
1 5199422
1 8032786
1 2796397
1 7635085
1 4351850
1 6244063
1 7247092
1 7509152
1 9108907
1 1271834
1 6000701
1 2889243
1 8002487
1 449055
1 7422667
1 3682246
1 2787409
1 5082808
1 7091052
1 726499
1 5884967
1 3103660
1 7958508
1 4513189
1 2750474
1 6301204
1 8103535
1 3564943
1 5258051
1 614788
1 8191170
1 3671373
1 6076674
1 6925374
1 6494954
1 4758717
1 6284766
1 3487691
1 5041008
1 9507821
1 4332470
1 155532
1 4778107
1 7864887
1 5372096
1 3422669
1 273755
1 3228324
1 8607408
1 4557774
1 8967286
1 4098955
1 810914
1 8179412
1 1645769
1 4252442
1 7507780
1 850932
1 1391147
1 3734066
1 6374146
1 1703472
1 1013437
1 800754
1 207846
1 4119939
1 3459786
1 6842148
1 6047370
1 1007363
1 6871149
1 193951
1 3302783
1 597965
1 9711455
1 1452378
1 1630428
1 3423865
1 6121473
1 7892761
1 7402129
1 8564431
1 8659152
1 2382207
1 1840957
1 7456728
1 9815972
1 3273788
1 1250366
1 5781468
1 2040145
1 1748398
1 8365228
1 2839689
1 3644732
1 4151837
1 7345403
1 248997
1 2301858
1 1518193
1 8440173
1 5956455
1 2448029
1 2389137
1 6217438
1 873790
1 4255693
1 4288957
1 18803
1 1757133
1 3807328
1 3774406
1 521379
1 4615172
1 1295196
1 7730672
1 6946799
1 3248082
1 6773074
1 4304503
1 6438350
1 3428389
1 1560714
1 9401797
1 3454656
1 5879176
1 2425744
1 8129106
1 860994
1 5355155
1 1284397
1 4832881
1 7080938
1 776901
1 7413638
1 9772955
1 7747036
1 8450265
1 6048599
1 2401327
1 5590342
1 6208335
1 7458759
1 3653259
1 1874341
1 1314942
1 7718173
1 1654130
1 9872726
1 3851176
1 5571340
1 321407
1 1181043
1 170007
1 7213171
1 7494660
1 8540937
1 9698898
1 7128774
1 5350888
1 739048
1 2275409
1 5792531
1 8025337
1 4801986
1 4765944
1 9300667
1 1134001
1 7681849
1 7540809
1 2470045
1 1430041
1 8842413
1 6311510
1 4851030
1 1182759
1 5841605
1 1684667
1 9711637
1 1473778
1 2294730
1 1299027
1 1441510
1 1969502
1 6391188
1 8776024
1 4388603
1 2161027
1 6935942
1 410427
1 2016519
1 992145
1 7047963
1 8739547
1 8411077
1 4160947
1 4935782
1 769196
1 6945054
1 177774
1 7261003
1 1224365
1 7632196
1 1796653
1 757081
1 7253904
1 6298874
1 9464999
1 1940979
1 1352931
1 9656940
1 3028175
1 9934720
1 5179964
1 4125854
1 9222559
1 4256535
1 2190961
1 1794466
1 2500355
1 7579857
1 4211140
1 2273619
1 2244349
1 9420626
1 4401544
1 7149852
1 7813222
1 8881379
1 2060568
1 4720640
1 5291886
1 6877189
1 6491345
1 2229
1 894062
1 1862314
1 4140183
1 326962
1 4790558
1 5719853
1 9849484
1 5285168
1 9251730
1 8924908
1 4507374
1 5218590
1 1860442
1 1215087
1 6775172
1 870114
1 435207
1 9696598
1 3285437
1 1540391
1 9721853
1 6209200
1 7031974
1 2242746
1 7270566
1 2004536
1 6774483
1 2952871
1 5392
1 7155146
1 8540771
1 3251493
1 4511015
1 3560458
1 7838293
1 9176009
1 3234131
1 9005576
1 5079093
1 3270233
1 1650929
1 886019
1 3563805
1 8714694
1 2968599
1 4299607
1 5332095
1 2495702
1 381801
1 4051007
1 371490
1 5285269
1 5283004
1 5286979
1 7162758
1 2194709
1 8754628
1 2900731
1 6325698
1 3750510
1 3054306
1 5542249
1 9338406
1 716567
1 8175745
1 3950516
1 499736
1 3093012
1 8287192
1 7996555
1 3930666
1 1724077
1 5595758
1 616973
1 1217715
1 9221667
1 8534949
1 631987
1 1541991
1 6455776
1 9208131
1 343140
1 2465473
1 5735599
1 955551
1 7318672
1 9925075
1 3605609
1 7836492
1 3085253
1 863277
1 1001604
1 4063469
1 4633750
1 8413090
1 444907
1 3064065
1 9128545
1 2278015
1 3374102
1 7653965
1 6361225
1 6239417
1 8657989
1 7795227
1 8368422
1 9536422
1 5042734
1 2767819
1 978278
1 7608809
1 8373248
1 7812579
1 9153449
1 5152840
1 3901875
1 9950133
1 237820
1 2117502
1 7817999
1 9367651
1 9588947
1 5935514
1 3864523
1 406296
1 8002176
1 2348339
1 26185
1 9944289
1 8951957
1 129993
1 6563885
1 1112200
1 1733
1 5385704
1 1940131
1 4715984
1 6124163
1 9558630
1 1362348
1 2172659
1 4529551
1 6253931
1 5865219
1 7364756
1 9307541
1 5489113
1 6385155
1 9409826
1 3681282
1 8437512
1 6357005
1 1900394
1 5445906
1 1710793
1 6113143
1 4200470
1 3444322
1 8735349
1 5740144
1 2869986
1 1413025
1 4750269
1 7570872
1 8464354
1 3088330
1 1190486
1 9718061
1 402786
1 4176857
1 9149513
1 2735708
1 750878
1 6537345
1 5476458
1 3873657
1 6200367
1 3135604
1 710741
1 235117
1 6039740
1 8970247
1 4427412
1 2342823
1 7316401
1 3648893
1 9746763
1 3082284
1 2995621
1 3475640
1 5341505
1 4600894
1 5079437
1 8213057
1 1369565
1 2952309
1 381721
1 8761629
1 4981157
1 2150181
1 7541067
1 7829617
1 4469665
1 82946
1 4722691
1 9557023
1 7167261
1 6891413
1 3985053
1 5718659
1 39206
1 1166453
1 2342248
1 9063390
1 5075019
1 7777495
1 7140121
1 8980909
1 5164832
1 9710257
1 3819847
1 9659983
1 519640
1 8833354
1 5289086
1 328988
1 8721556
1 8330424
1 7586769
1 5385724
1 307067
1 5161383
1 9764990
1 6855480
1 3785468
1 4366960
1 2581646
1 5860908
1 5638980
1 4714343
1 9499360
1 6682067
1 6536
1 979009
1 9132841
1 9076277
1 5380381
1 8647560
1 8498850
1 9621750
1 2501357
1 8024749
1 9669720
1 7878452
1 3330994
1 1409237
1 5146092
1 5867663
1 3858045
1 3322467
1 1946587
1 594214
1 7261022
1 4101602
1 6456707
1 5232881
1 2811365
1 5534649
1 2204062
1 6513669
1 2066228
1 9585812
1 2773158
1 734201
1 1741187
1 8662636
1 3447777
1 7640664
1 3597374
1 5888014
1 225114
1 7577213
1 9440177
1 6489156
1 1333653
1 4671894
1 9314096
1 9561012
1 9656666
1 7262537
1 6444295
1 9666774
1 1342321
1 8111603
1 5135649
1 5176931
1 8198911
1 6603627
1 5986858
1 9221685
1 5135352
1 3694893
1 8517345
1 3607894
1 7139043
1 454713
1 5318811
1 7270431
1 9570868
1 50717
1 5778570
1 8980708
1 8766161
1 8533498
1 1839268
1 6262053
1 6652347
1 8916410
1 6945498
1 9538070
1 9414728
1 9237860
1 969134
1 8737790
1 7618230
1 8842113
1 7171694
1 8386731
1 6081725
1 2459209
1 4274984
1 8363777
1 3816066
1 5067588
1 6988952
1 9365337
1 9959995
1 6347941
1 7263634
1 9207720
1 5071666
1 5503808
1 9869577
1 8710568
1 6907380
1 1615881
1 2918229
1 964341
1 86056
1 1815480
1 2629031
1 6237235
1 7165540
1 7194863
1 6444083
1 9589122
1 9199642
1 5327792
1 7249190
1 9402243
1 2973354
1 9273410
1 1886194
1 6814282
1 4089579
1 9500534
1 2495575
1 2929102
1 6109837
1 7723755
1 4875785
1 7821210
1 5335655
1 3444507
1 3054422
1 1201936
1 7874721
1 1432095
1 8184691
1 5842489
1 7663978
1 1603029
1 3043650
1 1075618
1 3314384
1 4466243
1 6868491
1 7828001
1 9674683
1 8834943
1 6324693
1 6581278
1 1878963
1 5639668
1 2102121
1 8802338
1 8353689
1 7347942
1 833236
1 7656415
1 9665045
1 4399359
1 756746
1 2719625
1 9131063
1 7135328
1 7023016
1 5906117
1 3359762
1 9963974
1 1638671
1 7810914
1 6686545
1 9996126
1 3032157
1 1965215
1 7962998
1 249777
1 2633923
1 8916762
1 3869175
1 4556673
1 2737063
1 7496159
1 6766520
1 3007686
1 8069389
1 1174191
1 954024
1 3211115
1 1483395
1 3196511
1 611861
1 8968836
1 8523739
1 54798
1 7172936
1 6477609
1 4720104
1 4200044
1 8432403
1 5365987
1 9976180
1 5112988
1 3375372
1 5565712
1 3047648
1 3517122
1 7197627
1 3380754
1 8271965
1 1419688
1 1828376
1 4293101
1 9794674
1 7041432
1 3190818
1 7525051
1 6791386
1 5323784
1 2897407
1 1303076
1 930572
1 6484776
1 6696893
1 1084605
1 7401841
1 5968888
1 3672660
1 7451333
1 6357532
1 6726175
1 3075772
1 1385052
1 2313160
1 2152573
1 9070834
1 4665040
1 3764092
1 5902699
1 5628768
1 2764554
1 6091131
1 1921568
1 5318079
1 2052606
1 237196
1 9351976
1 8238959
1 7410389
1 5102904
1 5636618
1 2508417
1 8297518
1 7136448
1 2543330
1 5953780
1 8246126
1 7196594
1 5590143
1 7258539
1 6251358
1 6829694
1 126519
1 9285701
1 5507304
1 474040
1 7262423
1 2825337
1 2448275
1 4019683
1 8259530
1 8300593
1 4485398
1 7171913
1 1676248
1 6304277
1 5663921
1 3694823
1 9660156
1 8835165
1 7300373
1 1593666
1 4014317
1 4228217
1 1120064
1 2445068
1 3889350
1 9538895
1 4545471
1 2925141
1 8758291
1 3425516
1 1291266
1 2634657
1 5447587
1 6258294
1 3569596
1 8032969
1 1246213
1 8263888
1 1870235
1 5124529
1 9125476
1 1116200
1 2975518
1 8703586
1 2564727
1 9155916
1 9612854
1 9879185
1 5639815
1 6022722
1 3907466
1 650811
1 5359278
1 4928448
1 2898538
1 445146
1 2262651
1 9891016
1 9203747
1 6025560
1 8182752
1 9193767
1 6928602
1 4195278
1 1260008
1 6270076
1 4235928
1 3150658
1 9546154
1 9504630
1 7520852
1 9073678
1 6216672
1 7051269
1 4265810
1 8223197
1 677558
1 9441081
1 9708848
1 1142701
1 1566609
1 4945755
1 8925823
1 4501561
1 6698462
1 6404336
1 3181329
1 2958905
1 3529357
1 2733249
1 5578344
1 3221276
1 7392788
1 1726532
1 4959484
1 737263
1 9872655
1 112146
1 6343985
1 7913380
1 3885428
1 2189157
1 4358418
1 8003834
1 6901694
1 5832548
1 9561033
1 3796057
1 8033419
1 8521501
1 4555230
1 2357329
1 4169959
1 9494061
1 2246560
1 6613888
1 9963751
1 8782947
1 3319439
1 2617759
1 3009067
1 8444629
1 7629000
1 4763951
1 4513090
1 7800180
1 8478247
1 1807705
1 1858204
1 9432275
1 8076192
1 5120736
1 2304975
1 6939284
1 4977557
1 2811476
1 5788095
1 649038
1 3834996
1 6091339
1 1782079
1 5787539
1 3347921
1 747891
1 6810806
1 8851530
1 2980988
1 9684248
1 5022334
1 1854320
1 631116
1 6295495
1 3896250
1 5448333
1 1524777
1 788664
1 7152472
1 3510572
1 1744804
1 7563723
1 3533479
1 8692605
1 12441
1 2278722
1 4275373
1 8294690
1 7037940
1 1069506
1 8681644
1 3586257
1 4349447
1 2554474
1 1669354
1 978511
1 9306088
1 7141832
1 8140998
1 3481816
1 6933135
1 236698
1 394717
1 7018950
1 5328197
1 6812330
1 8009372
1 3581964
1 9175506
1 3458299
1 7960950
1 9073232
1 114257
1 3341667
1 8524448
1 7987953
1 9075413
1 1872302
1 8710160
1 3981078
1 4370616
1 3448232
1 4053246
1 7949850
1 3115512
1 4190480
1 9194662
1 5365214
1 7142287
1 417260
1 7865638
1 3458153
1 8306391
1 4939708
1 7472320
1 7482068
1 7343162
1 3634644
1 3240944
1 1831175
1 9513521
1 7006207
1 6406472
1 9560615
1 7796216
1 4117528
1 679205
1 9091892
1 9619831
1 5168130
1 7971433
1 7812282
1 6018508
1 8825354
1 7319467
1 8305699
1 6717006
1 8457244
1 718251
1 1379014
1 3412662
1 8107921
1 7184890
1 234568
1 2162510
1 6481375
1 5229749
1 7658584
1 4506878
1 1635440
1 1190223
1 7900350
1 2583860
1 4284365
1 7428371
1 2869413
1 6353718
1 6759815
1 4522034
1 1947516
1 2299114
1 5537377
1 8010189
1 6291805
1 7745790
1 2127279
1 2528280
1 4092089
1 484710
1 7946962
1 9169696
1 4577677
1 858937
1 8502880
1 1629566
1 9280472
1 7701439
1 3905582
1 2580704
1 2027729
1 979620
1 4277804
1 5210736
1 5160311
1 1526837
1 3700617
1 9780246
1 3556568
1 9924300
1 5695390
1 9591924
1 5215694
1 9107108
1 3262009
1 5575557
1 5697368
1 3645212
1 3590639
1 9654158
1 4627235
1 8669966
1 3545102
1 6419584
1 3722829
1 6531947
1 7212524
1 3868901
1 9958659
1 3263425
1 1216302
1 3569604
1 4269561
1 8934857
1 9551556
1 2991803
1 4616753
1 3563444
1 6835435
1 7378509
1 7718606
1 6594543
1 6405223
1 8947676
1 1231021
1 2461167
1 2408932
1 7011235
1 4419496
1 6122331
1 8475339
1 5528271
1 4958090
1 3847543
1 3396686
1 6574843
1 9413434
1 5244422
1 6354561
1 2676849
1 4071
1 9346458
1 6219492
1 8930219
1 1594734
1 9524903
1 828859
1 117754
1 9591654
1 9565975
1 6165505
1 2332186
1 6126340
1 7209394
1 8880453
1 3898647
1 284701
1 2325386
1 2741688
1 6346959
1 4963996
1 7724096
1 6245642
1 7160931
1 2920628
1 4376809
1 6968730
1 6359745
1 2123496
1 9871584
1 5023492
1 990390
1 9975183
1 6793316
1 6576752
1 3533968
1 1763852
1 1759323
1 8695427
1 5640524
1 5032426
1 9889527
1 7161136
1 8226490
1 3876
1 8178513
1 7735547
1 9307588
1 7008970
1 7801710
1 4843294
1 1352415
1 1765433
1 6227055
1 4724528
1 8362278
1 5459614
1 421121
1 2071083
1 1874467
1 2682833
1 1847896
1 6361496
1 465986
1 2840356
1 2227032
1 7672922
1 5413072
1 8001687
1 3103505
1 2880222
1 6046922
1 294011
1 5546709
1 2047130
1 6106847
1 8318530
1 7116339
1 4136377
1 8703648
1 3678519
1 5372460
1 6636908
1 4488506
1 4804491
1 9739377
1 8302463
1 3508776
1 304999
1 3826937
1 6893923
1 4517775
1 2517855
1 5464048
1 7460225
1 7055722
1 9350132
1 6192832
1 3311506
1 9800209
1 4570987
1 6385814
1 691655
1 7201631
1 6459867
1 4133546
1 1226261
1 3023680
1 5068275
1 472552
1 9806031
1 9569356
1 7693412
1 1927469
1 4150545
1 792314
1 5577299
1 5344196
1 6799204
1 4047786
1 8059589
1 9905724
1 1333113
1 8463916
1 8166771
1 6297506
1 7393103
1 7089279
1 5735598
1 2960149
1 9326831
1 2568739
1 1897086
1 1874361
1 3552666
1 4293045
1 2758375
1 4680465
1 3481419
1 4722557
1 7637816
1 8296680
1 799928
1 6060285
1 9699655
1 7420718
1 2450998
1 170664
1 4137824
1 760346
1 4604194
1 5023620
1 5304042
1 7062679
1 8071006
1 8880792
1 3279597
1 3808652
1 1472072
1 6024473
1 3909842
1 7841339
1 9339602
1 763977
1 4549689
1 2510861
1 8717574
1 5276347
1 5017209
1 3524913
1 7354371
1 8875786
1 6273267
1 8057371
1 2503762
1 7330888
1 4571050
1 2985340
1 8263243
1 828112
1 2242817
1 2916694
1 5157181
1 6307045
1 6997871
1 6582447
1 3649660
1 8581951
1 9117441
1 329341
1 6412525
1 696271
1 9900366
1 6847896
1 71961
1 4939128
1 2600888
1 4662985
1 5056339
1 9515983
1 3545155
1 933388
1 618713
1 7296065
1 7974656
1 3714458
1 1196308
1 7802798
1 4848405
1 4378435
1 8542667
1 878832
1 1555747
1 9489417
1 7504135
1 1821232
1 2484534
1 2106173
1 6686006
1 8175538
1 9620187
1 7683058
1 9819798
1 3586336
1 6192843
1 119810
1 7779783
1 5820947
1 3635919
1 4066832
1 6087070
1 9565242
1 7503042
1 5239718
1 8892727
1 9719839
1 9566222
1 5800399
1 9470162
1 7858803
1 2501238
1 3764883
1 8140477
1 3986106
1 8499388
1 7377751
1 2310052
1 9536391
1 8776554
1 5431955
1 2040594
1 3543936
1 1146955
1 9155968
1 2506572
1 1778137
1 3437317
1 4903591
1 7267456
1 1316731
1 7787331
1 6197484
1 9115879
1 3847810
1 1711689
1 1202166
1 3831540
1 5728764
1 2932233
1 6069004
1 3279179
1 9955838
1 3708056
1 7322044
1 940432
1 9433641
1 3696815
1 5585207
1 5841703
1 4436010
1 7792925
1 3542051
1 7671334
1 9621664
1 3775540
1 9719894
1 7405979
1 7463368
1 7316564
1 3854264
1 8512960
1 4273791
1 4692531
1 8327959
1 2968522
1 988488
1 2379338
1 291782
1 3467335
1 3845888
1 3832941
1 1146245
1 3641605
1 7416839
1 4697063
1 2919915
1 670658
1 8296569
1 1843806
1 6282820
1 2075360
1 6648947
1 4769067
1 5427634
1 6447712
1 3311125
1 8633243
1 6877690
1 1172721
1 6572418
1 8064494
1 8726418
1 3358746
1 3708441
1 5411613
1 7698886
1 4127518
1 8445418
1 1905345
1 3900740
1 1170943
1 6909374
1 2862843
1 6691349
1 7484172
1 7980041
1 5251334
1 6887547
1 2817958
1 2385757
1 3812467
1 3611824
1 900526
1 2371405
1 7322517
1 1866971
1 2356572
1 9326575
1 805269
1 2589430
1 7473735
1 651070
1 2087820
1 7199388
1 7806635
1 3364327
1 1603045
1 3492955
1 7444372
1 3051418
1 9468732
1 5466671
1 6116066
1 2368828
1 8090023
1 3557840
1 5207855
1 2016323
1 8072629
1 7855413
1 7354567
1 7687689
1 7161379
1 2309500
1 9635829
1 3534281
1 3606176
1 4395591
1 9801648
1 5320723
1 3733356
1 9610661
1 2824274
1 2309973
1 9350952
1 2832395
1 9857530
1 1213368
1 7266103
1 7963157
1 1358634
1 7918742
1 8235895
1 3771450
1 2612540
1 8667927
1 6384296
1 4430386
1 5054894
1 8526213
1 1174192
1 4657560
1 3864680
1 7798606
1 4247764
1 8002083
1 8007505
1 2484199
1 1678486
1 4399762
1 5455711
1 2516797
1 5647211
1 9651441
1 605777
1 9337366
1 1976687
1 352075
1 6623453
1 7917915
1 6161042
1 7327821
1 6930918
1 6118554
1 8501096
1 4198848
1 9474529
1 5467170
1 9318245
1 1145645
1 2308999
1 3364008
1 2744092
1 226996
1 2344748
1 5962702
1 112282
1 6371070
1 385293
1 1500532
1 5834682
1 5093098
1 4128580
1 4597542
1 7231849
1 7030284
1 4891609
1 7745859
1 879329
1 885100
1 4733780
1 927197
1 9310949
1 3663238
1 3488840
1 3639005
1 4851539
1 2675695
1 7748953
1 2673296
1 5606274
1 3776375
1 1315149
1 4602997
1 1373703
1 1836909
1 9620535
1 879629
1 8999322
1 290717
1 1695046
1 7412176
1 2523673
1 9971642
1 2595363
1 5199094
1 903311
1 2951031
1 3494228
1 1767718
1 3590115
1 2778383
1 6951020
1 5878119
1 957746
1 7476473
1 5896730
1 2786287
1 790501
1 4474123
1 4172274
1 7224884
1 1476933
1 4979757
1 1150873
1 8472768
1 449245
1 7882003
1 5095660
1 2985905
1 2074733
1 2225845
1 6421925
1 4622808
1 8086729
1 3919248
1 9002475
1 6046155
1 7907470
1 4188874
1 9323323
1 5795006
1 7693303
1 1334216
1 1341755
1 2798285
1 4665958
1 5891006
1 8686016
1 3722027
1 1107339
1 8243555
1 420902
1 4830076
1 873067
1 769498
1 3313156
1 5248975
1 3341617
1 7594376
1 1463772
1 9393081
1 878455
1 7480472
1 663984
1 89992
1 6292740
1 5392260
1 4842266
1 1484369
1 2002730
1 8681892
1 7547367
1 514508
1 9388592
1 2975233
1 5056637
1 8714093
1 2675096
1 5390993
1 8591023
1 2863078
1 5403265
1 1004089
1 5353710
1 5851232
1 9836819
1 8156861
1 442794
1 3066426
1 3448571
1 7639614
1 3404036
1 4341375
1 2585265
1 8013018
1 3054007
1 7563221
1 1446836
1 202014
1 8204679
1 1724834
1 889759
1 9974131
1 9455036
1 7468769
1 1775565
1 890137
1 3732945
1 5157615
1 1739664
1 4772560
1 7463082
1 2211174
1 8643108
1 7988320
1 4421089
1 18793
1 2737438
1 3821544
1 842520
1 3767827
1 63116
1 1748926
1 5539496
1 2782360
1 1924992
1 508591
1 602163
1 8471501
1 4613533
1 8682982
1 8247606
1 7179748
1 7369738
1 838228
1 3497081
1 2550210
1 3471459
1 5775789
1 2981238
1 6932448
1 2385264
1 1014180
1 6828687
1 2156269
1 9733537
1 980381
1 9962800
1 1504131
1 8352144
1 6196285
1 8462025
1 8085454
1 2994997
1 6677571
1 6483322
1 7840001
1 2735444
1 8830239
1 2258969
1 3842290
1 9951615
1 4923960
1 6591386
1 4231977
1 6287699
1 6340233
1 7411697
1 7511314
1 423604
1 8506481
1 7739014
1 5249355
1 6116485
1 1570377
1 9127365
1 8868345
1 5075304
1 7406836
1 346669
1 7044740
1 6341120
1 2393896
1 2269694
1 3002983
1 8743001
1 9156575
1 8302995
1 7793069
1 6491090
1 662583
1 5735106
1 1185764
1 2580123
1 623410
1 2453485
1 3179776
1 6588578
1 3555768
1 4766359
1 6864409
1 613497
1 8494154
1 5984158
1 5685480
1 9833543
1 7839335
1 9894241
1 5676081
1 4132075
1 9836529
1 8592807
1 964736
1 764374
1 4023921
1 7360647
1 8044320
1 3415031
1 8880253
1 7572282
1 6250886
1 1935274
1 5432705
1 5754124
1 6772572
1 9750005
1 7798395
1 4145180
1 4908640
1 5101500
1 8684605
1 4305411
1 7278033
1 6865728
1 6391518
1 1111574
1 5018416
1 1997423
1 5044825
1 282855
1 9312755
1 6650078
1 7174775
1 6041887
1 5849469
1 4739040
1 4928051
1 3721869
1 4325087
1 2922455
1 4015815
1 6989247
1 5403697
1 1637068
1 7306869
1 6334516
1 9861354
1 4403470
1 5410581
1 178747
1 2538150
1 6974176
1 596537
1 4395335
1 2080580
1 3123119
1 2520093
1 1363572
1 745584
1 7892684
1 6797181
1 9896466
1 7652002
1 7737053
1 9105624
1 5110242
1 8780378
1 8169615
1 439634
1 1886654
1 296721
1 5232833
1 2834827
1 1639805
1 7657888
1 183732
1 8558136
1 8473683
1 2745730
1 4155468
1 5140229
1 9259692
1 710999
1 852424
1 6454204
1 4671467
1 8851787
1 9640712
1 3606917
1 3110963
1 5724492
1 2264515
1 9676174
1 654576
1 1457456
1 5617249
1 5151825
1 7633520
1 2462769
1 4137184
1 4918552
1 140992
1 8321481
1 6169341
1 4520637
1 4604313
1 9817789
1 9522488
1 7948960
1 5390825
1 5796285
1 1302159
1 2173027
1 3473915
1 9841574
1 1746093
1 8500938
1 311817
1 1331828
1 3990297
1 1282525
1 4979371
1 4306746
1 300278
1 2571496
1 6620620
1 8989733
1 9029877
1 3597810
1 1476708
1 8106771
1 7395187
1 6687874
1 7833244
1 9699204
1 1920571
1 3135622
1 216859
1 4608013
1 5750478
1 8041426
1 7429112
1 9699000
1 9949397
1 4329210
1 5424124
1 4397889
1 2061352
1 7963689
1 2528710
1 7656436
1 6752141
1 4874691
1 8565107
1 2629112
1 6140380
1 7818846
1 4760561
1 5929127
1 3177262
1 3026283
1 7382374
1 2154167
1 6733117
1 2024785
1 3424823
1 9298665
1 2961071
1 9983499
1 8633976
1 7705919
1 4314597
1 5495518
1 3968086
1 6825408
1 1696391
1 7004350
1 9654316
1 2623870
1 9170513
1 6279540
1 1795990
1 2097306
1 4968012
1 7872772
1 4505033
1 1459729
1 1695827
1 1398422
1 175719
1 7371904
1 6010006
1 3549849
1 8056309
1 4869023
1 1406020
1 174636
1 6905090
1 134155
1 3034227
1 1086409
1 5849883
1 2703832
1 1875518
1 7733073
1 8209260
1 5419272
1 8516670
1 8002786
1 3347144
1 8664786
1 2125197
1 2266680
1 3454702
1 3362166
1 9250616
1 6506763
1 3366328
1 2454945
1 948429
1 8089672
1 6928191
1 9918355
1 5951661
1 1710012
1 5268116
1 9404210
1 3819476
1 5512810
1 281360
1 8947598
1 1352341
1 7543106
1 4485908
1 6490031
1 3411282
1 2324270
1 9989657
1 8409635
1 9869154
1 4988841
1 1824453
1 4105219
1 444217
1 4153303
1 4833663
1 2253161
1 9970593
1 592321
1 7888429
1 4297319
1 5785989
1 7777032
1 2325209
1 1049137
1 1812809
1 5255581
1 1009168
1 336311
1 5247094
1 3774139
1 7760439
1 6613566
1 4888473
1 7203821
1 6604418
1 3446024
1 73809
1 6353467
1 1826733
1 8921056
1 4954306
1 5468025
1 7706370
1 8937918
1 5482890
1 2794555
1 6313352
1 8632053
1 4050089
1 6195255
1 6245315
1 9340607
1 2763780
1 703061
1 1206844
1 3667026
1 3143714
1 6038776
1 7796616
1 7189940
1 9523810
1 4087639
1 7752635
1 253405
1 4832934
1 5251204
1 6013449
1 211686
1 2127311
1 1991642
1 1887990
1 1199449
1 1631542
1 5522405
1 3657219
1 1006143
1 4849476
1 6887427
1 7367042
1 9419284
1 9526874
1 3806584
1 5541313
1 4087459
1 9118842
1 7231198
1 7422739
1 6850296
1 7887626
1 5419167
1 5443917
1 8785790
1 8118802
1 8919356
1 4816235
1 3269876
1 1495842
1 2347070
1 5958229
1 7972791
1 3111660
1 8684667
1 5540605
1 647155
1 6715156
1 8633691
1 8614451
1 6088387
1 1072663
1 9227195
1 7925076
1 6752862
1 4308179
1 4547789
1 5481412
1 7280909
1 4173583
1 6221419
1 6801777
1 9004
1 3844847
1 8437597
1 8946265
1 2418632
1 4736186
1 3999645
1 1458275
1 175974
1 4099065
1 931591
1 9464804
1 6672704
1 9103071
1 4016783
1 6547121
1 676514
1 5247172
1 8480640
1 2792903
1 2018099
1 9692842
1 5168142
1 5395233
1 1632597
1 8285205
1 8981587
1 4718654
1 8437956
1 9584001
1 2940773
1 945165
1 1218840
1 2877736
1 6504969
1 4728898
1 3854226
1 3686771
1 2581153
1 4339023
1 1060675
1 9075369
1 1222359
1 3638876
1 547033
1 6851294
1 8945541
1 5440679
1 5291243
1 9292669
1 3268518
1 3570200
1 7668505
1 638264
1 2390986
1 3408813
1 1922282
1 3887146
1 3110416
1 5795846
1 4760671
1 7657418
1 5264725
1 9521529
1 7315730
1 91885
1 5125973
1 8431549
1 1202128
1 3785480
1 7442765
1 1051127
1 212748
1 8798626
1 6251991
1 5919761
1 2284896
1 6287787
1 5494118
1 9533397
1 1373452
1 7869733
1 506280
1 2213160
1 1185008
1 2483098
1 4386724
1 6082096
1 9806625
1 2256267
1 2383453
1 1822582
1 2622126
1 7861657
1 4684198
1 3438088
1 8816173
1 4802981
1 2317820
1 7277250
1 3401340
1 2030063
1 6420667
1 8404301
1 2008257
1 4676025
1 3127264
1 6722061
1 855702
1 7461889
1 4848369
1 912874
1 702708
1 5496284
1 4648643
1 7258369
1 4250035
1 1769455
1 7759119
1 8026339
1 3915415
1 3298870
1 9244207
1 2233832
1 6965453
1 821657
1 4495801
1 8408002
1 7707718
1 2306074
1 2939365
1 5024289
1 1808160
1 8679169
1 4109982
1 1360097
1 7498134
1 4480600
1 7168247
1 7716590
1 438389
1 2865155
1 6037856
1 5085900
1 1575402
1 9606066
1 4020893
1 4186980
1 6943318
1 824402
1 7151761
1 7198774
1 4767760
1 5488220
1 1817168
1 9599393
1 200235
1 4035092
1 4795546
1 6308277
1 9981994
1 110274
1 428186
1 6032367
1 7274022
1 8971995
1 4705458
1 5913372
1 4265273
1 1455447
1 7664617
1 8973942
1 965953
1 7675884
1 4993599
1 243968
1 4377354
1 4950064
1 2258521
1 7262515
1 1293836
1 339078
1 8511372
1 1886075
1 4882816
1 459465
1 696569
1 6550430
1 4776976
1 8412867
1 3579118
1 1279104
1 9564753
1 4355898
1 1657818
1 8578582
1 5165845
1 4424891
1 3687277
1 4074090
1 1315155
1 6983807
1 2654119
1 1932633
1 5704947
1 3103188
1 6404522
1 7881788
1 6462763
1 1109228
1 4043193
1 1457976
1 309072
1 5438642
1 2053268
1 9905440
1 1602661
1 2565961
1 5017131
1 1526124
1 3620814
1 3674753
1 7458330
1 9611959
1 9691949
1 8162907
1 4248237
1 5699559
1 8341484
1 8698001
1 7821897
1 9679307
1 535871
1 1858733
1 7505038
1 4856751
1 8119586
1 3828886
1 6434396
1 8380048
1 1104345
1 2911821
1 2940083
1 2708643
1 9930573
1 8561830
1 7044251
1 7874068
1 3236651
1 8529719
1 5712150
1 2393750
1 430198
1 359854
1 215388
1 7280396
1 7708946
1 7726833
1 1510122
1 6436246
1 2958137
1 9700535
1 4661610
1 765852
1 5453047
1 4134803
1 208286
1 9443499
1 9640790
1 8041269
1 6755114
1 4091034
1 1300385
1 8517804
1 2162693
1 3851857
1 681968
1 9295784
1 3090053
1 9762186
1 3564605
1 4199931
1 5814674
1 903295
1 4527559
1 4817477
1 5430264
1 3811396
1 9096580
1 1200847
1 6794329
1 9791651
1 3128458
1 2599994
1 815553
1 8830575
1 2142159
1 3093331
1 5614260
1 7839215
1 3436419
1 3493980
1 8575344
1 4623992
1 3437425
1 5246309
1 8298554
1 6690188
1 3198849
1 8345195
1 2977251
1 8363817
1 669579
1 5981422
1 1608944
1 1851613
1 7453686
1 3241344
1 1649064
1 8499901
1 7911422
1 1174652
1 1138517
1 8542835
1 414560
1 2766237
1 7284912
1 8786234
1 2361816
1 4236461
1 6517676
1 6688056
1 8348182
1 6804825
1 6783812
1 6366113
1 5163779
1 5371155
1 2211652
1 9360988
1 3580757
1 8257015
1 3048322
1 6834558
1 7544930
1 2605028
1 9071864
1 9684442
1 7481036
1 2662905
1 8298964
1 4139878
1 6507936
1 3559437
1 7772423
1 5514946
1 6692437
1 9666638
1 6606296
1 3979489
1 304651
1 2057011
1 6985404
1 1240023
1 1312364
1 4838240
1 1899119
1 7548147
1 1925161
1 1166971
1 49095
1 4306167
1 7759849
1 8197380
1 2374104
1 1699770
1 9707612
1 3638313
1 7915321
1 3216084
1 745440
1 1969595
1 6838775
1 4394374
1 1149365
1 4380689
1 5906382
1 5383704
1 7396079
1 7829893
1 7475484
1 3455473
1 6908231
1 7595481
1 1640919
1 1720222
1 4453879
1 6277684
1 3708918
1 1906046
1 316674
1 8900424
1 299454
1 5898696
1 800859
1 2987709
1 4874688
1 3336046
1 1067315
1 2055536
1 175709
1 7766766
1 4543141
1 3740338
1 8136275
1 7528483
1 3470782
1 2472290
1 9166610
1 4815663
1 5993024
1 7666028
1 8843878
1 1504007
1 351086
1 5151403
1 132345
1 7993687
1 6462131
1 5157856
1 2343838
1 3258766
1 8395472
1 7285625
1 9226506
1 5333494
1 6681406
1 5294435
1 2666830
1 2509990
1 1958740
1 2462894
1 7336641
1 5786820
1 9719286
1 3865715
1 5402392
1 3745154
1 2883701
1 6628302
1 8569110
1 1552171
1 2978123
1 7675630
1 9016540
1 6486054
1 5210840
1 5217816
1 8215436
1 7287348
1 7366094
1 5037858
1 6197158
1 6239685
1 6475948
1 9496452
1 2000438
1 4344707
1 2500837
1 5364829
1 674312
1 7211550
1 4167329
1 5416373
1 2940833
1 3164638
1 3423059
1 6099685
1 7818934
1 9610766
1 2005627
1 6003917
1 767405
1 2127095
1 7309614
1 3930844
1 9140562
1 5706140
1 6980437
1 2852988
1 4844323
1 5711811
1 9211647
1 1234617
1 1908552
1 55803
1 6427883
1 4939020
1 238500
1 8535195
1 5705580
1 8612455
1 5885327
1 8084665
1 355419
1 5587073
1 7767037
1 2609853
1 4206143
1 9789185
1 620405
1 3962089
1 5796752
1 8989154
1 5935502
1 9696418
1 6949396
1 7762168
1 4525256
1 204575
1 8401732
1 8366188
1 7966256
1 3533103
1 829988
1 147063
1 965657
1 5858600
1 9769616
1 9266697
1 8076719
1 94893
1 6864146
1 6172945
1 6026972
1 9889083
1 254824
1 6408367
1 3156865
1 8714771
1 3142917
1 6989043
1 1320514
1 5725093
1 1594671
1 127265
1 5987478
1 1619347
1 5736660
1 2824220
1 1059241
1 4518161
1 4221464
1 5359966
1 6612768
1 9297741
1 7885558
1 5285892
1 2049985
1 9400659
1 9758297
1 7614330
1 7678838
1 8920445
1 7510234
1 4808975
1 7209512
1 8477689
1 9227359
1 9588705
1 226244
1 2341754
1 2925733
1 8542342
1 4556264
1 3653593
1 4351534
1 3860540
1 341490
1 2786990
1 5161430
1 5781221
1 9838067
1 9845145
1 6166125
1 8895100
1 3905384
1 694587
1 952196
1 8165854
1 7486891
1 9690985
1 9681828
1 3521786
1 8441442
1 8941211
1 1763201
1 8988200
1 771702
1 7373337
1 7629582
1 1833158
1 7693442
1 4961512
1 1735938
1 7102676
1 4303071
1 2532620
1 9702661
1 959575
1 4790910
1 9478027
1 2245405
1 8107211
1 7054277
1 6712185
1 5699005
1 4458427
1 3680126
1 5224962
1 197140
1 2850548
1 75716
1 3586249
1 2779068
1 1148048
1 5691208
1 2346544
1 3016213
1 7055686
1 3534198
1 815232
1 2105477
1 1647698
1 8092318
1 7979104
1 7562435
1 2342873
1 3603794
1 2482908
1 5894940
1 2273438
1 2219668
1 5126549
1 8572184
1 4485350
1 6598890
1 8481709
1 7023230
1 8897223
1 8620106
1 9773253
1 2946855
1 4058927
1 3997284
1 8484642
1 3047897
1 6489311
1 1682479
1 1020480
1 6354392
1 1795540
1 8295903
1 3550068
1 2744848
1 3560495
1 5879239
1 3811090
1 6282176
1 5787584
1 6768744
1 8288062
1 7906775
1 876603
1 5755919
1 6616204
1 6254113
1 1900453
1 1249519
1 9227418
1 6450548
1 152372
1 1424622
1 4392803
1 9488329
1 6647019
1 1029325
1 6269586
1 942562
1 4228293
1 495079
1 5047425
1 5368425
1 1392980
1 6274989
1 140641
1 8341401
1 3078877
1 7588441
1 9042541
1 2937493
1 1153150
1 4735143
1 8259582
1 2830211
1 8073295
1 7838380
1 4529563
1 2821005
1 7591014
1 17261
1 9170507
1 6921019
1 7052616
1 8539125
1 8356156
1 9783083
1 9912393
1 3351548
1 467561
1 7235619
1 2751655
1 6786114
1 5149458
1 2168375
1 3045487
1 7734806
1 334208
1 6395619
1 2560981
1 9914791
1 8261936
1 6859590
1 1486973
1 3834943
1 9424992
1 7092193
1 348483
1 2304230
1 39577
1 6752625
1 2769905
1 770202
1 4176833
1 2769290
1 5698753
1 4680003
1 1948037
1 3379578
1 7720214
1 8343353
1 7623897
1 4750570
1 6521545
1 1301846
1 6490480
1 2863386
1 326132
1 9569719
1 8505978
1 6859624
1 2375595
1 3940654
1 5820332
1 1822795
1 5592005
1 4732275
1 5056728
1 314179
1 1822255
1 3044084
1 6686792
1 9839741
1 6760038
1 2079675
1 6911201
1 3466414
1 6774344
1 5135734
1 827350
1 3826128
1 6822461
1 4222211
1 8551892
1 1699188
1 8445457
1 3084241
1 7403569
1 5201123
1 5551586
1 1604752
1 3855898
1 5152237
1 2462619
1 7135118
1 8820839
1 2607088
1 9640077
1 6656778
1 1672140
1 4993059
1 9243145
1 5097677
1 7084748
1 7734584
1 7642435
1 1717243
1 5889086
1 8415823
1 4569802
1 5706906
1 3440330
1 8757430
1 1552112
1 1790988
1 3784558
1 5533508
1 8153245
1 9815325
1 170115
1 7433677
1 3760106
1 5089765
1 4983045
1 8410264
1 7817009
1 4568552
1 2210221
1 1333330
1 7589458
1 3640412
1 1650078
1 2609795
1 4662907
1 3322382
1 9886489
1 3133349
1 779563
1 7987592
1 7328090
1 3347753
1 126145
1 5002123
1 4451259
1 119337
1 5365824
1 3517909
1 9099975
1 856362
1 6868660
1 3161861
1 6687981
1 2124373
1 9257454
1 1877361
1 6945967
1 2223099
1 893595
1 9762070
1 3621594
1 6817990
1 1189147
1 161286
1 5407348
1 6274796
1 4906631
1 8718597
1 8218201
1 8927324
1 7732698
1 2856985
1 869433
1 7138272
1 7194640
1 9743674
1 1777469
1 2707326
1 9192442
1 1139878
1 8178648
1 7579517
1 8375170
1 8117005
1 3293957
1 2548015
1 7219226
1 9265034
1 9771241
1 4110562
1 1414104
1 9278516
1 4704019
1 9268643
1 7841495
1 8389582
1 6311140
1 7381229
1 172298
1 7424599
1 4176093
1 9699972
1 4171942
1 862018
1 6219109
1 4758953
1 972912
1 4044019
1 1343675
1 2296157
1 2501005
1 9734481
1 4779915
1 841551
1 4677566
1 6467933
1 9336628
1 6981683
1 2347746
1 6102702
1 8719287
1 8818249
1 5811441
1 3440365
1 3470081
1 3424497
1 6882138
1 2560991
1 115788
1 6641053
1 6419229
1 5325790
1 1962090
1 7414737
1 4776874
1 8231070
1 189782
1 7938181
1 1264836
1 2615219
1 7503416
1 4806966
1 2449766
1 3323450
1 2388596
1 1900544
1 2062521
1 8287081
1 7737918
1 3400800
1 9980830
1 6902351
1 5631139
1 943248
1 8972477
1 7491677
1 5734237
1 7297091
1 7947099
1 6790650
1 7330944
1 209812
1 2855874
1 4535546
1 1359436
1 7637526
1 1818232
1 63728
1 8873794
1 9637714
1 1603954
1 6147227
1 5911307
1 9048465
1 5907082
1 5293472
1 9524035
1 6586968
1 6127003
1 4901008
1 3235037
1 2288136
1 3095587
1 8393305
1 3877833
1 115025
1 9950229
1 6001596
1 1997192
1 1165022
1 3941206
1 978967
1 9122323
1 7456381
1 3267167
1 7490443
1 5369479
1 3484132
1 1396595
1 3962027
1 5232915
1 2405859
1 4242835
1 5031665
1 3737552
1 1075921
1 8145320
1 2836430
1 4894554
1 3117963
1 7332234
1 7396072
1 2965727
1 1452337
1 8360546
1 8357923
1 789498
1 1374477
1 4869944
1 6450809
1 5437414
1 6502872
1 4572639
1 6883182
1 6821460
1 2002406
1 1800326
1 1839252
1 3124505
1 1353699
1 4439172
1 2179925
1 3507488
1 4852382
1 6597016
1 4141794
1 1841927
1 9212221
1 8809114
1 5651296
1 4455344
1 8683172
1 9052553
1 3207376
1 3036143
1 3455190
1 5423731
1 6678378
1 6700831
1 2679901
1 9734502
1 1732559
1 265726
1 2418480
1 1081304
1 5545
1 4887039
1 9815713
1 2986478
1 8160335
1 3344158
1 4800092
1 3358564
1 724553
1 798786
1 9534274
1 5818
1 4714256
1 291413
1 4715191
1 3528881
1 5291022
1 3227535
1 5371672
1 1085977
1 269191
1 8067102
1 9156495
1 8627527
1 9622751
1 8011760
1 9038479
1 6695522
1 2400479
1 5824867
1 5270044
1 416277
1 6255301
1 6239203
1 2150812
1 8388728
1 6234057
1 9795105
1 857265
1 7691046
1 9634495
1 906531
1 2023934
1 5942012
1 2900519
1 8198829
1 3124149
1 8811762
1 8689692
1 3941202
1 4239398
1 6176844
1 2299092
1 8927063
1 6895161
1 446905
1 9352615
1 7297510
1 6396105
1 8379498
1 3179241
1 6904994
1 5605181
1 294120
1 4358604
1 1142838
1 6256341
1 6200454
1 8718198
1 6520592
1 9364120
1 8579916
1 9269055
1 4114714
1 5834833
1 3152861
1 3606751
1 7623419
1 5443125
1 2732167
1 4710492
1 8137132
1 2322319
1 7759406
1 725433
1 5729802
1 9835185
1 821949
1 880441
1 163289
1 9465678
1 4394891
1 6097485
1 3959430
1 2944081
1 1850334
1 6779335
1 904883
1 5445434
1 5428156
1 2044646
1 5321719
1 7268930
1 371681
1 440128
1 6128497
1 3040792
1 4357669
1 8066986
1 8756738
1 8786145
1 4791752
1 5494588
1 7798904
1 3796488
1 4617413
1 5584337
1 7214634
1 2882503
1 573194
1 7680567
1 944693
1 6444836
1 2272612
1 4356726
1 9715955
1 4512187
1 5494198
1 6155487
1 3668523
1 1663048
1 1285599
1 8991655
1 5349949
1 3805848
1 4820629
1 5579650
1 761346
1 8496278
1 1707886
1 1126702
1 9441819
1 2742983
1 3696111
1 7214150
1 7057591
1 3949905
1 8422402
1 9437282
1 957881
1 6745930
1 8090409
1 2639117
1 7701419
1 9422631
1 4528789
1 7219064
1 1234089
1 1986803
1 4573364
1 8237570
1 9532857
1 7333037
1 5876850
1 488836
1 9287868
1 1550792
1 7032224
1 3853588
1 9951452
1 7390761
1 9246983
1 2116717
1 7371246
1 2592298
1 4297254
1 3301827
1 8794155
1 956401
1 7424951
1 3230473
1 7590980
1 5545897
1 1163930
1 3000818
1 7492879
1 1889156
1 909108
1 4018071
1 7624422
1 5275161
1 4518192
1 8456517
1 5472238
1 8617018
1 1697938
1 5127817
1 9931626
1 3467779
1 7495015
1 5208967
1 8314925
1 4978719
1 5017458
1 1725626
1 6628613
1 344884
1 1599819
1 8522523
1 9953211
1 3557015
1 5971166
1 8164560
1 9402411
1 9416212
1 4424980
1 4137817
1 208724
1 3258236
1 4504476
1 1496080
1 1056517
1 9939406
1 3540361
1 5406042
1 9525166
1 6769404
1 6392933
1 1768811
1 8187175
1 3578115
1 4654761
1 7614993
1 5890589
1 3128460
1 6719089
1 93325
1 355176
1 9427747
1 9617471
1 4824468
1 9921212
1 7038250
1 4915295
1 3575271
1 1687988
1 736349
1 6673716
1 5641290
1 7223454
1 402647
1 8745973
1 4996348
1 3988319
1 9363335
1 7060698
1 609789
1 9930735
1 6753424
1 9398473
1 6612720
1 6676657
1 9046847
1 9687556
1 1192812
1 8071245
1 335511
1 2824918
1 5279859
1 4379323
1 6980874
1 469881
1 5695432
1 7054567
1 4154989
1 1444030
1 547837
1 8622287
1 261699
1 6616399
1 6496523
1 4044195
1 539390
1 8158417
1 6653803
1 9878605
1 7148728
1 5831826
1 3984536
1 2505610
1 3615229
1 7246531
1 4888149
1 6156202
1 7252882
1 3462386
1 8472457
1 5165332
1 2804941
1 8837601
1 6049822
1 500591
1 4337361
1 7613018
1 2809256
1 5210079
1 3539200
1 6541959
1 1781356
1 9158190
1 3621672
1 1385722
1 9573759
1 2321951
1 435074
1 3415890
1 9119649
1 8038199
1 7454637
1 8790489
1 4531549
1 6971196
1 7507699
1 6151881
1 5411856
1 7124844
1 9636700
1 6826975
1 7093449
1 7824777
1 9705405
1 9572496
1 8725562
1 3611821
1 2638107
1 2950326
1 8577866
1 2735531
1 7129735
1 8946212
1 7283469
1 6852057
1 9269098
1 3010100
1 8693382
1 2141102
1 6312873
1 7943496
1 7496066
1 1754812
1 1111764
1 1564953
1 2454224
1 9723656
1 6507153
1 2237228
1 1939146
1 4702672
1 2275770
1 5294633
1 413005
1 5657324
1 1971296
1 8830597
1 3016367
1 9177299
1 4893294
1 4659447
1 6919456
1 7007496
1 8012868
1 8199917
1 8685254
1 3702047
1 7303343
1 3260306
1 3382775
1 2870421
1 1334533
1 5989254
1 7353838
1 1491270
1 6168226
1 1101179
1 499131
1 6063941
1 4171338
1 5670641
1 3773521
1 1630852
1 8599657
1 5230818
1 1169170
1 7019199
1 2508585
1 8621816
1 734425
1 5716184
1 7719978
1 1639796
1 7713125
1 3388252
1 9452446
1 9987858
1 9765659
1 7066928
1 5334228
1 2298428
1 9384797
1 4496667
1 5640218
1 8081068
1 2184630
1 8258963
1 1459040
1 7878949
1 8646932
1 3762187
1 9792659
1 9325579
1 6515219
1 1396608
1 2401354
1 366020
1 9197665
1 9446340
1 5019117
1 729896
1 1563136
1 9517850
1 4098339
1 5866032
1 7095536
1 1955184
1 5210564
1 2311859
1 5674077
1 7382059
1 8831160
1 4494077
1 6095820
1 2302584
1 6770726
1 5189442
1 493286
1 6081860
1 6760243
1 7895816
1 9009310
1 1966605
1 2046642
1 9874690
1 5193106
1 7314921
1 166442
1 2232947
1 4931234
1 9551125
1 9076876
1 3207030
1 3954232
1 9092707
1 7850173
1 1611134
1 2284192
1 1089509
1 6711113
1 9544825
1 6986287
1 8203301
1 3207266
1 7149808
1 1911343
1 4475719
1 7137598
1 6223635
1 5390420
1 7553611
1 9865963
1 4458754
1 801829
1 5370212
1 5610126
1 9010347
1 4570266
1 2023111
1 4002422
1 5869902
1 7453568
1 382671
1 8465575
1 6016950
1 3608006
1 7061682
1 9231215
1 1726325
1 293625
1 5445686
1 894780
1 2437343
1 5755222
1 7185431
1 3054342
1 9796086
1 2730302
1 7279465
1 3605543
1 5709200
1 7829007
1 116279
1 7968939
1 1819737
1 6585215
1 4287581
1 1631777
1 6588372
1 3961271
1 2316791
1 8532857
1 1212716
1 241146
1 7576988
1 685993
1 9217905
1 4919084
1 5696687
1 6697645
1 2912408
1 148755
1 2959263
1 5781363
1 4607679
1 5098873
1 6296005
1 4675665
1 9520220
1 4130201
1 3823994
1 2808263
1 8286838
1 6979506
1 1622032
1 3340018
1 7386601
1 3554350
1 2645226
1 7496775
1 788578
1 7452599
1 5668863
1 7338462
1 9606171
1 2013412
1 5143410
1 2116345
1 6622435
1 6437390
1 2494347
1 7256328
1 7343174
1 9902929
1 9716940
1 7222915
1 8569391
1 5129938
1 8281240
1 2365360
1 2697959
1 9352037
1 2101202
1 6766359
1 4738115
1 1058778
1 2501890
1 2384226
1 4199553
1 5885117
1 8833
1 8330130
1 1729535
1 6731145
1 8378227
1 3372699
1 2804286
1 3692538
1 6954067
1 7645917
1 4576768
1 9383275
1 3151186
1 3142171
1 5362267
1 3935122
1 7398737
1 6395764
1 1406323
1 900839
1 652536
1 4043576
1 9282041
1 9172557
1 2646552
1 6111789
1 8271368
1 408746
1 6080902
1 188587
1 7659174
1 2843974
1 2142313
1 2348240
1 4551497
1 6221127
1 9680012
1 8361546
1 4129608
1 8832069
1 4444976
1 1640165
1 6744040
1 8747499
1 4208719
1 6872180
1 1668963
1 667249
1 2281367
1 1732682
1 5063510
1 898939
1 1620328
1 3721137
1 5159574
1 3324768
1 6801605
1 8140881
1 4787120
1 795208
1 1873812
1 8913443
1 6584594
1 6538910
1 9997593
1 2832967
1 3216528
1 8248343
1 817991
1 2152294
1 5616671
1 45804
1 997012
1 7330294
1 5327851
1 4372934
1 1579966
1 2142923
1 8775418
1 7451328
1 1569090
1 2742786
1 4000806
1 7141732
1 1715278
1 9215281
1 3106570
1 2038268
1 3314990
1 1960221
1 1512963
1 9080247
1 1411140
1 8073443
1 8671939
1 5149886
1 5557956
1 6191283
1 7692935
1 4722995
1 2704823
1 3500215
1 4493574
1 3357585
1 2279962
1 8616989
1 1406263
1 8413921
1 4671520
1 7655907
1 5423897
1 9265687
1 4267026
1 979300
1 6057364
1 6271020
1 3121694
1 5143418
1 8404111
1 5115695
1 5851133
1 993251
1 7342030
1 587261
1 6820684
1 7698769
1 7853874
1 4997551
1 3350289
1 6251881
1 5202340
1 34088
1 8850058
1 9278026
1 4195950
1 5697794
1 1357927
1 3027324
1 4152239
1 371396
1 5307018
1 4160272
1 3756899
1 4532795
1 4794588
1 1550597
1 1371775
1 3619087
1 9750708
1 5399742
1 6318702
1 5268161
1 9878030
1 9412424
1 627949
1 6488524
1 7454020
1 8407116
1 9068562
1 8963285
1 190318
1 1741786
1 50639
1 6790850
1 5175403
1 2014288
1 1237485
1 4124984
1 607659
1 4631486
1 6499821
1 2495559
1 2852829
1 5711804
1 1815065
1 1814376
1 9155840
1 21201
1 2408465
1 6809488
1 275715
1 6627546
1 903139
1 4785650
1 1507713
1 4273706
1 3467486
1 4937552
1 2352290
1 445434
1 1000123
1 9596582
1 4713488
1 3352363
1 8565770
1 9336769
1 8670454
1 9184429
1 6853056
1 6610927
1 3824555
1 4520614
1 4647625
1 298097
1 1497306
1 3488425
1 1510752
1 3774679
1 8218497
1 2743100
1 4510305
1 8986106
1 1327562
1 6662986
1 5313430
1 9980607
1 6977589
1 7056586
1 1645549
1 6381633
1 6120092
1 3710903
1 3032793
1 5603360
1 5292490
1 7695645
1 1615046
1 4961382
1 9319167
1 1590514
1 767554
1 4225328
1 4202153
1 8314984
1 9565685
1 6088420
1 5241774
1 5101708
1 2267576
1 8209319
1 9323052
1 3797878
1 7322320
1 6964974
1 8435153
1 4655011
1 2667980
1 9874290
1 8296194
1 9317207
1 5354154
1 9659681
1 4283380
1 430400
1 5467989
1 1387456
1 1275615
1 6005824
1 7708813
1 848257
1 1304569
1 7047052
1 5208453
1 4558351
1 3153040
1 7830220
1 5894035
1 1675481
1 495007
1 1683843
1 540275
1 6356825
1 2838104
1 6602040
1 1157363
1 1187184
1 7923137
1 448651
1 9081430
1 9078689
1 3444283
1 5557522
1 4452307
1 7207456
1 6727180
1 895667
1 646142
1 1806325
1 7835693
1 5665089
1 8052739
1 3507425
1 5096724
1 7137664
1 8833394
1 9882178
1 2606567
1 5992448
1 9005644
1 521287
1 7220813
1 3700674
1 3887213
1 6310183
1 636814
1 3567222
1 4200827
1 5396377
1 3306520
1 487805
1 2228692
1 9349161
1 5386007
1 8726236
1 8936215
1 4247741
1 8977769
1 2438467
1 3197508
1 7727362
1 5306974
1 5546439
1 6325383
1 2048958
1 2648400
1 1286642
1 1435996
1 5588811
1 9748320
1 9779798
1 1013622
1 9917618
1 1563213
1 8940823
1 3677236
1 3273088
1 9799440
1 7814939
1 4271360
1 6669564
1 7838480
1 6845100
1 3173447
1 3581161
1 1762328
1 6893725
1 1705307
1 412435
1 4294025
1 9183318
1 9555308
1 192287
1 2772523
1 3086196
1 9475473
1 3763147
1 9380615
1 5635668
1 1415756
1 6020635
1 4953726
1 7117527
1 7472011
1 1700122
1 5717244
1 861142
1 5556855
1 7423181
1 9057336
1 1270400
1 5103920
1 1938214
1 8810244
1 170165
1 8248397
1 7488417
1 5364294
1 9880149
1 7698105
1 338941
1 4140429
1 1862748
1 5379099
1 938154
1 2441485
1 436343
1 6699222
1 7472874
1 7427781
1 4595563
1 8073561
1 6537136
1 1112288
1 854450
1 6202309
1 1243443
1 9797204
1 3515861
1 7161485
1 4689368
1 1733389
1 9334180
1 633070
1 6319600
1 6187778
1 1438330
1 4054562
1 9575586
1 6914991
1 6664605
1 957765
1 9531441
1 3523110
1 6491998
1 6818931
1 136014
1 4421565
1 9052199
1 6246404
1 4239356
1 8637983
1 6814288
1 4480278
1 8228998
1 5864949
1 2421171
1 9807451
1 3668414
1 2066066
1 7206851
1 671119
1 3976622
1 7632884
1 2275418
1 7456239
1 5963398
1 8743478
1 4607542
1 5852087
1 2082012
1 4200986
1 2808263
1 9931537
1 2380019
1 5994745
1 6753029
1 6501769
1 2351047
1 4156220
1 9690983
1 2028104
1 4698984
1 9296254
1 2280338
1 8196569
1 1381685
1 8682907
1 8354735
1 971209
1 1376270
1 5655085
1 3186010
1 8813720
1 6056369
1 3831563
1 4701142
1 6439753
1 9401120
1 6880002
1 4726407
1 1563260
1 4953244
1 5790557
1 8181022
1 7554247
1 5087002
1 7932154
1 3865923
1 324018
1 1894526
1 5069138
1 316850
1 4826330
1 6966743
1 774346
1 2746148
1 8744581
1 4172247
1 2668878
1 6494620
1 5047164
1 4386621
1 2293280
1 4033085
1 2549920
1 8915500
1 2553371
1 2012767
1 1499876
1 6050318
1 8348514
1 2013449
1 4769668
1 6361173
1 5677136
1 6468383
1 7725983
1 7992993
1 5953438
1 9636578
1 6742448
1 5774902
1 9846308
1 4074746
1 323152
1 2633557
1 4661933
1 1396489
1 6220695
1 1502244
1 1610054
1 4712392
1 312638
1 9573574
1 1355910
1 6699054
1 7975634
1 7514919
1 7431859
1 7893223
1 32182
1 1177470
1 9846698
1 1617273
1 7964390
1 7952738
1 2839938
1 4130620
1 2999312
1 1739209
1 5811562
1 8580226
1 1758666
1 1209194
1 7563451
1 1154752
1 6698249
1 615396
1 566066
1 6513768
1 8676101
1 7522275
1 1971014
1 787682
1 9080712
1 9841910
1 9803001
1 7894607
1 7039788
1 1490295
1 1733008
1 9669154
1 1791446
1 8397353
1 1689729
1 7007963
1 8330827
1 9400912
1 7960072
1 1356445
1 6170961
1 1096222
1 756655
1 8356592
1 6343361
1 3043368
1 307691
1 1101652
1 8057661
1 3362107
1 2093732
1 9432677
1 7573640
1 4404572
1 1705558
1 4035812
1 8554576
1 2493505
1 5019172
1 4471604
1 1498418
1 8255185
1 3929811
1 7915219
1 6170670
1 4396540
1 8143287
1 6943602
1 502832
1 1353721
1 6539006
1 5039943
1 7558193
1 7145484
1 9652990
1 2727897
1 3936417
1 4342542
1 765400
1 9303998
1 1296267
1 2635448
1 4030825
1 7880864
1 4308190
1 491654
1 6384186
1 3764125
1 6536918
1 5601140
1 51592
1 7463445
1 6695217
1 9353133
1 1739006
1 2206712
1 7400061
1 7723480
1 9502882
1 7248095
1 7742745
1 1524460
1 6514329
1 3143327
1 7084097
1 6234696
1 222316
1 8508619
1 611064
1 8797024
1 5600187
1 1388729
1 5913979
1 2608154
1 6882293
1 7875627
1 3613061
1 3852886
1 8256063
1 9832006
1 2963344
1 8697149
1 491456
1 180141
1 8752927
1 7679601
1 5260391
1 1506761
1 83549
1 1407705
1 2870685
1 4908770
1 6309757
1 2289980
1 2706260
1 1908806
1 1513710
1 4509960
1 122445
1 4209231
1 6848009
1 7086863
1 3138499
1 327154
1 8785768
1 4048849
1 4663907
1 2514869
1 9261374
1 9728000
1 4624536
1 5396456
1 5321594
1 7900136
1 2790818
1 743637
1 2756312
1 3392177
1 9236607
1 6819393
1 9912665
1 7174431
1 1040786
1 1018546
1 6411180
1 768343
1 9268899
1 2737719
1 9469149
1 5141182
1 8137238
1 8832748
1 932212
1 1273966
1 8630973
1 6985074
1 7745241
1 2766260
1 2268475
1 3243960
1 6947507
1 9297759
1 7008307
1 1166501
1 139251
1 6568718
1 5965073
1 4840404
1 3940902
1 5472861
1 1142420
1 6095615
1 6741422
1 3353058
1 9916821
1 4770198
1 1699280
1 1356707
1 3648133
1 7166946
1 5022410
1 6174463
1 9150893
1 1794159
1 1720
1 9395990
1 7204959
1 8389119
1 3851558
1 5259207
1 6661401
1 5600464
1 8487036
1 836152
1 9264806
1 2806702
1 9388475
1 5695082
1 7263498
1 8326428
1 712620
1 5557433
1 6005292
1 3921237
1 5620970
1 4925461
1 2816758
1 4920746
1 236214
1 9141413
1 5383148
1 2182991
1 4093611
1 8332947
1 9115312
1 2314875
1 7805916
1 596390
1 5538452
1 4383989
1 5333134
1 4514693
1 3587988
1 4748857
1 6686636
1 3575016
1 7393048
1 6933617
1 8807653
1 590069
1 3407573
1 8602499
1 7630347
1 4973874
1 1161884
1 1839553
1 2492643
1 6389672
1 5506372
1 8535469
1 1934328
1 9863490
1 8205501
1 6619844
1 5300124
1 7205399
1 9291260
1 4437381
1 7744187
1 3689494
1 7647863
1 2718662
1 3521754
1 658239
1 1403946
1 5987097
1 7936872
1 1846313
1 4048208
1 2723548
1 9951192
1 3891073
1 4275496
1 425703
1 8891600
1 194409
1 432123
1 179650
1 7774517
1 2289347
1 8360359
1 9464674
1 149628
1 8614540
1 5599116
1 2499914
1 9356825
1 2936485
1 8017193
1 288160
1 3067206
1 4626157
1 2656793
1 422432
1 6374569
1 468787
1 1774185
1 7689109
1 9702641
1 7845586
1 5637607
1 1218474
1 4426100
1 8858835
1 8561044
1 1734922
1 8451228
1 4134323
1 1251668
1 7101301
1 5856714
1 1927743
1 3011044
1 4175151
1 2486388
1 1210520
1 3919564
1 3286680
1 3728372
1 4779376
1 6973065
1 8755912
1 1361937
1 8751841
1 6004077
1 7795414
1 3143990
1 1403008
1 6851326
1 4063678
1 1837063
1 4585041
1 6504271
1 4318250
1 5445950
1 3118626
1 5303697
1 4652294
1 3079829
1 9809549
1 984880
1 7722872
1 8507987
1 3613176
1 9634352
1 6284906
1 9017186
1 5581836
1 391151
1 9448816
1 753733
1 6167875
1 6130860
1 1498457
1 9493676
1 8758928
1 9396869
1 4349463
1 2744818
1 9570728
1 2394561
1 552294
1 6892275
1 641246
1 6601508
1 9395882
1 8545730
1 77053
1 5153753
1 7137305
1 4372684
1 9306390
1 5356181
1 7371611
1 5473670
1 8218045
1 1101480
1 290308
1 6229267
1 7412136
1 3848948
1 5215329
1 7950096
1 4168513
1 9285173
1 2776274
1 5719346
1 5853787
1 1332521
1 4151930
1 9086027
1 2853469
1 2068804
1 2249144
1 3006281
1 1437737
1 4856220
1 8422131
1 8380026
1 3233548
1 6029397
1 4644558
1 4544333
1 5424194
1 5752720
1 464020
1 6103643
1 5363815
1 8347701
1 6707107
1 179195
1 3022544
1 6658851
1 445093
1 5492040
1 7342208
1 3719995
1 7282781
1 6126960
1 6438584
1 870308
1 2650459
1 4386292
1 3930607
1 584552
1 4109540
1 3381030
1 5915283
1 7686196
1 9703002
1 8698783
1 2204451
1 1541486
1 7127340
1 9774590
1 7375306
1 7872030
1 3514304
1 8437203
1 9721211
1 8491661
1 6281255
1 7263752
1 1265254
1 7898182
1 2535003
1 6466638
1 3347097
1 3426866
1 9210250
1 977893
1 7590876
1 7396834
1 3161379
1 2934406
1 2513806
1 457279
1 959795
1 8308386
1 2159548
1 4681002
1 9062378
1 8391924
1 9468896
1 8681755
1 1766562
1 1275417
1 8907813
1 6691463
1 2789022
1 2407929
1 2516834
1 9601539
1 3527431
1 2186658
1 2561429
1 2022544
1 2319488
1 9140043
1 9585040
1 303542
1 7150482
1 6083014
1 1128857
1 6704623
1 6468457
1 4553279
1 8561921
1 657332
1 8348827
1 101080
1 8190808
1 853290
1 6630154
1 838127
1 8012859
1 936553
1 4403688
1 4431916
1 4687000
1 9287514
1 2761885
1 1524952
1 4879852
1 2139383
1 1892940
1 1710614
1 6861324
1 43258
1 8443958
1 3152832
1 5916199
1 2552888
1 1166885
1 9881906
1 1143379
1 7130753
1 2346868
1 5140732
1 7359187
1 1557032
1 5329651
1 1228101
1 2964892
1 2773802
1 9037452
1 5488686
1 1216951
1 7873094
1 6230910
1 4994232
1 3937626
1 7003129
1 6238451
1 723557
1 904737
1 3024662
1 937988
1 6559105
1 6932495
1 3080544
1 8755805
1 5227704
1 5159002
1 602183
1 2254137
1 4256864
1 3503746
1 7820460
1 1861732
1 2217143
1 2951178
1 4368356
1 9942762
1 2906341
1 12466
1 5508317
1 1631660
1 8085205
1 1032889
1 8568060
1 5377179
1 2709943
1 6789333
1 1547302
1 754755
1 4940874
1 2319525
1 8325940
1 1557879
1 1456106
1 9986837
1 4963204
1 6715640
1 9642710
1 8148535
1 679325
1 7995182
1 7452666
1 7674756
1 1053968
1 8279045
1 5484248
1 3842692
1 440113
1 9481439
1 2833762
1 7353847
1 6228183
1 1991320
1 7869229
1 7401732
1 1814834
1 9486875
1 7686440
1 1207013
1 5443245
1 5300983
1 8719704
1 1473196
1 1460444
1 6760563
1 3400764
1 3135314
1 3294557
1 9775881
1 4016875
1 6516827
1 1768569
1 7238100
1 8276262
1 738616
1 6180525
1 5123760
1 2106022
1 4370696
1 9444141
1 2701760
1 4516364
1 9278795
1 411502
1 2969028
1 5168714
1 8480774
1 411569
1 6728937
1 8935009
1 1500516
1 7465684
1 940611
1 4034019
1 3836685
1 96650
1 5388502
1 5096014
1 506695
1 9287192
1 9197982
1 5823643
1 2363489
1 1915407
1 2377050
1 9611101
1 9988805
1 1098716
1 9277300
1 4730038
1 72687
1 8125646
1 3761572
1 8592232
1 3241852
1 9523506
1 4713416
1 4326465
1 1566117
1 3744757
1 3542968
1 1883676
1 6565956
1 8554207
1 8866208
1 1751574
1 1684657
1 9845151
1 3830976
1 5661283
1 3087323
1 5439560
1 5656617
1 6575835
1 4167836
1 7810628
1 682657
1 8376440
1 3450173
1 6290639
1 7758248
1 9094173
1 8240782
1 3362423
1 4611056
1 9909144
1 5596568
1 2331538
1 5386664
1 1990767
1 4636280
1 8044987
1 5986877
1 6140278
1 6401204
1 8775904
1 8671220
1 7301956
1 9531355
1 4078537
1 7335424
1 8914985
1 5950460
1 9173149
1 6443433
1 5825992
1 7355363
1 2412335
1 1891856
1 4748207
1 7010169
1 553982
1 6598820
1 3748385
1 440747
1 9824515
1 7643624
1 4648246
1 7384659
1 4283905
1 6783221
1 8972171
1 9229560
1 6431316
1 75974
1 2017137
1 8223087
1 889660
1 5819496
1 9591925
1 1196583
1 2712593
1 7274576
1 6647033
1 2552686
1 1710805
1 5769258
1 8544196
1 8477175
1 8174128
1 1248636
1 775341
1 7813070
1 9570433
1 523162
1 1991596
1 3986330
1 5275838
1 6674980
1 526289
1 3436538
1 1788108
1 7181354
1 2946420
1 2434847
1 4188419
1 347345
1 2734547
1 2379102
1 8001615
1 1038300
1 8766713
1 7364776
1 5696314
1 138299
1 9310820
1 8265310
1 7309976
1 2099246
1 9295052
1 819201
1 821740
1 9116304
1 8762684
1 275646
1 7112731
1 3563774
1 8970094
1 7374809
1 1236557
1 1679492
1 9165441
1 1823919
1 2871418
1 8074240
1 6052062
1 4487905
1 1462800
1 7045853
1 5290502
1 8857829
1 8524510
1 8404270
1 1814959
1 8650177
1 2035239
1 120337
1 6885430
1 1036072
1 8752994
1 9937772
1 7106864
1 5111103
1 2622832
1 266687
1 4788362
1 6891858
1 2201008
1 3231729
1 9875747
1 6681084
1 2321953
1 6696862
1 3338841
1 902899
1 2111876
1 1117033
1 3139900
1 3480482
1 4345512
1 7604639
1 7365693
1 3794961
1 6386154
1 9687802
1 8429848
1 5239172
1 338139
1 1747748
1 5465882
1 8152041
1 7996019
1 6855555
1 8049237
1 8058933
1 3341560
1 2317967
1 3147220
1 7922061
1 2573055
1 5402558
1 3334057
1 6675567
1 6263243
1 4508167
1 7024622
1 2740680
1 1231136
1 6356541
1 4371410
1 6581750
1 3158794
1 4821275
1 2802535
1 1203707
1 4876064
1 7462968
1 7207534
1 1202286
1 6702794
1 6705241
1 1468740
1 6934027
1 8921433
1 9581077
1 7310700
1 1272331
1 8994350
1 3319084
1 4487937
1 5894231
1 1795716
1 2765399
1 6227272
1 2022269
1 9076347
1 1707454
1 1334041
1 6348855
1 7458118
1 8876063
1 5540054
1 2398790
1 7710927
1 3541044
1 5028615
1 2991721
1 4150456
1 7028669
1 6991510
1 1191815
1 8515638
1 7120521
1 9790826
1 8822774
1 5424667
1 1460509
1 1641900
1 5383735
1 5790979
1 1460343
1 9144668
1 7935619
1 3482845
1 6847271
1 7452344
1 2583153
1 4824896
1 5852713
1 8141108
1 6692451
1 2737835
1 6114420
1 8261459
1 5963022
1 4797926
1 1371780
1 4829860
1 5857801
1 1117682
1 4391492
1 6963067
1 4249394
1 7268067
1 47439
1 4047401
1 3439933
1 895761
1 510174
1 8288665
1 7982029
1 1219194
1 2252216
1 4041511
1 9328130
1 9613837
1 662965
1 1533410
1 4641914
1 1846141
1 4679207
1 7628159
1 762475
1 5880336
1 7966609
1 9551603
1 3798492
1 1539757
1 2717131
1 3980440
1 5480742
1 5933768
1 2033900
1 3472054
1 7777724
1 5480850
1 1940759
1 9704124
1 5303755
1 5544479
1 4757268
1 4909860
1 7099024
1 945286
1 7368602
1 7490650
1 5352749
1 3565609
1 8428556
1 773046
1 897389
1 2175921
1 9691862
1 4581959
1 3461215
1 9825173
1 1704041
1 7890038
1 4623888
1 7910062
1 4410031
1 6994297
1 1765321
1 3983832
1 345694
1 2201914
1 7473350
1 4905007
1 102653
1 708903
1 879083
1 1038549
1 3468982
1 2562316
1 6540440
1 7884278
1 9296277
1 8635411
1 7911051
1 7054991
1 3421995
1 7982749
1 8848974
1 2976274
1 7247046
1 4209554
1 9368667
1 9811804
1 8816600
1 9619726
1 4269530
1 6690922
1 3274459
1 9701337
1 8577465
1 2683226
1 1419441
1 39217
1 9544308
1 9415141
1 1227851
1 8781039
1 4835276
1 974301
1 3342104
1 3172873
1 7558453
1 7171001
1 9140534
1 8102960
1 4778009
1 5977092
1 4363853
1 4681702
1 8892579
1 6580814
1 4131489
1 9710566
1 3389956
1 4197224
1 5728176
1 7477972
1 5000068
1 6549797
1 8257673
1 7170273
1 7037156
1 6956723
1 5030619
1 9770554
1 6130920
1 8378113
1 5424636
1 6177134
1 1673742
1 3008633
1 4681331
1 8313433
1 2089712
1 6666851
1 1173729
1 2834368
1 7017685
1 471564
1 5343692
1 154182
1 6397094
1 4412818
1 374955
1 6749946
1 5760119
1 400334
1 1619398
1 2100561
1 5540388
1 1981521
1 9420275
1 2318786
1 3946484
1 7470337
1 8175127
1 9113803
1 5063263
1 9506811
1 5769114
1 6649481
1 6506063
1 3843028
1 1352881
1 346312
1 6816660
1 8717228
1 8784244
1 4157149
1 2509089
1 5612156
1 7884726
1 7332667
1 7224987
1 2832720
1 3686105
1 6200878
1 130638
1 6195360
1 7274169
1 9026225
1 5877339
1 5470847
1 735079
1 4567714
1 8171240
1 1628753
1 9441044
1 910116
1 610032
1 4693829
1 5310467
1 866012
1 155914
1 9415885
1 1457206
1 8373509
1 7093487
1 9897857
1 4678969
1 4809682
1 4491997
1 7491491
1 4773656
1 2469739
1 6930509
1 5196193
1 9036885
1 8242543
1 2156149
1 29358
1 2463245
1 2250948
1 6984898
1 2705496
1 3518876
1 1392195
1 1669311
1 8458516
1 851839
1 271722
1 5029455
1 1555521
1 5944137
1 3618695
1 2615137
1 9023916
1 9277290
1 8753118
1 2901092
1 1606632
1 1323965
1 1027791
1 2759308
1 1206222
1 5828201
1 808805
1 33545
1 6050780
1 8197990
1 8397647
1 3016750
1 9415658
1 98785
1 3963745
1 4702832
1 1542474
1 4466784
1 4379264
1 6576714
1 7219499
1 4960617
1 8312735
1 6802231
1 9169661
1 2770066
1 3612240
1 9114556
1 3988403
1 8440061
1 9544980
1 6150067
1 6779057
1 499725
1 8429022
1 422903
1 9717677
1 1189710
1 8372075
1 7698161
1 8347168
1 1694569
1 2757231
1 9331054
1 9085969
1 5282732
1 3358893
1 5106496
1 2889726
1 3671825
1 5164891
1 5482612
1 9796116
1 8474546
1 7514810
1 5386322
1 3156348
1 2928981
1 5534955
1 8428852
1 6374919
1 7342095
1 6579698
1 1674269
1 6951122
1 219703
1 4573052
1 9429946
1 5542592
1 8947252
1 7616376
1 6860235
1 4231171
1 112481
1 9907846
1 1040472
1 1586384
1 9168104
1 4145574
1 7015283
1 9258422
1 9458690
1 4380217
1 3499382
1 9318753
1 3252472
1 2030119
1 8180338
1 6972521
1 5884738
1 1203371
1 2605559
1 7553724
1 9523022
1 5045719
1 6312774
1 1982008
1 9051821
1 9192216
1 3277252
1 5944222
1 7709190
1 8733240
1 2133244
1 9188756
1 6890431
1 1209115
1 1408358
1 2823645
1 1218123
1 6772812
1 1643662
1 2811461
1 4087626
1 1957722
1 7857146
1 5027356
1 5360506
1 3553993
1 4420356
1 5657941
1 2987505
1 9835538
1 7308559
1 8083993
1 4348852
1 5894807
1 548113
1 4719500
1 1976734
1 284121
1 2057613
1 5729361
1 7177399
1 5562115
1 4593912
1 5808506
1 3856436
1 5806075
1 4384037
1 5735588
1 8011627
1 1829361
1 5652018
1 4405514
1 1370517
1 2770164
1 6660044
1 7517931
1 3832506
1 1695240
1 7011749
1 1094897
1 8336067
1 5087051
1 4581739
1 1876719
1 7132159
1 6748463
1 3035477
1 5788168
1 7785756
1 1934040
1 2772362
1 6415021
1 1483560
1 6391607
1 2208888
1 8987797
1 9203124
1 8580723
1 522266
1 5734457
1 6034749
1 1785702
1 2485253
1 4459939
1 1311931
1 7219023
1 6486000
1 1611577
1 4718837
1 4505230
1 5809412
1 5106219
1 4928392
1 6103996
1 703171
1 4021784
1 7737789
1 9966467
1 3731151
1 5966846
1 2581854
1 4295717
1 8200700
1 8519779
1 2748761
1 2589606
1 4844584
1 8113085
1 2901248
1 4730472
1 5599118
1 8660732
1 2406989
1 219569
1 4234206
1 6764988
1 5876180
1 5817571
1 9951093
1 4002295
1 5624000
1 9118800
1 6557486
1 8442590
1 7140183
1 8493367
1 4299627
1 4480618
1 8615427
1 2793386
1 5569261
1 2232943
1 4420062
1 2668969
1 1755579
1 4364588
1 2837824
1 8644166
1 5728735
1 6947264
1 8464725
1 9192040
1 555816
1 6253414
1 6972602
1 4318284
1 6339595
1 2155030
1 4426752
1 2577093
1 1180234
1 961232
1 6192294
1 9340258
1 8197086
1 6733350
1 6467258
1 9779584
1 5620961
1 4440285
1 2897895
1 6568926
1 6207233
1 6875890
1 1453531
1 1281231
1 1268359
1 1602275
1 6863568
1 6546926
1 541969
1 3765300
1 3153454
1 3901784
1 6177485
1 5068497
1 6229554
1 1471824
1 8368692
1 9416006
1 2758490
1 963852
1 7642039
1 6204640
1 2769732
1 4129628
1 2405660
1 5418932
1 7579738
1 9687826
1 8099200
1 4046181
1 5893942
1 9802339
1 4065481
1 2682136
1 2470621
1 3974834
1 3627529
1 7802154
1 9443444
1 3297887
1 4688289
1 9554153
1 536055
1 344079
1 2614323
1 3331382
1 1597944
1 4875260
1 8464919
1 6874111
1 5786415
1 6414899
1 7278355
1 8149590
1 9710896
1 7874747
1 7881088
1 1137409
1 8284186
1 1536222
1 4217392
1 1182517
1 1041393
1 1911993
1 9358235
1 1750901
1 2544898
1 5609949
1 2738791
1 5626438
1 8662521
1 9479843
1 1573777
1 4891812
1 2665142
1 9444488
1 4953149
1 9743498
1 9354808
1 2745193
1 2692607
1 3177911
1 5555273
1 4336479
1 1734138
1 1616003
1 4301795
1 4831840
1 8128474
1 1154816
1 3551821
1 8221165
1 1290629
1 2472448
1 5154541
1 8020242
1 7236627
1 6508116
1 4058904
1 8459371
1 24217
1 1612289
1 3682823
1 5765028
1 4629440
1 8321570
1 7940832
1 654229
1 1917766
1 8985642
1 8679290
1 5017002
1 1169554
1 8787205
1 1195183
1 3957375
1 3428993
1 3607485
1 3288288
1 9109121
1 5816771
1 2448985
1 3140683
1 2825784
1 2952297
1 8049753
1 8684210
1 5792502
1 8509520
1 7770131
1 4326363
1 1860647
1 9589536
1 6472817
1 7555043
1 4186731
1 3163753
1 3259924
1 8717364
1 2099755
1 5179006
1 5929298
1 9177430
1 7677163
1 5180568
1 630478
1 7499342
1 2030712
1 6375618
1 376540
1 6867997
1 4680399
1 788756
1 8689560
1 5738841
1 6453760
1 9845957
1 8627810
1 607230
1 9347668
1 7580880
1 2825471
1 4829168
1 6689100
1 6365764
1 9699737
1 1153868
1 4582928
1 2849755
1 2733648
1 5912547
1 9975938
1 9618763
1 8976470
1 4606442
1 6193160
1 4890994
1 6250084
1 9932464
1 5071826
1 2974609
1 3191187
1 6833333
1 2293446
1 7453891
1 3601967
1 6187325
1 625469
1 5416081
1 6232710
1 9748651
1 4382760
1 6460141
1 9128831
1 1170084
1 2715326
1 7151815
1 8564269
1 3384744
1 8928043
1 7161157
1 809779
1 4891094
1 2231049
1 5930230
1 9123984
1 9821898
1 3503158
1 3394309
1 4436507
1 8556188
1 8458902
1 1372434
1 4479609
1 2009673
1 4501010
1 9766844
1 505132
1 1225949
1 3331676
1 6407879
1 4907925
1 8115525
1 4918249
1 8989255
1 920722
1 4354052
1 3687022
1 5244302
1 6805379
1 8149617
1 1496162
1 3719620
1 8217374
1 5359141
1 7445926
1 5955288
1 5960305
1 7533642
1 9734873
1 4667137
1 50961
1 7634340
1 7508924
1 2582187
1 7749852
1 4171037
1 3520510
1 7370346
1 1238068
1 3496048
1 628388
1 3976696
1 972945
1 4869358
1 5017855
1 4270164
1 6131909
1 4799979
1 866380
1 8281973
1 7215235
1 7591850
1 1186470
1 6851850
1 6302307
1 5058162
1 6726244
1 533017
1 9196203
1 564097
1 3465163
1 9730806
1 1700916
1 8780275
1 2175725
1 5750807
1 5840014
1 6618638
1 7138749
1 543982
1 7471263
1 3507876
1 3886997
1 9516814
1 9838678
1 8584704
1 4037922
1 6080496
1 581064
1 7334845
1 953448
1 7987298
1 6867113
1 546556
1 5136464
1 4139771
1 3034146
1 5067780
1 3886929
1 8743277
1 9067565
1 8357778
1 8726539
1 4545466
1 5450677
1 191731
1 3735458
1 5952289
1 4252875
1 5861331
1 3735419
1 5186778
1 459149
1 3111210
1 5392939
1 9485010
1 8214228
1 344640
1 3595941
1 2791894
1 5615539
1 5799899
1 3842949
1 2582891
1 9081909
1 3864400
1 5545734
1 2566306
1 5514256
1 3444081
1 3699137
1 4126841
1 3462099
1 6672462
1 7102672
1 3639351
1 5087417
1 9891697
1 4800982
1 1346142
1 6092083
1 869490
1 2344495
1 4667423
1 1019659
1 8117095
1 9236537
1 6351425
1 5243244
1 3606712
1 4270373
1 6433940
1 1851455
1 6841137
1 7257689
1 3168163
1 2081529
1 6141545
1 4803564
1 7113809
1 7019418
1 9959622
1 1153025
1 3633133
1 1087197
1 7968377
1 4838895
1 8410968
1 6333263
1 318767
1 211395
1 265079
1 7338350
1 5669753
1 5823642
1 4791593
1 961597
1 3723582
1 7663662
1 5844176
1 7041226
1 9958800
1 882799
1 7221225
1 1845863
1 8090540
1 6341326
1 9472605
1 2863802
1 5815092
1 5352647
1 3781515
1 3852833
1 426726
1 2495259
1 982912
1 8864718
1 3137980
1 8794483
1 8031203
1 4873544
1 306228
1 7700590
1 3433837
1 4089397
1 5136676
1 3827783
1 8931055
1 5819961
1 1791769
1 6789468
1 4274185
1 1107737
1 6404612
1 9501453
1 6230174
1 5184971
1 2507985
1 3682996
1 5417093
1 5687258
1 4094815
1 4139079
1 9117480
1 7599548
1 5501020
1 8734222
1 1899424
1 4924543
1 8090912
1 8416820
1 6975929
1 5644614
1 3715640
1 6020535
1 4162713
1 1475294
1 6274535
1 7753003
1 1158987
1 2138815
1 5694865
1 8035678
1 3829061
1 4736944
1 2407251
1 3983181
1 5243331
1 3821454
1 8631225
1 5191482
1 6506622
1 7310869
1 2738611
1 7692950
1 5089998
1 5080738
1 8433965
1 7288668
1 4126052
1 3527878
1 1125070
1 2546762
1 1179630
1 1237057
1 6846151
1 6000474
1 5071043
1 156013
1 5320067
1 6496214
1 3179655
1 2257285
1 3533198
1 7098580
1 6420932
1 4333993
1 6615747
1 7697845
1 2994973
1 2952261
1 9741645
1 2266413
1 1368940
1 4242813
1 9131754
1 7072736
1 8148022
1 2672133
1 4493989
1 5301339
1 1226737
1 7454034
1 6299509
1 2955872
1 9472104
1 8376487
1 4180072
1 1086431
1 4607112
1 7475690
1 447440
1 1985867
1 1386158
1 6709231
1 2738238
1 2281820
1 9539933
1 7702819
1 4822010
1 1642240
1 5215866
1 502703
1 6949664
1 7794284
1 1319003
1 1585972
1 8281590
1 8229243
1 8048725
1 5248054
1 1739139
1 9718876
1 5963407
1 6698030
1 7802186
1 7066071
1 4365732
1 6698863
1 8070419
1 1614475
1 7722906
1 628658
1 2448570
1 7016180
1 1256469
1 7925116
1 8640372
1 3660047
1 6673054
1 6468987
1 5805448
1 8249615
1 1710801
1 2089842
1 4499446
1 720092
1 3592342
1 6247048
1 2585156
1 4934116
1 3901557
1 464841
1 3299291
1 8727737
1 7611954
1 7191968
1 905798
1 9882871
1 5213412
1 3301994
1 138974
1 3895179
1 5541652
1 6451853
1 3113389
1 918534
1 5700880
1 786699
1 1667357
1 9267011
1 1626705
1 3060284
1 1620628
1 2766724
1 5635684
1 3582371
1 4171811
1 7341946
1 4137604
1 3089530
1 8411399
1 4546471
1 6648630
1 6441996
1 7077840
1 9588587
1 3016062
1 2653065
1 4942275
1 6717146
1 7149740
1 5098951
1 7095746
1 7323576
1 4342309
1 3533788
1 8949594
1 4023829
1 2517738
1 1628048
1 659636
1 8986895
1 8641034
1 7098095
1 5480102
1 7167857
1 5625031
1 7321814
1 2771665
1 5724937
1 6987108
1 1017775
1 8814514
1 269362
1 8218519
1 813221
1 5619612
1 3944146
1 7062027
1 4174804
1 9448949
1 3888964
1 3973441
1 8837632
1 3621565
1 7518826
1 6469540
1 3152308
1 8567008
1 3481474
1 9863999
1 1927429
1 4101032
1 3351882
1 7161451
1 2370281
1 6360606
1 1523015
1 5712215
1 4648728
1 2159197
1 3710323
1 7911983
1 715071
1 457222
1 2101441
1 2087306
1 4273390
1 2685063
1 8051750
1 3966013
1 1707319
1 311402
1 2268029
1 895601
1 456395
1 2704667
1 7053782
1 1906220
1 7420036
1 8064748
1 6480034
1 1539776
1 675280
1 5155925
1 913091
1 6493606
1 669486
1 380442
1 8285335
1 9188268
1 4781267
1 8026574
1 1376912
1 6604470
1 2004050
1 4245343
1 6116268
1 3565831
1 2942668
1 6564463
1 316421
1 9487831
1 193771
1 6187553
1 8981722
1 6482241
1 3042101
1 121879
1 2813183
1 8224575
1 8292596
1 2864137
1 1748107
1 6790175
1 8283686
1 1943066
1 1242672
1 4978231
1 5454711
1 4820224
1 4256636
1 8485008
1 2095991
1 913393
1 3863274
1 8371790
1 7296967
1 7790414
1 6902149
1 5253561
1 8799889
1 8283131
1 3728748
1 7914139
1 4406388
1 884837
1 1258482
1 2198354
1 1161715
1 6896435
1 3852575
1 3968772
1 6285629
1 6261976
1 8860101
1 8720105
1 3455113
1 1271969
1 7595620
1 7443737
1 3072624
1 4340280
1 1979472
1 2498866
1 7234509
1 4779372
1 1984316
1 8080016
1 1459524
1 3017914
1 8505047
1 9316699
1 4702489
1 4839562
1 382795
1 7365075
1 2584887
1 3248828
1 2688716
1 9315168
1 5984186
1 7379164
1 9542162
1 2154892
1 5237172
1 9514425
1 4300280
1 3301523
1 3609691
1 3890549
1 3382787
1 1098508
1 9890482
1 9762373
1 872100
1 2887872
1 4886739
1 3362621
1 6590591
1 8155705
1 2051651
1 597805
1 868364
1 4008176
1 1036828
1 3166479
1 3614885
1 4139320
1 3185770
1 2739120
1 8013751
1 1764444
1 6598765
1 3771878
1 1626139
1 6754594
1 485875
1 4796223
1 290502
1 3985192
1 4069677
1 9302398
1 3541923
1 9528557
1 963960
1 4423164
1 1566643
1 165969
1 2942877
1 9454482
1 6308194
1 4461466
1 5918935
1 1526889
1 7808141
1 4624853
1 1082847
1 3578466
1 5569211
1 4136329
1 4773235
1 2775655
1 3499794
1 6643262
1 2680944
1 6628071
1 9028096
1 1753757
1 663038
1 907501
1 3700078
1 8797670
1 6700623
1 8330410
1 2546412
1 6799518
1 5207575
1 7680485
1 1362540
1 6353153
1 9294869
1 4563290
1 8970595
1 7829843
1 3634125
1 2433219
1 4507076
1 8675803
1 4965203
1 2466842
1 6644268
1 9494609
1 607263
1 6433979
1 5057452
1 2292996
1 5132408
1 5336232
1 8589004
1 9959234
1 4134845
1 8225149
1 3438643
1 3237724
1 6097510
1 5143100
1 1162343
1 5823798
1 849294
1 4954061
1 9359897
1 5404251
1 1912252
1 4796708
1 4808207
1 191551
1 2248274
1 3927815
1 3995594
1 3247971
1 7390333
1 5213618
1 5542514
1 2848474
1 3239234
1 8660167
1 4319925
1 8067195
1 348901
1 5720100
1 1712370
1 6682133
1 9207030
1 5942184
1 6432158
1 5130057
1 5434432
1 2524020
1 3261881
1 2141448
1 6530085
1 8967850
1 5485927
1 660920
1 4069499
1 6168093
1 3646513
1 857195
1 6167277
1 5279924
1 4360952
1 8451539
1 2256133
1 6972106
1 2498575
1 8329381
1 6510374
1 4783677
1 5697844
1 5622467
1 1621639
1 1733126
1 3372351
1 4062648
1 7770069
1 8863812
1 9206484
1 3480719
1 3061432
1 4898089
1 30328
1 9893637
1 831920
1 6384700
1 4500678
1 7585313
1 5183705
1 3800867
1 1283702
1 1904020
1 8910780
1 1837553
1 4891997
1 5860692
1 3670776
1 1704027
1 2586243
1 9572823
1 351869
1 8694337
1 6161527
1 1219786
1 1693877
1 7716715
1 5431122
1 2787391
1 792688
1 347707
1 2441161
1 8746660
1 1425344
1 7937644
1 9690323
1 1724954
1 8214222
1 3479281
1 295200
1 6951088
1 5550715
1 5602592
1 6782351
1 5461535
1 5962108
1 253146
1 638419
1 1908447
1 7020589
1 2400138
1 5044167
1 7228749
1 1359935
1 1962417
1 9298279
1 8772123
1 2454619
1 5222388
1 935680
1 6835132
1 4736810
1 5346669
1 7265689
1 3190042
1 7458689
1 1396220
1 7064112
1 9058960
1 5154615
1 8410802
1 7984809
1 7619576
1 1130202
1 3272611
1 1125596
1 4672978
1 6350880
1 5812516
1 7635393
1 4674857
1 2490726
1 1299009
1 2150056
1 6496769
1 3145884
1 9861164
1 6911548
1 5619737
1 9232708
1 2487536
1 2802345
1 1464160
1 7190437
1 3851867
1 2117653
1 1156057
1 4917226
1 3571252
1 5914254
1 3455077
1 1702847
1 6491971
1 1088384
1 9607074
1 5127544
1 7607980
1 9586535
1 9951831
1 9037226
1 4306488
1 9063358
1 765156
1 5835882
1 5591508
1 596735
1 6493234
1 5755750
1 5185897
1 8677156
1 7713810
1 1546722
1 6753022
1 1998627
1 7707346
1 7275555
1 5643558
1 6239832
1 8034908
1 1754368
1 9650035
1 2231180
1 9705472
1 7896975
1 9053393
1 1844354
1 1824156
1 6343839
1 6295275
1 6470511
1 7522586
1 3035615
1 1130052
1 4801099
1 354411
1 5155739
1 6530405
1 1302647
1 7706245
1 5918594
1 4653151
1 6603101
1 352672
1 6949642
1 3774837
1 2875892
1 3894907
1 4543528
1 4978758
1 838988
1 6693950
1 3027609
1 4591028
1 2588980
1 246760
1 8518768
1 8041898
1 4001663
1 4838920
1 8337732
1 7113113
1 1975404
1 446078
1 3937537
1 5575773
1 91860
1 1048480
1 3753165
1 6443908
1 3837296
1 5102423
1 6110600
1 4303983
1 6325289
1 1236234
1 6879744
1 7186241
1 8094831
1 2894854
1 2044075
1 2851722
1 3777627
1 2341978
1 1553324
1 9114103
1 9025468
1 8790815
1 8101269
1 2564737
1 4221465
1 5030458
1 2047835
1 7681736
1 1385101
1 4420914
1 6488651
1 6178272
1 5104995
1 4126821
1 5083200
1 7082160
1 6579148
1 2419583
1 4142490
1 5017525
1 3174826
1 8980742
1 109911
1 2561463
1 6313158
1 6803107
1 5142716
1 2406586
1 23109
1 7522375
1 2842518
1 6593774
1 9561641
1 1944996
1 310774
1 7209744
1 2399567
1 9358094
1 4652086
1 785617
1 6889235
1 2386556
1 7604670
1 2195839
1 7242622
1 6721393
1 7522216
1 6929776
1 6953687
1 4547386
1 7895018
1 1609467
1 1805802
1 2180902
1 5305703
1 9833996
1 8628408
1 8728201
1 3185971
1 2490643
1 4251020
1 2276319
1 3081674
1 3034600
1 666791
1 9489927
1 2744966
1 344010
1 9856099
1 6945631
1 4872147
1 2480299
1 2334829
1 4482259
1 4360349
1 642042
1 7250657
1 9023179
1 9526341
1 4347197
1 213343
1 4434999
1 2705430
1 3615021
1 9120162
1 3778280
1 1641414
1 255004
1 4407161
1 5242887
1 1258693
1 9552643
1 7088385
1 5989998
1 907586
1 1183135
1 6023693
1 675661
1 8376822
1 837390
1 6588815
1 1699630
1 8143536
1 4529255
1 5118261
1 3168563
1 7776820
1 8213333
1 5159570
1 6291456
1 6233593
1 4902941
1 6520754
1 5160020
1 69033
1 8590792
1 5418784
1 4701843
1 5905892
1 44521
1 3607189
1 4692161
1 2774476
1 3645058
1 2087767
1 2995409
1 4502908
1 9271801
1 248171
1 8782097
1 1525985
1 2502765
1 1545150
1 5241658
1 8925191
1 8617820
1 3692246
1 5029779
1 9963955
1 9224704
1 8642914
1 8540661
1 8209348
1 672963
1 6762507
1 7271178
1 7488773
1 6655418
1 5408372
1 16307
1 4507597
1 9481619
1 2201175
1 6230013
1 7255398
1 695191
1 3922693
1 7905825
1 8775910
1 6570799
1 9284861
1 4481664
1 3168516
1 661938
1 7234172
1 4974593
1 6941629
1 689770
1 9906411
1 7388954
1 6766274
1 7764461
1 1051806
1 8077764
1 3743798
1 920075
1 2888815
1 1665999
1 6866526
1 5302723
1 4585751
1 7710182
1 3900926
1 4700622
1 9822842
1 2967356
1 3555508
1 5336940
1 7172085
1 1360894
1 6028616
1 3223338
1 4979542
1 3285267
1 4883902
1 9544653
1 6263981
1 9233609
1 6085961
1 8481740
1 4779816
1 2159099
1 2301446
1 7815845
1 7769784
1 8627908
1 1631654
1 5292579
1 4711154
1 5569889
1 425870
1 2930630
1 4400351
1 8145528
1 1811268
1 9081684
1 1319643
1 754077
1 3105634
1 8653922
1 3353582
1 9216718
1 4551555
1 1909035
1 2588174
1 3294729
1 3015446
1 166405
1 725056
1 8876025
1 3583075
1 8638800
1 4517485
1 8454240
1 4083669
1 3964148
1 3651631
1 5435976
1 1234407
1 6735327
1 1130967
1 9146687
1 1417454
1 4764913
1 7321529
1 5915409
1 9385572
1 4830736
1 8608026
1 9308593
1 138870
1 479854
1 252623
1 400191
1 4555579
1 6465859
1 7590553
1 1650651
1 5437923
1 7974011
1 186942
1 1787901
1 9117863
1 9022686
1 6598157
1 8833977
1 1666309
1 656292
1 6139496
1 4062735
1 9390262
1 7795430
1 2275929
1 4366361
1 6418616
1 6857682
1 4106668
1 5360021
1 5334256
1 2286595
1 701466
1 2850549
1 2489686
1 8121296
1 579849
1 8085010
1 7778789
1 5739693
1 6211962
1 2877040
1 9030356
1 3120619
1 6114636
1 143869
1 80523
1 2124419
1 3456718
1 6845218
1 96626
1 2254020
1 3427958
1 8840849
1 4431528
1 4608139
1 6079804
1 3141463
1 3050820
1 7178711
1 3582680
1 3940136
1 8287805
1 6145517
1 6596181
1 7876654
1 4969507
1 1048140
1 667328
1 4931636
1 6701392
1 4790273
1 5828506
1 7323052
1 1274099
1 741835
1 4086873
1 7938217
1 5397760
1 7006766
1 9947753
1 7783712
1 8318725
1 5768474
1 8211488
1 1856554
1 1769590
1 6138767
1 1858914
1 7245822
1 635134
1 6861498
1 2107652
1 3081986
1 2198042
1 4320310
1 6275690
1 8291966
1 4307278
1 1940129
1 9950945
1 3985447
1 8679820
1 2270865
1 9924172
1 482896
1 7457756
1 4940027
1 6512907
1 4003218
1 6462809
1 3232932
1 2357176
1 1780026
1 9515390
1 4812341
1 9390031
1 9799350
1 499850
1 2745006
1 4814135
1 5167237
1 2889274
1 1435379
1 2460642
1 4267263
1 251020
1 3573534
1 1989222
1 6956041
1 5401354
1 1715401
1 4560179
1 643186
1 4453785
1 1775683
1 7707437
1 2552165
1 1396532
1 2103397
1 3695567
1 52567
1 4027000
1 4329144
1 7296078
1 1640010
1 367743
1 7692540
1 1466786
1 7874544
1 9028993
1 4777460
1 7827792
1 30097
1 4748076
1 3728439
1 5352892
1 409804
1 879178
1 6038276
1 6174247
1 5936425
1 3756028
1 4418114
1 4899107
1 5512462
1 2201073
1 4059516
1 8899685
1 9046554
1 8233775
1 6747773
1 6923082
1 7926258
1 1975386
1 9333935
1 9286685
1 5354016
1 712142
1 1724115
1 9398559
1 2176803
1 9029281
1 9554679
1 3696434
1 7240773
1 2328763
1 2241147
1 2094642
1 8883034
1 9741292
1 6269844
1 527945
1 7197981
1 2176370
1 958273
1 7505080
1 8666025
1 8296083
1 6631598
1 5011162
1 9055220
1 3666092
1 9594725
1 5075834
1 3270952
1 9631595
1 102287
1 4210609
1 5805249
1 1130685
1 4651849
1 4848009
1 2356529
1 4444597
1 6837824
1 8103961
1 137577
1 6749087
1 6013284
1 8930912
1 1008272
1 5517457
1 5497068
1 8003032
1 286894
1 4388181
1 769963
1 4526619
1 4498869
1 5606752
1 9979051
1 1434552
1 1018939
1 8726673
1 4943368
1 3581900
1 9435340
1 9162093
1 3081574
1 5216422
1 4961528
1 4579793
1 8552877
1 8506665
1 8336595
1 8955795
1 6818536
1 9017884
1 1557227
1 9336707
1 7180760
1 4451685
1 9600935
1 593131
1 6674469
1 8747293
1 879681
1 7502434
1 4575745
1 3279226
1 1298035
1 690327
1 6442795
1 140064
1 9368618
1 5586029
1 5398496
1 5972455
1 9627551
1 8576757
1 5595254
1 5208856
1 5096137
1 7714326
1 9261951
1 4168383
1 9271847
1 4248016
1 701866
1 9349720
1 6088043
1 6861491
1 9407909
1 8471499
1 4652889
1 3079603
1 7547295
1 1480634
1 1676287
1 9836702
1 930004
1 9957310
1 4567195
1 819380
1 2479349
1 9215688
1 4156303
1 6707284
1 1631781
1 166914
1 4522402
1 5136215
1 7221916
1 7700075
1 1071446
1 2394868
1 3392688
1 1425429
1 8506237
1 6954241
1 3037237
1 5014573
1 2715234
1 5410648
1 5429752
1 7446934
1 8243024
1 4360207
1 2316404
1 755736
1 973422
1 2595662
1 4989704
1 6974711
1 2830747
1 5898002
1 9415012
1 385010
1 8056284
1 4052054
1 2077732
1 7669414
1 1567997
1 9055605
1 7678336
1 387744
1 8461574
1 914593
1 8125919
1 7368496
1 209972
1 1412630
1 1133435
1 2565861
1 3913307
1 3224600
1 9912583
1 1337091
1 9570663
1 515939
1 2318641
1 9035447
1 9076978
1 9971995
1 7303159
1 2803099
1 280928
1 9084388
1 6536990
1 5602477
1 1819868
1 5384213
1 1044875
1 9012746
1 422582
1 9961752
1 3562894
1 2471927
1 8634280
1 8667852
1 9930043
1 5942526
1 9118635
1 7094274
1 9399181
1 797157
1 6917597
1 8987234
1 537411
1 4139565
1 4873691
1 8191281
1 2397448
1 4616877
1 8355307
1 10999
1 1504629
1 3078107
1 6914459
1 3911339
1 4412488
1 1390079
1 2109377
1 8730181
1 7779392
1 9589252
1 5600104
1 2982718
1 7155895
1 970078
1 751017
1 8317835
1 674140
1 8746872
1 8615702
1 2279888
1 4669689
1 7851394
1 7691897
1 5367131
1 4517316
1 5215527
1 2739255
1 1380338
1 3627333
1 1475515
1 2630768
1 2579887
1 5617536
1 2761101
1 3200398
1 3382679
1 960604
1 8287945
1 1687385
1 7752388
1 807654
1 9655968
1 8801973
1 594025
1 2088825
1 4021137
1 7778201
1 6271449
1 8457668
1 9210742
1 3443551
1 6715132
1 39446
1 7715657
1 7881940
1 1888726
1 1015639
1 6837050
1 7593721
1 6378106
1 5488103
1 3239476
1 202248
1 1585392
1 9824181
1 6920928
1 8628877
1 1696349
1 1046076
1 1698916
1 7400023
1 5575551
1 2823876
1 130076
1 2153141
1 6306423
1 6958193
1 9492094
1 7515580
1 3433106
1 4244555
1 1066914
1 5862878
1 7991494
1 5127491
1 338308
1 329020
1 2204703
1 4117329
1 2825334
1 6302936
1 9662716
1 4028247
1 333184
1 1577823
1 6910755
1 7398897
1 2569586
1 671358
1 7562660
1 9213825
1 3340768
1 1844908
1 7610812
1 6602735
1 1475915
1 6899250
1 6061995
1 4382568
1 781516
1 3284296
1 6965401
1 3221686
1 9988573
1 6974266
1 9252997
1 1544543
1 7201560
1 3563359
1 2956691
1 6637717
1 5481188
1 3152475
1 3339873
1 8980718
1 6361383
1 1719642
1 6070872
1 100208
1 1793763
1 8687267
1 3570725
1 3227438
1 1948814
1 8111969
1 5785622
1 6866143
1 5012703
1 3853023
1 3168768
1 6319502
1 1115385
1 5279555
1 557581
1 8502667
1 8098094
1 8436292
1 1964724
1 2307535
1 6804406
1 2118363
1 769222
1 4399675
1 3984935
1 6291736
1 1642543
1 9146828
1 5037539
1 5260174
1 2830953
1 4481509
1 6537372
1 9846785
1 2866422
1 8918870
1 429665
1 1417144
1 8760863
1 5780149
1 9044551
1 3836089
1 3162182
1 793304
1 6150707
1 6387915
1 2437680
1 2380797
1 7962076
1 4720455
1 8523889
1 5871508
1 2474246
1 6014022
1 8006482
1 1102696
1 4084576
1 3196542
1 6002151
1 5143264
1 5296140
1 8826307
1 1767334
1 6655858
1 1486295
1 3814015
1 7778192
1 7114457
1 9729848
1 5572113
1 1573176
1 6562822
1 9130081
1 5587074
1 2727761
1 3385920
1 3571421
1 8008448
1 4274093
1 1995612
1 3463348
1 3766834
1 3245424
1 4900453
1 7690408
1 4089455
1 9451835
1 7410275
1 9973161
1 3750473
1 2651314
1 311902
1 2653215
1 3385928
1 4376093
1 7817529
1 8361380
1 9423118
1 1134286
1 2115158
1 542271
1 3691508
1 6845533
1 34677
1 4767794
1 9248363
1 8759221
1 2466106
1 9053684
1 9935885
1 7103957
1 1615411
1 5698973
1 4016382
1 1145515
1 3189773
1 5080133
1 3580744
1 3026271
1 9469520
1 4373652
1 3133796
1 2148239
1 9493046
1 2516081
1 313852
1 9868691
1 5969785
1 1353993
1 2171583
1 9091934
1 1621531
1 1436226
1 25626
1 2014171
1 1190024
1 5939577
1 5575337
1 6538160
1 4059960
1 7480156
1 8810275
1 859480
1 8980897
1 4356414
1 1031786
1 7467142
1 543419
1 6872370
1 9431514
1 3591695
1 1703188
1 1622695
1 1381625
1 1249170
1 4193070
1 9266005
1 5020816
1 2576969
1 4393480
1 7117529
1 3015355
1 7797503
1 4218944
1 9201108
1 8111518
1 6576358
1 103900
1 8576527
1 2241892
1 1050830
1 2027420
1 1545657
1 7627740
1 3410814
1 8865192
1 2290066
1 3023139
1 5301039
1 6962988
1 4214149
1 1876167
1 8734537
1 3060303
1 8069622
1 6516195
1 2890038
1 2018196
1 8951575
1 3091869
1 6856291
1 1686216
1 1621088
1 4487083
1 208459
1 9719639
1 7999635
1 6591659
1 6805523
1 2258297
1 8816565
1 8472817
1 6445260
1 1938279
1 9941719
1 100703
1 8097309
1 2783640
1 9631737
1 6229598
1 6831863
1 3448871
1 9810989
1 7882755
1 1086820
1 7080508
1 6281243
1 5299944
1 3996461
1 2751975
1 6721845
1 8176211
1 9981281
1 5367397
1 4087121
1 8358467
1 286868
1 5342176
1 893073
1 8318431
1 5098404
1 6567679
1 9471042
1 7361098
1 8274322
1 1711530
1 8735669
1 5259623
1 4011330
1 7015756
1 2936782
1 4022972
1 6157407
1 1665011
1 235368
1 8963434
1 2324101
1 6948656
1 2526857
1 4449923
1 5046044
1 8367201
1 4565110
1 8617883
1 6236957
1 3474360
1 7416447
1 3162364
1 4324714
1 5856002
1 9496257
1 4944787
1 7259397
1 8335342
1 3503075
1 7291805
1 1053999
1 5138889
1 5010244
1 3727215
1 5998453
1 6405125
1 252892
1 7550337
1 2997923
1 9833770
1 1577286
1 3643638
1 3298373
1 751493
1 6032139
1 3031438
1 595189
1 3478536
1 8184204
1 5932015
1 614773
1 8497537
1 4049066
1 5113036
1 1329104
1 9197858
1 3124863
1 514962
1 6133841
1 7472864
1 6705936
1 1436156
1 6026637
1 2348090
1 7691814
1 1066643
1 768344
1 1482539
1 2794352
1 820457
1 5509057
1 8476911
1 5912537
1 9869142
1 5986139
1 3000010
1 1582976
1 3975982
1 4979342
1 5853353
1 9903651
1 7872978
1 9368634
1 4944693
1 977090
1 1521165
1 8763553
1 9545810
1 1616165
1 5836873
1 9765601
1 3948925
1 5748678
1 7598492
1 3172093
1 2685109
1 1780710
1 6993120
1 9607252
1 9193738
1 6386989
1 8899274
1 5582346
1 5595514
1 6930845
1 645734
1 540087
1 1153140
1 4927124
1 5895028
1 8738786
1 4516092
1 6699622
1 4123049
1 3336196
1 9566382
1 1133141
1 9359090
1 1870027
1 7954349
1 2547838
1 2200958
1 1816302
1 8240063
1 2556113
1 6759902
1 6128750
1 5465467
1 4575563
1 9483177
1 5108434
1 7385213
1 5776991
1 6246291
1 2895798
1 2439319
1 341134
1 8439873
1 4422923
1 7027474
1 8097707
1 2223596
1 377818
1 7491640
1 3546562
1 1139838
1 3783339
1 7052943
1 3652739
1 2530492
1 7558558
1 8623028
1 5367959
1 2504888
1 8571997
1 2908296
1 8919837
1 5810054
1 6740592
1 9362819
1 7186333
1 8899117
1 2270566
1 7752972
1 8137660
1 805962
1 6443732
1 462106
1 5893879
1 8651688
1 4025138
1 4131169
1 8471468
1 6211458
1 8785900
1 1967233
1 7548841
1 7559378
1 2817013
1 5485695
1 4981682
1 9171679
1 9450658
1 9571018
1 2651418
1 1019394
1 3458971
1 412392
1 4770124
1 6592079
1 6330718
1 173028
1 2041283
1 7424697
1 8078953
1 8228141
1 7901108
1 8278534
1 8084315
1 9194517
1 1974093
1 2632231
1 1607825
1 5820393
1 6356443
1 8660724
1 5355500
1 1127630
1 5572611
1 7061239
1 7678614
1 3005103
1 7954045
1 1599934
1 4912464
1 4420384
1 3668773
1 6088592
1 7952839
1 9454423
1 4192592
1 4220003
1 7756829
1 8550862
1 2475006
1 6093510
1 5589726
1 1417502
1 4398928
1 9593914
1 7498119
1 1385374
1 2588616
1 3915411
1 1965047
1 9564414
1 3067982
1 4229418
1 7222837
1 1261566
1 2868776
1 4248836
1 6361803
1 474164
1 1670133
1 6511281
1 6979849
1 2128875
1 4286228
1 7188442
1 6976133
1 7502618
1 4434819
1 7452923
1 5950982
1 2205680
1 11845
1 8632631
1 7083180
1 1309658
1 9340976
1 2391738
1 7502610
1 7973847
1 9185158
1 4277560
1 6345922
1 6241872
1 5095478
1 2608034
1 7390675
1 6258955
1 5112232
1 968295
1 362561
1 6811794
1 8580008
1 4217521
1 5141889
1 7322349
1 2726008
1 399108
1 2441793
1 1682497
1 3533752
1 2497546
1 2036717
1 7766410
1 4959177
1 70972
1 4448708
1 4973346
1 4790962
1 1898716
1 7262134
1 2674842
1 1160207
1 3639416
1 5205812
1 8734450
1 1516457
1 6280846
1 4457253
1 3226522
1 9301228
1 2932664
1 7973458
1 4638555
1 5200678
1 2412996
1 862942
1 3219028
1 5325567
1 4481044
1 1280695
1 1713656
1 161915
1 210275
1 7765733
1 675044
1 5129417
1 2105791
1 5586342
1 4829876
1 9737650
1 5083961
1 362704
1 2393308
1 4591757
1 1774824
1 427603
1 6162612
1 6953566
1 7752814
1 2692030
1 498419
1 5555337
1 7114162
1 7710341
1 767795
1 2669966
1 7732842
1 1749152
1 7975488
1 2083712
1 6290058
1 6157587
1 9688660
1 4776297
1 8785576
1 8233591
1 5727173
1 6226744
1 3504271
1 4480389
1 8846669
1 5110252
1 1298424
1 7602877
1 9247579
1 5370842
1 7742863
1 3954199
1 2698827
1 8844784
1 5714480
1 4862076
1 4619401
1 2684257
1 3198966
1 437859
1 6774013
1 890018
1 8877189
1 8609759
1 430261
1 4184072
1 3116839
1 2999927
1 9408289
1 167356
1 5768929
1 7872190
1 7574971
1 5593278
1 7682054
1 4233232
1 560802
1 8796280
1 5771311
1 3662904
1 3899929
1 150736
1 9285805
1 9472410
1 9212774
1 5385314
1 1022538
1 6723984
1 6220474
1 1148210
1 6154614
1 8040937
1 1898697
1 7696176
1 1363077
1 7265302
1 2419665
1 6311490
1 3415916
1 1986018
1 9834709
1 1852546
1 6983392
1 9938901
1 7919847
1 9028408
1 5046818
1 4316390
1 9345003
1 2943798
1 999079
1 5283037
1 2620307
1 8728427
1 5964980
1 5426010
1 321597
1 2463704
1 3081310
1 8904452
1 8317967
1 6353304
1 2979060
1 258565
1 7851042
1 5379578
1 2896070
1 7934399
1 2809071
1 6581544
1 5363141
1 3043317
1 9502157
1 6612474
1 5293969
1 7801895
1 8929807
1 5041736
1 2661343
1 3341271
1 8544996
1 6407003
1 4492471
1 4409052
1 6908338
1 7280143
1 6535874
1 6640351
1 9202864
1 3626835
1 3858488
1 9004515
1 8728699
1 5665414
1 8940337
1 2090713
1 5625933
1 1223005
1 8717169
1 969320
1 3649002
1 496202
1 6570808
1 3138327
1 1518575
1 9598176
1 3159857
1 9112753
1 357946
1 6153000
1 9435812
1 5658611
1 5883257
1 9723385
1 4248982
1 2828697
1 9048030
1 1949551
1 5487694
1 2406951
1 6195311
1 6305924
1 7954380
1 964152
1 489500
1 1883581
1 859323
1 3191474
1 9458579
1 5647852
1 9269241
1 6012768
1 1125162
1 8433638
1 5483712
1 7221162
1 9160282
1 2810017
1 7412810
1 8584447
1 7098187
1 1118776
1 4228593
1 3901722
1 3671110
1 907361
1 4520106
1 9458687
1 2376159
1 6883458
1 9658241
1 4237176
1 9888806
1 5336196
1 9318059
1 9350894
1 2202178
1 2032020
1 8229511
1 9139988
1 812886
1 3593370
1 6381829
1 6131369
1 6029302
1 1623931
1 1318210
1 8691787
1 7793411
1 1549480
1 5675196
1 4349592
1 5779568
1 9730885
1 366424
1 2675962
1 9592746
1 446839
1 6808126
1 3186887
1 792897
1 795468
1 9408969
1 1680451
1 4054438
1 3283161
1 7582480
1 5614549
1 1187634
1 5725318
1 3467320
1 7754067
1 6766398
1 8992862
1 2928480
1 4150493
1 3395821
1 5948778
1 2669474
1 9043302
1 7918515
1 2811332
1 6780449
1 7997385
1 6981834
1 2426876
1 528132
1 8745378
1 4554096
1 5426045
1 3898604
1 5239676
1 8214351
1 8488072
1 5115761
1 9281624
1 8244058
1 9442938
1 2011195
1 9402220
1 6149926
1 4827253
1 8860443
1 65782
1 269317
1 3250314
1 3376626
1 8832512
1 653113
1 1724908
1 3760969
1 1566460
1 1410125
1 7548982
1 2000954
1 2036012
1 8386189
1 6723356
1 9247668
1 6320168
1 8764088
1 5480309
1 8849720
1 4620348
1 353945
1 3004391
1 9727991
1 461550
1 6262692
1 9075678
1 5476382
1 641537
1 958821
1 2443240
1 2072030
1 1806372
1 1796894
1 5150114
1 4455406
1 3055503
1 3929720
1 8344824
1 8640951
1 65812
1 6739860
1 3185293
1 7338513
1 5524835
1 7756041
1 1618503
1 3475859
1 1839123
1 1258889
1 123619
1 3562812
1 7213628
1 9821005
1 5445785
1 5275545
1 8332502
1 6753295
1 8118279
1 2239440
1 6984827
1 2684173
1 9524015
1 5333060
1 1859895
1 6265620
1 7500783
1 3410577
1 9670732
1 51577
1 8372713
1 4214455
1 3338561
1 8539166
1 2715663
1 4784360
1 9784277
1 7325890
1 4687064
1 5414780
1 3056434
1 3901027
1 9717143
1 8066815
1 5577449
1 2723991
1 19620
1 718571
1 308585
1 4298398
1 8579139
1 7121276
1 9568865
1 1077083
1 7271794
1 6181075
1 1715124
1 4886972
1 5198493
1 6011385
1 1460619
1 3899032
1 499310
1 7917467
1 6184364
1 7481979
1 7536476
1 4732122
1 2766332
1 5073474
1 1121535
1 9292503
1 1739200
1 9669992
1 7796828
1 2282864
1 6421047
1 1260126
1 4113491
1 6785884
1 9232201
1 6571172
1 3650461
1 807779
1 3356529
1 5195004
1 1090744
1 9525754
1 8057435
1 5645055
1 7215380
1 1121812
1 5295750
1 9609654
1 9588861
1 5869077
1 2084002
1 3126840
1 9261543
1 3939565
1 425208
1 6603354
1 5681063
1 1340135
1 3525702
1 7098122
1 8215591
1 5350254
1 4848181
1 4443289
1 7474299
1 2743810
1 4998637
1 8453352
1 6879287
1 182284
1 1227954
1 2279121
1 8214276
1 9303617
1 6167187
1 442142
1 7274676
1 4668269
1 8830985
1 9335570
1 3490266
1 9753131
1 2251799
1 9487764
1 341315
1 6033257
1 4427934
1 895896
1 7231469
1 2112003
1 7714610
1 3941473
1 3448229
1 923528
1 3905155
1 4445209
1 762088
1 6216913
1 8090754
1 8220249
1 7746469
1 1735049
1 1187695
1 375562
1 2074093
1 6227781
1 3830252
1 5249605
1 72713
1 7217669
1 5509344
1 3158126
1 5340757
1 4823061
1 9028905
1 4346170
1 8483549
1 2942271
1 5368971
1 4155033
1 4207285
1 9325417
1 8034855
1 2638052
1 5135313
1 2977498
1 2479174
1 650275
1 9239080
1 9602074
1 923927
1 1541308
1 250913
1 6171342
1 8724383
1 6337137
1 6747537
1 1563550
1 761572
1 2113234
1 4530040
1 8231419
1 2213474
1 6316241
1 2272332
1 9419839
1 5957564
1 674548
1 8174013
1 7609938
1 7584913
1 6282492
1 637824
1 2396882
1 8050784
1 5237735
1 5621602
1 3212368
1 8129655
1 2438994
1 3630113
1 6536472
1 5982584
1 3501381
1 2225822
1 4808378
1 562902
1 7235178
1 8706931
1 6027911
1 1405971
1 9812312
1 7100947
1 4162178
1 6049296
1 3577984
1 2225162
1 3581862
1 6771829
1 6489226
1 878409
1 7540147
1 6472449
1 4221930
1 5081244
1 6066837
1 4708903
1 8861293
1 4454769
1 7777525
1 7172594
1 8735989
1 781079
1 3483416
1 7487639
1 6903523
1 3964722
1 5135581
1 498915
1 4138183
1 1391008
1 4740774
1 1365365
1 7757033
1 921913
1 7458170
1 7722535
1 8083711
1 2839006
1 6597894
1 3248767
1 4115650
1 2947042
1 7617939
1 7696888
1 9635580
1 3181326
1 1944148
1 7418130
1 6048333
1 4260432
1 1484987
1 319657
1 1921765
1 9804706
1 7502534
1 6598968
1 2616649
1 7085231
1 2762850
1 9055441
1 9289266
1 1231327
1 2862850
1 3332927
1 7623505
1 4962803
1 5892945
1 5972025
1 3762276
1 564999
1 2000627
1 3427263
1 2818398
1 7835905
1 2318687
1 5473737
1 1441234
1 869382
1 1419979
1 3587885
1 9842066
1 9080353
1 5198290
1 1246185
1 3735070
1 2688455
1 8799814
1 8933497
1 6432495
1 8959838
1 8938859
1 394901
1 5716947
1 6128386
1 5436190
1 8928380
1 3160297
1 4332968
1 7212351
1 4618986
1 9900935
1 9463049
1 5829814
1 2223756
1 4516176
1 183586
1 636336
1 5447522
1 2882105
1 4077416
1 9963179
1 8990045
1 1213182
1 2009288
1 2688365
1 4331039
1 7156251
1 5631740
1 1381609
1 1300695
1 1546304
1 6024378
1 7192200
1 1634602
1 5972790
1 7312887
1 1305887
1 5112080
1 3993880
1 7103206
1 22911
1 2074739
1 506178
1 3317378
1 8133205
1 9981413
1 4703521
1 947467
1 3932809
1 9424732
1 9636244
1 3784392
1 1670159
1 9352949
1 3886554
1 3607266
1 2282752
1 2994080
1 6626951
1 4304273
1 9106947
1 9672240
1 8062430
1 3237601
1 3809340
1 8670829
1 6793189
1 7994561
1 9477954
1 943411
1 3567886
1 9015566
1 944933
1 9584433
1 391260
1 1559999
1 234484
1 3301452
1 9409168
1 5226899
1 6413406
1 5789707
1 7382990
1 7868621
1 9642333
1 980991
1 8763618
1 1715262
1 1093490
1 3233990
1 4437748
1 2414172
1 1950422
1 7851200
1 1930027
1 1815705
1 1893860
1 7309239
1 4751845
1 8027155
1 5771461
1 4755854
1 5946417
1 9321447
1 6510969
1 8741763
1 2768005
1 3962862
1 6906499
1 2290389
1 3127150
1 7371657
1 7623481
1 5260870
1 9747408
1 5570668
1 8891096
1 9010616
1 4804385
1 6090744
1 9611575
1 2620288
1 7267529
1 1669173
1 5973025
1 517364
1 460985
1 2431231
1 2392383
1 5193533
1 8469655
1 6440352
1 5025000
1 7910375
1 9748042
1 1035812
1 8715753
1 1130103
1 3436037
1 2472260
1 5952275
1 863364
1 9923858
1 3282225
1 4768145
1 4672271
1 5983707
1 6292643
1 2523724
1 1724733
1 5162236
1 2247642
1 3329098
1 12114
1 8616341
1 8450731
1 618529
1 49667
1 3543206
1 915135
1 2259256
1 2361937
1 2961540
1 5881142
1 6736982
1 1710874
1 4684538
1 1745955
1 922553
1 6337520
1 9876707
1 1321402
1 9130281
1 625115
1 1659669
1 9602819
1 5054099
1 1571923
1 5824293
1 8483082
1 9086148
1 736000
1 5677747
1 9726671
1 1043214
1 2631731
1 5799135
1 6067085
1 3373622
1 9525778
1 8040955
1 5407981
1 6138961
1 4450869
1 232803
1 7330583
1 6690082
1 767366
1 1961065
1 1680155
1 2170834
1 1859605
1 6416738
1 5627435
1 7756441
1 7787257
1 1304874
1 5958751
1 3514785
1 684544
1 8098518
1 2923085
1 8146494
1 217757
1 686632
1 9277611
1 9608218
1 3774419
1 8572172
1 4032325
1 1450541
1 5123505
1 9579486
1 9228401
1 7397711
1 6719647
1 1912945
1 6163566
1 3339468
1 2400468
1 2143139
1 4030208
1 3940570
1 9558554
1 9122754
1 1967642
1 2215162
1 2467773
1 1149432
1 6802532
1 165844
1 3080014
1 5331452
1 5605364
1 9079872
1 3393025
1 8538434
1 6089398
1 1615663
1 7868191
1 2537923
1 1712509
1 5458370
1 3147060
1 5944143
1 1751037
1 5787710
1 991919
1 7178611
1 1156573
1 5552478
1 2456458
1 8640187
1 9144387
1 199371
1 6098859
1 4202628
1 7772522
1 7484418
1 5415865
1 4162243
1 3418986
1 3248269
1 4858800
1 6846161
1 9267304
1 6445252
1 4719963
1 2046989
1 8780800
1 5783034
1 6717425
1 3967888
1 23500
1 2007048
1 7037454
1 9955876
1 1634040
1 8830288
1 8443219
1 3212117
1 3688562
1 151529
1 2392642
1 9694651
1 1369906
1 7663245
1 1470493
1 8973291
1 8592662
1 888678
1 5987876
1 5314777
1 241224
1 4660981
1 2994719
1 1901805
1 1570558
1 3901244
1 670602
1 5363232
1 1192199
1 2183499
1 1588577
1 8147855
1 9847873
1 8131702
1 950299
1 2185994
1 1272699
1 5005053
1 1890383
1 4161204
1 8591971
1 3448944
1 2977007
1 9865498
1 1033608
1 4997068
1 1248856
1 2647354
1 890546
1 4771365
1 2324513
1 4864612
1 170973
1 6418306
1 9464191
1 4819005
1 8582790
1 7531097
1 9586849
1 6681845
1 5808869
1 4418831
1 6697859
1 5984382
1 4190530
1 1195922
1 7735220
1 2013942
1 8146566
1 4626589
1 2383643
1 5497821
1 9185400
1 7263419
1 9104422
1 8158678
1 7038506
1 8651041
1 4175589
1 7159813
1 6867708
1 1687518
1 850863
1 6445003
1 349381
1 4788903
1 9357667
1 7406731
1 1353897
1 9080621
1 4872866
1 5528445
1 7025132
1 3656681
1 2580347
1 1822858
1 4654511
1 1969464
1 586345
1 4752883
1 8451070
1 9172911
1 3729184
1 9106126
1 8729872
1 8276589
1 2559075
1 592419
1 2822203
1 8383886
1 9067766
1 381817
1 7326473
1 1409122
1 5405626
1 2575024
1 2733148
1 2679888
1 3221331
1 1011520
1 269522
1 59916
1 7859646
1 2775308
1 9672384
1 3439133
1 6872260
1 2799876
1 3373334
1 9497150
1 7393890
1 3757694
1 3418070
1 2285039
1 3042929
1 5129180
1 4219792
1 9611147
1 9866279
1 9908685
1 753281
1 5084520
1 1348740
1 2437291
1 4202431
1 7114037
1 6755925
1 2128026
1 1693541
1 2366378
1 6517793
1 7046820
1 7176543
1 2987326
1 9685585
1 7377898
1 9647902
1 894694
1 125802
1 5015379
1 7187250
1 7961889
1 4839046
1 1875398
1 1687648
1 4697436
1 160156
1 3149676
1 2557320
1 7289067
1 2684025
1 4879605
1 9238684
1 1440811
1 4569917
1 6037115
1 3761816
1 1979545
1 5872694
1 4203712
1 8347924
1 8837310
1 5485297
1 9562178
1 7140239
1 4989312
1 3488397
1 7635239
1 6533934
1 6665460
1 4669992
1 1317705
1 4047131
1 1860339
1 8011990
1 8034747
1 4912471
1 364021
1 6274891
1 2830556
1 1379431
1 1913125
1 4255416
1 9636422
1 8450218
1 2035113
1 6828770
1 7835353
1 6863674
1 550961
1 5346704
1 9237934
1 565668
1 3082839
1 7648765
1 6408601
1 6159622
1 4287596
1 790131
1 5359545
1 3339719
1 6780855
1 1832776
1 6573803
1 8565974
1 8851333
1 7239856
1 5416606
1 1456994
1 105836
1 1771909
1 1667745
1 7538646
1 8328149
1 8434721
1 201513
1 4087729
1 9933383
1 7289162
1 8583896
1 4790012
1 7890543
1 906939
1 232085
1 5870860
1 7654829
1 6324929
1 4033160
1 4825647
1 1988548
1 47166
1 6869916
1 7960490
1 8824017
1 8692948
1 3359459
1 8278610
1 1400330
1 1482157
1 8619194
1 2915054
1 4019478
1 4539098
1 2173360
1 5494552
1 8073423
1 4892741
1 9216815
1 2248649
1 4393544
1 9793480
1 5869789
1 508285
1 6793327
1 23549
1 8885191
1 1259171
1 9320345
1 9391052
1 2185848
1 1358469
1 3032130
1 5068369
1 3238528
1 538807
1 2387590
1 3586236
1 5544393
1 7630481
1 641280
1 3718586
1 4218485
1 1898487
1 4864214
1 308954
1 8734325
1 5522148
1 2430914
1 7589964
1 6893260
1 9357021
1 5799353
1 4286164
1 902182
1 3791662
1 2544634
1 7821624
1 8181438
1 2797887
1 9627546
1 733619
1 9091725
1 6723224
1 4111884
1 353126
1 5835224
1 9089543
1 1090832
1 2445967
1 9013670
1 2507690
1 7877467
1 7656343
1 5016125
1 7151643
1 8259015
1 7009451
1 1099161
1 5148534
1 7379953
1 4001533
1 7039278
1 4676021
1 5032051
1 9860412
1 7649495
1 3739882
1 8018667
1 6708516
1 8236636
1 9928408
1 905889
1 4140228
1 237797
1 4662400
1 671772
1 4745140
1 4766743
1 9329120
1 9688360
1 809124
1 6539284
1 9432185
1 5061051
1 7390703
1 9637350
1 4166915
1 1945548
1 2970130
1 4827620
1 4201998
1 298637
1 5241518
1 7745951
1 9147567
1 1770942
1 2829198
1 4780984
1 4095185
1 1492691
1 5156343
1 9377932
1 475779
1 3307075
1 249492
1 3312704
1 7157174
1 8861824
1 6100030
1 2153574
1 1974131
1 9670823
1 5431829
1 1840706
1 5270688
1 8523087
1 6980451
1 9823743
1 7838385
1 1901526
1 9713218
1 2675765
1 8687598
1 4003468
1 3895559
1 598100
1 1782834
1 8334289
1 7197283
1 1164727
1 2969765
1 7380097
1 1740316
1 5890360
1 2482530
1 8791267
1 7547102
1 1525976
1 8318465
1 8224929
1 1367146
1 2524844
1 2479401
1 6374181
1 1912425
1 7299112
1 4431940
1 723966
1 9416575
1 3648147
1 8439645
1 1802441
1 9167981
1 6441946
1 7945643
1 4040205
1 1253798
1 3595286
1 7490187
1 1845386
1 3269067
1 4505887
1 6210007
1 6364981
1 7932218
1 7991524
1 8884878
1 6785520
1 1866200
1 7382273
1 1990843
1 6660386
1 8940560
1 9659684
1 3837289
1 1477254
1 9206181
1 8674437
1 3263763
1 5539029
1 7939198
1 887228
1 8596649
1 4770717
1 7846391
1 4657325
1 860991
1 2697672
1 6158038
1 8189315
1 6210938
1 6703185
1 7854093
1 9338944
1 1910176
1 9189085
1 4758837
1 360389
1 1011348
1 5026192
1 358011
1 8501010
1 1139506
1 8343827
1 861190
1 3045224
1 4604476
1 9875991
1 1748465
1 8483729
1 1099243
1 3738769
1 8443675
1 5675138
1 3941614
1 303486
1 4091983
1 4734960
1 7402275
1 4068187
1 3276495
1 7267166
1 8131984
1 148442
1 7637869
1 4233303
1 6998528
1 5278171
1 3726132
1 755820
1 2188256
1 6173011
1 8141825
1 1664248
1 9694072
1 8662098
1 5531800
1 7051517
1 1712007
1 7461825
1 4468966
1 7693609
1 7374527
1 6493980
1 7628837
1 4231728
1 5065107
1 6670195
1 5000406
1 9568740
1 5936442
1 2338733
1 6087497
1 9176360
1 6676356
1 5719360
1 1178555
1 1178304
1 8792987
1 3904747
1 2235446
1 8137579
1 4117076
1 4061686
1 5495839
1 5486669
1 2439310
1 1414706
1 6323381
1 6754187
1 5475150
1 6715245
1 3762949
1 9573050
1 232224
1 2923309
1 1869361
1 6462964
1 6903709
1 2447399
1 5359804
1 1019518
1 4993093
1 3429893
1 3822307
1 3989230
1 5972022
1 5162376
1 3267083
1 2204507
1 5982700
1 2460707
1 1414721
1 7923200
1 9061072
1 4264543
1 6172414
1 4653377
1 8715399
1 4194257
1 4817893
1 5983723
1 7846313
1 3970436
1 2559451
1 2022784
1 9227630
1 8900098
1 7296888
1 7766512
1 8641900
1 6364779
1 5134681
1 4730874
1 109318
1 9220875
1 742694
1 7007513
1 1274527
1 2578071
1 2802564
1 449544
1 9979483
1 5728184
1 286537
1 3798437
1 5186602
1 5272187
1 7141390
1 9338328
1 5941334
1 2889832
1 8522864
1 6758342
1 1094931
1 3647247
1 666141
1 5943211
1 1103245
1 8872474
1 8052769
1 1959834
1 5431237
1 9262148
1 8849159
1 6594607
1 7079228
1 8746589
1 5279079
1 6001578
1 8236300
1 1326843
1 8955349
1 7161058
1 3994534
1 3088867
1 501880
1 6871708
1 5431430
1 118996
1 384057
1 3840732
1 6791718
1 142481
1 7051287
1 7701792
1 7768462
1 929198
1 1639315
1 2114647
1 1803950
1 8728666
1 221542
1 4647621
1 7035520
1 9369305
1 7892835
1 1441735
1 9659946
1 1396114
1 1135190
1 5727015
1 5228860
1 9018094
1 7759717
1 9242234
1 4316567
1 2366660
1 140988
1 2994975
1 6129493
1 4361233
1 1656548
1 6343797
1 3617635
1 2444824
1 4515313
1 9835559
1 4588993
1 120073
1 8391933
1 1868211
1 2058589
1 8780462
1 1848892
1 4507928
1 3668129
1 134365
1 8128938
1 9746135
1 9645402
1 8956407
1 4611929
1 3526122
1 8342877
1 5076605
1 6780392
1 8670008
1 5584573
1 5256564
1 91073
1 6991130
1 9130376
1 5713969
1 821704
1 9599839
1 6630684
1 4210598
1 6922804
1 7239015
1 1203002
1 3009051
1 7932043
1 7438593
1 356874
1 3655289
1 8590012
1 8288091
1 7134701
1 5598315
1 9734944
1 3508684
1 2825293
1 312499
1 1534288
1 8841650
1 8235641
1 1872085
1 515920
1 2014742
1 9349189
1 727315
1 5023362
1 4165892
1 6774737
1 8765737
1 6507800
1 6189854
1 8862212
1 9478117
1 8508426
1 4208048
1 823771
1 8855169
1 6928969
1 3694743
1 5303162
1 1377606
1 7454421
1 6126819
1 6194935
1 1618492
1 9929276
1 7090839
1 3216830
1 5497619
1 8034271
1 6201823
1 7775133
1 6094778
1 374144
1 5836588
1 6285905
1 3346270
1 9621828
1 8269504
1 8597182
1 6864029
1 4776398
1 1647420
1 5315823
1 6711180
1 2734342
1 9627169
1 4212703
1 7539182
1 1810112
1 3380320
1 2783009
1 4195571
1 4341985
1 5726034
1 7085816
1 2810688
1 169910
1 3978466
1 5455602
1 1110143
1 2602205
1 4429520
1 1685508
1 6754411
1 1430883
1 2996196
1 3350103
1 384441
1 6552317
1 5742389
1 1119615
1 3875936
1 2345326
1 1802715
1 6236715
1 1967176
1 7797612
1 5099486
1 1198557
1 3897046
1 9586699
1 3516298
1 5351312
1 4883902
1 250170
1 6831833
1 2950525
1 9644916
1 135423
1 8177448
1 1821255
1 1229848
1 4281831
1 8996947
1 6455875
1 8093501
1 1609464
1 4726690
1 2372442
1 5541664
1 7404626
1 6038888
1 3784342
1 8212732
1 8885444
1 5015400
1 3468652
1 8942585
1 2351663
1 7963422
1 6628855
1 3930526
1 8405970
1 2814332
1 5799816
1 5090545
1 2774121
1 4245623
1 2368188
1 6505038
1 351639
1 9516547
1 8159956
1 1248709
1 5352518
1 8286717
1 673976
1 8193081
1 8285086
1 1301650
1 4675915
1 8378188
1 1607964
1 40553
1 7168504
1 9653251
1 1830670
1 2575306
1 4178467
1 5828227
1 3527279
1 9975289
1 8713082
1 420189
1 2535324
1 8647086
1 744859
1 6645504
1 575567
1 737418
1 3621523
1 6396471
1 2916104
1 3759499
1 3162906
1 7928661
1 7844802
1 4383070
1 5994149
1 9697938
1 6029690
1 2490758
1 9833045
1 383901
1 4652313
1 4811228
1 9687515
1 7306356
1 7354727
1 8683185
1 7284012
1 7744074
1 3919413
1 7172018
1 626551
1 7832159
1 2787332
1 9160464
1 1234403
1 2353169
1 8074242
1 8912296
1 6105698
1 7437930
1 7313774
1 8770356
1 2160912
1 3009439
1 5371493
1 4534088
1 3948816
1 8776767
1 6970308
1 6863357
1 2854108
1 3203657
1 5559569
1 6267645
1 2460006
1 7794486
1 7081364
1 7166833
1 9333337
1 9285801
1 2382819
1 5148639
1 776814
1 5771695
1 3886423
1 5458371
1 3652681
1 1348423
1 4764928
1 1445488
1 2961055
1 3938155
1 4847581
1 7880743
1 4273936
1 8352710
1 7422834
1 8706000
1 1293795
1 188111
1 8843126
1 7632724
1 6410163
1 3213604
1 618879
1 7982211
1 9952595
1 7218471
1 6844443
1 4962851
1 2160555
1 961317
1 1756971
1 6973420
1 1826462
1 1295119
1 5467070
1 2137989
1 3357077
1 8165624
1 6896920
1 5584184
1 3349530
1 8868531
1 707572
1 2814284
1 2892738
1 1716836
1 3458633
1 4123598
1 7070095
1 2392484
1 9278303
1 9433295
1 5900311
1 4553527
1 941213
1 4755851
1 177963
1 9691604
1 8729339
1 818385
1 4109421
1 2309159
1 120059
1 270376
1 6963630
1 8498204
1 7671174
1 6877470
1 6317379
1 4003767
1 7956098
1 3631069
1 4013534
1 6735233
1 1669820
1 4401243
1 6182916
1 7020877
1 1395386
1 5729647
1 9161016
1 2761088
1 816918
1 1705573
1 3039292
1 1932874
1 8284947
1 9089325
1 4013779
1 6614798
1 262166
1 4869728
1 7350102
1 7348609
1 7364895
1 3126694
1 7310148
1 8768073
1 9684452
1 6060588
1 5052885
1 9444250
1 4385460
1 907620
1 6155140
1 4241500
1 3268733
1 2580085
1 9667525
1 5399158
1 5341968
1 9349230
1 7379242
1 579302
1 3417445
1 8550277
1 4339269
1 6272341
1 4879522
1 8078627
1 4884720
1 17223
1 1701813
1 4959154
1 3694671
1 168450
1 7727424
1 9228643
1 997356
1 4574769
1 7532068
1 7727551
1 5250707
1 8400509
1 3990469
1 6296157
1 4251651
1 1200878
1 1156752
1 7104239
1 8890911
1 7436480
1 463683
1 3423749
1 5856278
1 2709419
1 2610434
1 7769727
1 4066080
1 1662229
1 8016462
1 4213884
1 6445636
1 1690980
1 525278
1 9257789
1 2176008
1 172071
1 8057867
1 4850081
1 869494
1 2963736
1 651506
1 9209075
1 5817366
1 7072396
1 8257599
1 1354897
1 254168
1 4760065
1 7088768
1 4313861
1 3021774
1 2518531
1 655988
1 5760088
1 6491384
1 1125175
1 1116707
1 276634
1 7182811
1 3030932
1 7817099
1 2826629
1 7179709
1 7038735
1 9576233
1 2809159
1 1539641
1 7633782
1 8854915
1 6693257
1 1330175
1 5643627
1 9568762
1 9820324
1 9377931
1 7314772
1 5862567
1 7152046
1 3741938
1 4755978
1 6923300
1 4684119
1 7229296
1 1441830
1 7496311
1 197842
1 5836596
1 9522594
1 482146
1 2581370
1 3215013
1 9104567
1 7203833
1 9310068
1 6536729
1 9980114
1 9204623
1 3667684
1 184507
1 234584
1 7933716
1 7764631
1 2461085
1 6999062
1 2725903
1 4138598
1 1489369
1 5686815
1 9488124
1 966151
1 7757865
1 524572
1 6430246
1 5913234
1 6117123
1 9449893
1 625867
1 2621504
1 9906492
1 5502459
1 9514075
1 8872740
1 1159425
1 5398697
1 3850639
1 4158545
1 1196575
1 4848340
1 8028106
1 3633244
1 3321338
1 7554753
1 4574977
1 2285454
1 2438073
1 1837539
1 6546824
1 8869147
1 3537393
1 3025743
1 2946825
1 3754768
1 6324932
1 8581580
1 8617022
1 6019004
1 1777843
1 1588811
1 9243814
1 1176376
1 7415344
1 7630006
1 9476331
1 3298729
1 8934103
1 6745015
1 9055981
1 957170
1 5520909
1 9049375
1 6046065
1 3571492
1 7327344
1 469144
1 4069782
1 5234003
1 8937950
1 6847833
1 393127
1 840662
1 5388311
1 2247865
1 5492647
1 5191991
1 2043080
1 1537108
1 2773992
1 431654
1 8470167
1 4383534
1 908877
1 4889239
1 636319
1 7916852
1 301261
1 6453537
1 1504901
1 9403894
1 4234709
1 7661149
1 6633203
1 9343285
1 2838230
1 7469823
1 4601361
1 9739181
1 6476386
1 706034
1 1607290
1 9605849
1 3876776
1 1387036
1 120943
1 2372192
1 4255872
1 5093580
1 8434446
1 1833928
1 6102496
1 3710584
1 750797
1 1800872
1 7786421
1 1399845
1 1858628
1 8577848
1 5493587
1 8451367
1 7952178
1 5436663
1 9332735
1 9521464
1 862838
1 5523486
1 5229614
1 2600113
1 8889694
1 606429
1 6108797
1 5315908
1 9249386
1 1825388
1 1952822
1 3317299
1 331209
1 8961440
1 325747
1 6090166
1 855892
1 6012376
1 2829576
1 2613582
1 3406053
1 4696687
1 7260873
1 9536221
1 2464256
1 9109713
1 8303832
1 1914637
1 9379508
1 600955
1 2359648
1 1899759
1 8132125
1 8170051
1 3784056
1 8373064
1 3237670
1 6091086
1 1030880
1 6715843
1 8445911
1 1866031
1 8884888
1 4155253
1 7152520
1 2095085
1 3770732
1 7172744
1 1504208
1 6526101
1 5942032
1 3093671
1 8820079
1 7652148
1 389792
1 9438207
1 7277055
1 5627740
1 2495944
1 896133
1 7637417
1 1793637
1 1879709
1 1727489
1 9233357
1 6594267
1 366444
1 3321811
1 470965
1 9064430
1 9597080
1 5432808
1 815575
1 6239981
1 9629133
1 1209696
1 97119
1 1701595
1 5912238
1 2296403
1 4854064
1 1281019
1 8414652
1 6994945
1 9334946
1 9881233
1 7939001
1 4329924
1 6906824
1 8938669
1 602205
1 4185482
1 2469019
1 5257724
1 563232
1 7776782
1 7455065
1 2273930
1 1613013
1 4127026
1 7404937
1 5631741
1 3504533
1 8559607
1 3118558
1 2964045
1 4234059
1 2744686
1 2234018
1 1527871
1 8431877
1 304434
1 6422184
1 4622823
1 261720
1 7316860
1 5227185
1 4614871
1 152177
1 7628622
1 5750510
1 4944011
1 5108067
1 439825
1 3966410
1 3437309
1 8129074
1 1162663
1 9811892
1 3897683
1 1603907
1 7337604
1 8742225
1 4977243
1 482798
1 8808095
1 3444243
1 9723429
1 8978232
1 594830
1 3664166
1 7399922
1 3009249
1 4267075
1 9699956
1 786604
1 1977240
1 6241785
1 9474746
1 6040861
1 7812771
1 8083504
1 1947807
1 1096555
1 8983245
1 1252537
1 573669
1 4449928
1 4579130
1 588090
1 8393326
1 7053650
1 8352431
1 2050729
1 2571833
1 6480167
1 298711
1 8653197
1 9826246
1 2085085
1 301286
1 1879367
1 6845163
1 9022332
1 1285707
1 8471937
1 1797443
1 3916168
1 2770461
1 4908211
1 429526
1 8331233
1 9744155
1 4078466
1 9718313
1 4510962
1 804088
1 3971022
1 9977533
1 6266369
1 2279473
1 745505
1 4152323
1 5996131
1 5228689
1 68259
1 6380244
1 5815557
1 328510
1 5013726
1 5273409
1 9686340
1 9694012
1 2997268
1 6865848
1 7997188
1 5656256
1 5051197
1 9956251
1 8620452
1 2386722
1 5933909
1 4627690
1 6966057
1 5820630
1 5989672
1 7091475
1 6839717
1 9837671
1 3794830
1 1947421
1 9411796
1 5358511
1 3239317
1 6238038
1 868650
1 4640431
1 7218028
1 1506765
1 8290728
1 4396194
1 9907453
1 3900661
1 3105889
1 1184054
1 1533517
1 6353174
1 9415578
1 3861025
1 2853665
1 7536711
1 1138440
1 2797524
1 9187434
1 3086300
1 3893666
1 9340024
1 8521012
1 4761770
1 5358773
1 8817470
1 9339422
1 5971220
1 1259561
1 5445255
1 6993794
1 8176727
1 4607523
1 6127919
1 6244751
1 594596
1 5698756
1 5499697
1 7860550
1 1345570
1 1177689
1 7612631
1 2977137
1 5921398
1 5638656
1 5336588
1 3547627
1 6549394
1 5368257
1 2750905
1 6479851
1 6757113
1 3247405
1 5387975
1 2951635
1 1244854
1 6871784
1 1398175
1 6361464
1 167585
1 2827105
1 1687465
1 9047123
1 8575012
1 961771
1 1785446
1 8780579
1 1430639
1 3367360
1 5429310
1 618456
1 4138737
1 9219166
1 6624733
1 5562534
1 9312982
1 5586802
1 931291
1 7314441
1 4168833
1 3015332
1 5964694
1 6368278
1 8586700
1 6182485
1 24566
1 9383350
1 8131089
1 2840221
1 3298026
1 4882725
1 3183274
1 2310002
1 6899050
1 3001809
1 9503670
1 7243287
1 4523579
1 1203416
1 7062261
1 9961019
1 3669558
1 3332102
1 3124129
1 4153872
1 2534999
1 7384896
1 2538442
1 7515382
1 6211553
1 5872953
1 2007310
1 5275555
1 2602241
1 1316858
1 4410169
1 6177052
1 7916853
1 990694
1 3412308
1 9952069
1 5296228
1 7284142
1 968863
1 2432081
1 6731111
1 3821681
1 4142539
1 3431815
1 7696598
1 9073840
1 7140601
1 3637972
1 7461188
1 919434
1 9343125
1 7303548
1 4887367
1 3040277
1 7886164
1 6347767
1 8321069
1 4065578
1 8853786
1 3336207
1 4984485
1 2330979
1 5357894
1 3278904
1 8994968
1 5366462
1 3706168
1 7931622
1 3844689
1 8891247
1 6691893
1 1690124
1 4644678
1 2671490
1 8036778
1 5996039
1 706253
1 1502199
1 3546302
1 6549928
1 4754506
1 6790680
1 8479913
1 1740446
1 5600092
1 2177779
1 6797903
1 1139090
1 1583528
1 9510844
1 4872046
1 4088079
1 7536183
1 6171096
1 4629966
1 9576971
1 4983475
1 4512572
1 5975258
1 2278830
1 134730
1 6779375
1 8999758
1 7051645
1 6782989
1 4045859
1 4012721
1 1194531
1 8555616
1 4712019
1 4779271
1 843980
1 8165478
1 9711092
1 4967409
1 4385788
1 9044345
1 1548934
1 930531
1 9950544
1 151062
1 5170808
1 784098
1 6278180
1 9420800
1 2257700
1 1988854
1 6620153
1 3748437
1 5728392
1 3721071
1 3280907
1 1822056
1 1602510
1 2588637
1 5733887
1 3945743
1 5934233
1 2543183
1 5211323
1 732715
1 3674117
1 7383484
1 7402782
1 5818870
1 8538385
1 2128130
1 4876948
1 1062593
1 8553757
1 9680627
1 813410
1 3440191
1 5281294
1 6597686
1 284141
1 1537708
1 6009681
1 1047952
1 7994943
1 4533082
1 7537931
1 3381843
1 5578333
1 3828791
1 815319
1 4498876
1 2679202
1 6324940
1 9787952
1 1136734
1 7415355
1 7536906
1 4025904
1 6167362
1 4547263
1 9116508
1 1192147
1 5519054
1 3238907
1 1591154
1 1168340
1 6469914
1 1975942
1 1747069
1 1127483
1 3644433
1 3525663
1 2036524
1 5969118
1 5687113
1 7809047
1 2956580
1 4334720
1 8916722
1 6150099
1 1171827
1 70163
1 9048403
1 8486949
1 4071271
1 2896459
1 283876
1 4946810
1 4050393
1 5149668
1 174148
1 8968139
1 5475416
1 9555159
1 3993135
1 319346
1 4034001
1 1473601
1 8905696
1 3051281
1 5156240
1 4960803
1 8109408
1 2815143
1 3047290
1 1782163
1 944337
1 1796320
1 2408261
1 217828
1 2215155
1 688158
1 4000383
1 1942522
1 8211311
1 8991117
1 8473602
1 4979835
1 4201173
1 8836866
1 2864667
1 3938917
1 569905
1 8369647
1 2207532
1 9471502
1 7435753
1 160716
1 2101556
1 9017616
1 7869293
1 1676407
1 5959781
1 309221
1 7478032
1 458909
1 1108915
1 9118244
1 1864757
1 9132705
1 8702181
1 2086180
1 5740422
1 883414
1 9503649
1 9832439
1 9454544
1 243301
1 9312785
1 5009007
1 2813212
1 5091299
1 9800919
1 9307539
1 5805123
1 6352010
1 2247280
1 3385971
1 958314
1 2258414
1 6350721
1 3135878
1 264601
1 3529832
1 9032275
1 2204759
1 2868120
1 216336
1 4560976
1 1681124
1 8012384
1 5994246
1 3855101
1 5224478
1 4932375
1 1341324
1 5958581
1 1686188
1 1278106
1 1019180
1 8992318
1 2704874
1 5644522
1 5644743
1 8164218
1 6229831
1 680750
1 3714730
1 8722873
1 914943
1 3109351
1 5672757
1 775159
1 5534884
1 5991241
1 9598720
1 1934240
1 7418593
1 9863348
1 988761
1 427913
1 1642444
1 1761838
1 4917433
1 6795428
1 8429282
1 9229284
1 7522462
1 8616283
1 9995047
1 1146208
1 1455145
1 4954604
1 1602257
1 7279989
1 1855188
1 4694287
1 6919530
1 6407073
1 9627880
1 9842469
1 3532962
1 9077344
1 274060
1 3611401
1 623811
1 9734736
1 7080030
1 2776767
1 9488720
1 4485748
1 3718015
1 192992
1 2017332
1 3725043
1 2551758
1 2255488
1 103300
1 5195404
1 7390262
1 6685183
1 2615032
1 2806569
1 8679737
1 956714
1 4157870
1 2665188
1 8250449
1 5535714
1 4254003
1 169359
1 9828943
1 2420197
1 959911
1 8804903
1 7627801
1 2738842
1 5084204
1 7546947
1 3659853
1 6168027
1 4757599
1 8061819
1 2753365
1 2317154
1 3128879
1 6986960
1 7763280
1 6745596
1 1863107
1 1933165
1 1563925
1 7906538
1 2918585
1 198769
1 5389411
1 5808097
1 757505
1 9855482
1 5063320
1 9733182
1 7347371
1 6769124
1 8752406
1 7961869
1 2557111
1 5071749
1 1517663
1 6682352
1 9653612
1 3436900
1 7387264
1 9903318
1 6458181
1 8849787
1 3425449
1 9885447
1 7031040
1 4893102
1 3709806
1 2193593
1 8532975
1 877667
1 4999217
1 1852968
1 2612135
1 2149267
1 3282770
1 815106
1 2912241
1 7618504
1 5069820
1 3928863
1 6885561
1 4195541
1 6621449
1 5519395
1 15214
1 444587
1 6736433
1 5734759
1 1340981
1 1279390
1 2488994
1 7477682
1 7216817
1 7155992
1 2938688
1 5465571
1 4706596
1 1134797
1 9232763
1 3625007
1 1815556
1 7887626
1 2318
1 8236987
1 7580854
1 4487531
1 5219679
1 4681310
1 8412281
1 4819751
1 8653841
1 4196592
1 9113997
1 2455594
1 5360769
1 8106096
1 2188062
1 7098775
1 3773133
1 8661499
1 7384552
1 8112466
1 8888983
1 7518222
1 2917172
1 5099202
1 5012941
1 4554268
1 972235
1 9038761
1 9414589
1 7670073
1 5067173
1 5337495
1 3196520
1 5440787
1 7026453
1 9009647
1 4075244
1 7620973
1 1797727
1 1689105
1 8469366
1 458396
1 4538505
1 5197048
1 3542811
1 2622957
1 1642379
1 7510604
1 6153385
1 1308717
1 6581815
1 6586657
1 2727649
1 1774058
1 9776114
1 3473731
1 4587822
1 5901810
1 333994
1 7531604
1 1330137
1 2628786
1 7341555
1 6306840
1 1862528
1 8362479
1 5393171
1 4960933
1 8719289
1 7577628
1 558944
1 8197949
1 4807985
1 5460754
1 3197537
1 4743788
1 4394494
1 7238507
1 5614994
1 6836083
1 2093478
1 4842595
1 3543890
1 4052173
1 1152820
1 5996931
1 8902335
1 7604291
1 8037428
1 1108228
1 2573314
1 5900437
1 885926
1 8256797
1 9148860
1 8361898
1 2746307
1 8887163
1 9471562
1 8992840
1 7357312
1 3789785
1 4151197
1 8983038
1 3266883
1 8176107
1 9514599
1 2159120
1 1148123
1 4194968
1 3395879
1 4845630
1 2572407
1 5808414
1 8578346
1 792680
1 2811172
1 8014811
1 8637235
1 9886475
1 6083913
1 277361
1 8733611
1 5289670
1 5534975
1 7659426
1 3146101
1 3169901
1 7181532
1 576674
1 1572583
1 3148418
1 7742723
1 4074849
1 1039911
1 186886
1 9038267
1 4129810
1 6418075
1 7635547
1 9098563
1 3106365
1 2759128
1 2968080
1 4441367
1 4182104
1 7588908
1 6995110
1 5390038
1 5491156
1 112887
1 2689965
1 2916972
1 9585527
1 2853932
1 3272666
1 7960473
1 7441327
1 1695278
1 9245291
1 2561450
1 2553557
1 4233257
1 3369610
1 544960
1 9234384
1 7344129
1 9939595
1 3006492
1 8327484
1 5859827
1 5892505
1 217051
1 5191946
1 932146
1 6814591
1 1809046
1 2789162
1 9049298
1 8957974
1 8756813
1 3498889
1 4267930
1 9577807
1 5783416
1 9276146
1 9117438
1 3762331
1 4194181
1 5301116
1 6970741
1 1658145
1 3021130
1 2110477
1 6961055
1 4812256
1 3157418
1 7217002
1 6687873
1 1406230
1 7873952
1 6863288
1 4134611
1 2119233
1 9091101
1 3493550
1 2588769
1 1100364
1 9324077
1 6579382
1 9385300
1 9746097
1 5623483
1 7386611
1 2641207
1 292428
1 3359381
1 9600333
1 6742767
1 6452072
1 8000072
1 2146723
1 1843958
1 6263835
1 2421514
1 4639687
1 8420565
1 4088433
1 2419397
1 4940512
1 6001105
1 1488674
1 4200681
1 9025844
1 7741174
1 7167853
1 58529
1 5715283
1 1667741
1 1077381
1 6161767
1 7812904
1 3563315
1 4873249
1 4448261
1 2524188
1 424837
1 6236179
1 9979926
1 2835223
1 4465554
1 3213210
1 2376645
1 7369833
1 743906
1 6127843
1 1628182
1 8838957
1 3564479
1 208185
1 2726677
1 1438397
1 3663174
1 5491392
1 658653
1 6464843
1 368150
1 7738642
1 9861613
1 5856064
1 1999612
1 8465980
1 6736668
1 6388266
1 7280530
1 2923274
1 4402597
1 236931
1 9080813
1 377991
1 2164259
1 3643835
1 2551515
1 4364937
1 726121
1 1289767
1 8199732
1 1330130
1 3243407
1 2712984
1 7104447
1 3811089
1 570094
1 5041390
1 2353577
1 2163893
1 4322580
1 4126893
1 8069248
1 4602840
1 6874753
1 2904541
1 9132904
1 4901206
1 7224778
1 3403844
1 6783369
1 1428153
1 394780
1 2799965
1 9585861
1 2684853
1 6405567
1 7164040
1 8720203
1 7984428
1 9104411
1 5137714
1 1583461
1 7748748
1 6480499
1 5582095
1 5401108
1 6675456
1 7946154
1 2951251
1 1126097
1 4222115
1 811289
1 4136858
1 5924968
1 8266601
1 7529188
1 1086738
1 3567788
1 7874144
1 1984360
1 6103762
1 1423554
1 4672777
1 2131532
1 8803681
1 2115804
1 6678398
1 397058
1 2281358
1 3891556
1 7253616
1 559216
1 3989596
1 6765232
1 9052667
1 255775
1 5426383
1 5508910
1 9517063
1 2419225
1 6470128
1 7567020
1 6446617
1 1719540
1 545991
1 5334993
1 7596761
1 7517733
1 5440807
1 7488689
1 4456965
1 4634832
1 628438
1 2237094
1 4638895
1 747296
1 8442473
1 3930630
1 8456992
1 6363481
1 1936440
1 5766020
1 3305494
1 8393353
1 5715699
1 6483779
1 8978495
1 3516383
1 4141205
1 7357961
1 968713
1 3618519
1 8211102
1 2901355
1 3974456
1 274584
1 1156216
1 1614181
1 5718709
1 1083625
1 9488049
1 6291990
1 7881461
1 7415875
1 3432484
1 2141105
1 3078112
1 2943719
1 9558071
1 6130340
1 8580710
1 8287800
1 6313839
1 4924737
1 3519715
1 5452663
1 2796613
1 7198922
1 2918246
1 5843903
1 9194113
1 9333328
1 5252493
1 1456142
1 8970722
1 7830566
1 7307445
1 9844227
1 3618487
1 6723533
1 4487181
1 717150
1 3488828
1 4050375
1 853409
1 1517988
1 191471
1 2974907
1 7908140
1 3633285
1 4568603
1 6487561
1 7929873
1 4002009
1 7128616
1 5452700
1 71087
1 169086
1 5647420
1 2270819
1 7202045
1 7288120
1 7148820
1 1280797
1 7808108
1 5031934
1 8644826
1 7786358
1 1208098
1 5565152
1 7249045
1 1984603
1 8074055
1 9741459
1 692817
1 9876024
1 367206
1 1718774
1 4572923
1 6291822
1 231323
1 76454
1 4966
1 6896553
1 3479147
1 6995658
1 1100499
1 1905376
1 7484496
1 6679223
1 6778944
1 8858965
1 7165293
1 4929068
1 172149
1 713725
1 6185051
1 1783208
1 3433295
1 5653956
1 484435
1 1734881
1 3051771
1 8710498
1 5978691
1 3191720
1 3272018
1 3242259
1 6454596
1 7737426
1 1842347
1 1319480
1 1955865
1 4281241
1 2179958
1 158580
1 2127331
1 5273865
1 8272900
1 5696378
1 1877072
1 1192382
1 2445689
1 1028066
1 4288190
1 1123743
1 5161921
1 4894491
1 5926577
1 4089818
1 5620415
1 689597
1 3125
1 1918297
1 5353088
1 2552865
1 4185985
1 8125655
1 1050242
1 3649318
1 4979576
1 6696414
1 5272109
1 2498851
1 6816226
1 1793561
1 2555901
1 5734406
1 1956310
1 7873141
1 2443568
1 409201
1 3743083
1 3389008
1 807649
1 1303749
1 5997969
1 2243974
1 3327842
1 797900
1 4961473
1 2538795
1 4635241
1 9775016
1 8641239
1 4816692
1 6555514
1 1410069
1 8662723
1 3319720
1 3068513
1 7093085
1 6833001
1 9284689
1 5550152
1 3031857
1 2668774
1 85389
1 8256526
1 9324592
1 9849291
1 7052799
1 4798473
1 4390485
1 8069252
1 8202230
1 6174069
1 6931253
1 2771577
1 7866030
1 5008892
1 7405657
1 7571335
1 5872970
1 4405079
1 5741609
1 2020879
1 3528455
1 3245281
1 5423818
1 9905210
1 2565291
1 5201523
1 6274697
1 8788178
1 8768493
1 5479038
1 1826766
1 9854912
1 4569557
1 73899
1 1065983
1 6793741
1 6558273
1 4229676
1 9507765
1 1445725
1 3954096
1 8321827
1 270311
1 4230874
1 3584249
1 565918
1 7120105
1 8024457
1 5686950
1 8053672
1 7119154
1 5827806
1 2156866
1 3103654
1 8320692
1 3931475
1 729031
1 433371
1 2787193
1 5964248
1 5098305
1 1450218
1 4434515
1 3479071
1 4351838
1 9928355
1 437467
1 5363702
1 9143127
1 8007872
1 3633823
1 3266996
1 4287054
1 6033379
1 7908173
1 5796703
1 2403924
1 8011587
1 5349025
1 4751972
1 7364450
1 9991658
1 3150692
1 1009634
1 8419869
1 8525138
1 2787966
1 3030392
1 8943901
1 7839015
1 4170273
1 3117855
1 8973894
1 9742552
1 3457192
1 2209940
1 5539529
1 2006457
1 1304889
1 3934092
1 5995551
1 4000832
1 3257023
1 5089112
1 5499873
1 6898262
1 9426492
1 7514876
1 3858528
1 1693582
1 8532962
1 6075524
1 1735794
1 5499229
1 1268002
1 104311
1 3178121
1 3983643
1 4355782
1 1032587
1 8412505
1 3346148
1 9183494
1 1841631
1 6796054
1 2876737
1 3514814
1 5322574
1 7091411
1 5865456
1 5675250
1 1170585
1 1830921
1 9593931
1 4104809
1 5004998
1 8363296
1 4490956
1 7035121
1 9069402
1 6110192
1 2028725
1 9422505
1 7145562
1 2727451
1 3912597
1 6894935
1 2278071
1 9641888
1 3045036
1 8344122
1 9858382
1 4692411
1 4820327
1 1563203
1 5809848
1 5570127
1 1921026
1 6315372
1 2255548
1 7126791
1 1166160
1 8797000
1 7167219
1 5512204
1 9422822
1 1517326
1 8258433
1 3990093
1 7373279
1 3757634
1 2138093
1 5410750
1 142055
1 4868063
1 9820868
1 2787482
1 8005782
1 1387578
1 6309907
1 8023328
1 5332172
1 7954369
1 1925592
1 7384293
1 7931266
1 3464148
1 5880816
1 761868
1 4046438
1 3297823
1 2009766
1 984814
1 5008817
1 7723382
1 5766880
1 6754995
1 8296546
1 1369770
1 4429378
1 2265776
1 5435892
1 5955877
1 8254048
1 6086966
1 9657836
1 2868592
1 3740110
1 6886820
1 9558437
1 3230935
1 9944306
1 4914800
1 5784486
1 3095209
1 1360366
1 1093000
1 470517
1 4927223
1 1384655
1 6428923
1 6232219
1 8622894
1 7556313
1 8137565
1 9930572
1 1366737
1 250310
1 471510
1 5395806
1 3907162
1 5455314
1 7246976
1 6484613
1 5134909
1 9117481
1 1727312
1 890379
1 3334411
1 9437874
1 4076667
1 1229811
1 5672763
1 4462132
1 9551298
1 6424465
1 6870896
1 7490160
1 4686134
1 6082659
1 5521213
1 382241
1 7746379
1 1050182
1 8693050
1 6630654
1 5777048
1 2344396
1 7108317
1 7315914
1 3774942
1 346008
1 9391459
1 6187390
1 2417929
1 8053459
1 2237256
1 2338782
1 2515570
1 135769
1 6833399
1 1660896
1 5004864
1 4384050
1 7967086
1 9305558
1 5113507
1 4286093
1 7367664
1 495230
1 4610997
1 1186308
1 5541612
1 2258331
1 1736765
1 2280330
1 9751920
1 9115862
1 7844845
1 862192
1 916266
1 9587168
1 2859148
1 2257140
1 5810321
1 8084561
1 7513555
1 5749891
1 3903981
1 9315864
1 2472
1 2702924
1 1841299
1 9762782
1 6783350
1 5567470
1 83837
1 9980970
1 9492529
1 3672077
1 9505507
1 5426661
1 8429851
1 5723310
1 2812385
1 5646971
1 2437560
1 4894853
1 2199213
1 527832
1 5465988
1 4628982
1 4273031
1 4961342
1 351183
1 8687781
1 1115863
1 4131668
1 2587690
1 9323548
1 7169656
1 3082523
1 449131
1 9883765
1 7671945
1 2578012
1 7664031
1 2830403
1 2834870
1 7986497
1 1121749
1 8878054
1 7581034
1 2950392
1 8313081
1 8172576
1 9070669
1 9772443
1 1732369
1 9341965
1 205791
1 533571
1 9720659
1 6095157
1 9692841
1 2155998
1 4862052
1 2369301
1 9977910
1 3074436
1 2638096
1 3254219
1 8219301
1 6850402
1 4995915
1 5220160
1 5234613
1 4068779
1 9477465
1 5916020
1 3834155
1 9885785
1 1961731
1 6240746
1 235730
1 5893818
1 3180167
1 1703530
1 7399149
1 8983924
1 4145946
1 6660210
1 1020377
1 6736929
1 6537781
1 6470041
1 9338598
1 8982830
1 1696707
1 7667518
1 1633906
1 5362387
1 8129590
1 3717594
1 7566439
1 3084858
1 3029355
1 9861487
1 6093321
1 5561319
1 4329304
1 4412997
1 6383648
1 9825754
1 3890656
1 7150573
1 6046205
1 3715417
1 46253
1 5470564
1 6313642
1 5142231
1 6179877
1 6145376
1 1183604
1 7980319
1 6116092
1 1955964
1 5261081
1 2539290
1 2484528
1 9915073
1 2946054
1 7637844
1 9898669
1 1081912
1 5855795
1 7558747
1 5814338
1 4119355
1 7019399
1 8735398
1 3923178
1 540129
1 6182915
1 8291117
1 4422631
1 8387587
1 9897863
1 3384778
1 8372630
1 1431082
1 3472225
1 6106085
1 1500735
1 6594815
1 1189577
1 7296026
1 7639115
1 4507064
1 6636385
1 1124017
1 2663977
1 5711172
1 3728687
1 1100175
1 9779215
1 2022847
1 2681712
1 8476974
1 1842683
1 8106357
1 950124
1 2122759
1 2659678
1 5617520
1 3347879
1 3393909
1 8164860
1 8289254
1 1111337
1 4930610
1 4667857
1 1337572
1 2067771
1 2320153
1 1320912
1 2395470
1 2611670
1 1287948
1 5418054
1 1079871
1 9387228
1 4934809
1 4960513
1 7120941
1 237311
1 8365221
1 1622959
1 4878596
1 1707591
1 8171165
1 1767075
1 1918098
1 9228839
1 3434652
1 4034231
1 6794751
1 3036774
1 1668702
1 5317753
1 3738673
1 3341687
1 8574950
1 8006539
1 6458311
1 8034884
1 2586021
1 3004082
1 298607
1 6768565
1 6316710
1 9265417
1 3866736
1 803388
1 2285714
1 2101674
1 9005345
1 9249979
1 3022448
1 5542570
1 8901583
1 8902455
1 3549316
1 7561170
1 297503
1 4828907
1 9087965
1 9168636
1 3991954
1 2595187
1 1929606
1 9454988
1 6913536
1 3742841
1 8292696
1 9108477
1 2470039
1 972249
1 3301666
1 6124327
1 1572994
1 5955620
1 7508852
1 8668436
1 4534548
1 8132636
1 1962891
1 5489395
1 4955542
1 7456355
1 9295945
1 3703945
1 6745380
1 100021
1 751392
1 5130844
1 5419316
1 1846228
1 7637574
1 5188808
1 6281057
1 2736066
1 8733561
1 7229848
1 2126155
1 2973210
1 7081891
1 2737776
1 857210
1 1474172
1 6553422
1 1957434
1 211316
1 2679654
1 6531471
1 4846228
1 491607
1 1359470
1 6269153
1 5251939
1 7491114
1 9404848
1 2184140
1 453795
1 4716515
1 767553
1 6204167
1 9743714
1 5053360
1 2489386
1 4199080
1 2601338
1 8296915
1 7238799
1 3124318
1 9600054
1 2536863
1 4547762
1 7766920
1 93891
1 8229267
1 8188739
1 7961911
1 38280
1 8383114
1 6568655
1 4977828
1 2524036
1 8456076
1 9520102
1 1835898
1 3001455
1 2261812
1 4271834
1 7579862
1 133217
1 1517802
1 7420565
1 9479126
1 6940240
1 7612450
1 7126550
1 4880261
1 2989159
1 1587327
1 154263
1 8179675
1 9586995
1 3525592
1 9307606
1 5924697
1 216179
1 2999572
1 4059748
1 5203050
1 4126848
1 6615626
1 8660863
1 4526320
1 282006
1 2763506
1 780458
1 2909630
1 6068005
1 2456472
1 6167761
1 1332579
1 8095239
1 2409920
1 8322550
1 6694697
1 3660824
1 2765104
1 5219634
1 9594241
1 3392314
1 8101236
1 2587532
1 3188777
1 5904030
1 8034967
1 4740132
1 5612210
1 9241353
1 5999106
1 8828464
1 9573901
1 3868681
1 9897159
1 2574683
1 9006364
1 12196
1 34213
1 3148534
1 7077468
1 582818
1 907244
1 375014
1 4818208
1 6772573
1 6882280
1 7784485
1 818749
1 4141687
1 6863827
1 7892910
1 9121047
1 7690600
1 8736831
1 6990218
1 6119435
